#{"t_start": 1769038656.702964, "env_id": "None"}
r,l,t
-103.0,4,5.938037
-145.0,46,7.920437
-600.0,600,33.845906
-600.0,600,33.845971
-600.0,600,33.845983
-600.0,600,33.845991
-600.0,600,33.846001
-600.0,600,33.846009
-600.0,600,34.774052
-105.0,6,35.05246
-600.0,600,39.701613
-171.0,72,42.577123
-600.0,600,107.069772
-600.0,600,107.069839
-600.0,600,107.069861
-600.0,600,107.069871
-600.0,600,107.561225
-600.0,600,107.786336
-600.0,600,112.607033
-600.0,600,115.691163
-175.0,76,116.188342
-600.0,600,179.573887
-600.0,600,179.573955
-600.0,600,179.57397
-600.0,600,180.134505
-600.0,600,180.440568
-600.0,600,185.251457
-600.0,600,188.614231
-600.0,600,189.12235
-137.0,38,193.32381
-266.0,167,200.460302
-243.0,144,206.702878
-600.0,600,252.852587
-600.0,600,252.852674
-600.0,600,253.383848
-600.0,600,253.673867
-600.0,600,258.698291
-600.0,600,266.589138
-600.0,600,273.964836
-600.0,600,280.269967
-358.0,259,285.404141
-600.0,600,326.575526
-600.0,600,326.575584
-600.0,600,327.248325
-600.0,600,331.937217
-155.0,56,333.836963
-600.0,600,339.783991
-600.0,600,346.70522
-600.0,600,352.819043
-353.0,254,357.037891
-600.0,600,358.146754
-350.0,251,362.348847
-283.0,184,379.099993
-600.0,600,398.249001
-111.0,12,399.727503
-434.0,335,402.152166
-600.0,600,405.828488
-166.0,67,407.785976
-569.0,470,409.042029
-600.0,600,411.41836
-600.0,600,418.614778
-256.0,157,424.775897
-600.0,600,429.837963
-191.0,92,435.507864
-600.0,600,451.365654
-600.0,600,474.871471
-600.0,600,480.323629
-600.0,600,481.618669
-600.0,600,484.118428
-521.0,422,486.94343
-600.0,600,491.238883
-600.0,600,502.77266
-141.0,42,507.775757
-600.0,600,524.529101
-600.0,600,548.313997
-600.0,600,554.159871
-600.0,600,555.651974
-600.0,600,558.2637
-600.0,600,560.910941
-600.0,600,564.81103
-283.0,184,751.737893
-600.0,600,755.40406
-336.0,237,760.578615
-600.0,600,770.974107
-343.0,244,780.338418
-600.0,600,793.95104
-600.0,600,799.433875
-600.0,600,805.944613
-600.0,600,809.929267
-590.0,491,818.563764
-600.0,600,826.66681
-600.0,600,842.365368
-600.0,600,851.961137
-600.0,600,865.683672
-600.0,600,871.167251
-600.0,600,877.68247
-600.0,600,881.87895
-600.0,600,890.121856
-229.0,130,897.186865
-600.0,600,898.206557
-600.0,600,914.05793
-286.0,187,919.585498
-600.0,600,923.533685
-600.0,600,937.142592
-600.0,600,942.685098
-600.0,600,949.050835
-600.0,600,961.507679
-257.0,158,968.007926
-600.0,600,969.74026
-600.0,600,985.469879
-600.0,600,991.451715
-600.0,600,995.567947
-115.0,16,997.453937
-600.0,600,1009.154855
-600.0,600,1015.028415
-600.0,600,1034.138042
-696.0,597,1039.890008
-600.0,600,1041.939931
-600.0,600,1058.094882
-600.0,600,1063.611477
-600.0,600,1069.843464
-600.0,600,1081.311225
-600.0,600,1086.928242
-600.0,600,1106.270492
-600.0,600,1112.110195
-600.0,600,1114.108228
-600.0,600,1130.130477
-600.0,600,1135.730169
-600.0,600,1141.963843
-600.0,600,1154.252096
-600.0,600,1160.197726
-600.0,600,1179.010102
-314.0,215,1180.035827
-600.0,600,1185.310467
-600.0,600,1187.349225
-600.0,600,1202.970577
-600.0,600,1208.699002
-600.0,600,1214.604525
-600.0,600,1232.740052
-685.0,586,1250.532329
-107.0,8,1251.628234
-600.0,600,1253.504852
-600.0,600,1258.32601
-600.0,600,1260.322426
-156.0,57,1265.206073
-187.0,88,1276.187509
-600.0,600,1276.745629
-600.0,600,1282.243496
-600.0,600,1288.81337
-600.0,600,1306.855045
-600.0,600,1326.061729
-600.0,600,1327.879526
-600.0,600,1335.068054
-600.0,600,1544.641722
-600.0,600,1545.270719
-600.0,600,1550.553579
-600.0,600,1556.417708
-345.0,246,1558.210413
-600.0,600,1572.785204
-600.0,600,1590.970586
-600.0,600,1592.785406
-600.0,600,1614.577902
-600.0,600,1615.176145
-600.0,600,1620.426474
-367.0,268,1624.123797
-600.0,600,1626.404414
-600.0,600,1628.32322
-249.0,150,1631.933573
-600.0,600,1643.192525
-600.0,600,1661.380917
-600.0,600,1685.759987
-600.0,600,1691.485753
-600.0,600,1695.168111
-600.0,600,1697.412694
-600.0,600,1699.510613
-600.0,600,1703.303519
-467.0,368,1705.245055
-600.0,600,1714.341513
-600.0,600,1757.151146
-600.0,600,1762.638196
-600.0,600,1766.386409
-600.0,600,1768.627409
-600.0,600,1770.698472
-600.0,600,1774.312888
-600.0,600,1776.187838
-600.0,600,1785.901165
-600.0,600,1829.369214
-600.0,600,1834.782273
-600.0,600,1838.414438
-600.0,600,1840.714689
-600.0,600,1842.820731
-600.0,600,1846.643408
-600.0,600,1848.650891
-600.0,600,1858.069552
-600.0,600,1900.494112
-139.0,40,1905.348745
-600.0,600,1906.039726
-600.0,600,1909.770323
-600.0,600,1912.04959
-600.0,600,1914.058157
-600.0,600,1917.805594
-600.0,600,1919.724567
-170.0,171,1925.465519
-600.0,600,1928.938208
-600.0,600,1977.562272
-600.0,600,1981.066415
-600.0,600,1983.139887
-600.0,600,1985.05414
-653.0,554,1985.439004
-600.0,600,1989.014096
-600.0,600,1996.927427
-600.0,600,2000.577958
-600.0,600,2049.449592
-600.0,600,2053.210972
-600.0,600,2055.575562
-600.0,600,2057.700894
-600.0,600,2058.061386
-600.0,600,2061.482157
-600.0,600,2069.552454
-600.0,600,2073.022608
-600.0,600,2121.761232
-600.0,600,2125.371872
-600.0,600,2127.594633
-600.0,600,2129.619462
-600.0,600,2130.005445
-48.0,49,2131.202826
-600.0,600,2133.555824
-600.0,600,2333.456453
-600.0,600,2336.886932
-600.0,600,2384.090888
-600.0,600,2389.846119
-600.0,600,2391.808771
-600.0,600,2392.208499
-600.0,600,2393.366655
-600.0,600,2395.579751
-639.0,540,2396.308638
-600.0,600,2406.759794
-634.0,535,2446.895196
-600.0,600,2460.603449
-600.0,600,2462.642489
-600.0,600,2462.978358
-600.0,600,2464.214061
-600.0,600,2466.517772
-600.0,600,2467.239603
-93.0,94,2475.14662
-177.0,78,2476.213242
-600.0,600,2477.644311
-165.0,66,2484.088495
-600.0,600,2517.705927
-600.0,600,2531.283268
-600.0,600,2533.251799
-600.0,600,2533.595984
-600.0,600,2537.241607
-600.0,600,2546.342876
-600.0,600,2548.88946
-600.0,600,2555.423045
-584.0,485,2575.682554
-626.0,527,2596.538345
-529.0,430,2597.379423
-545.0,446,2601.851918
-600.0,600,2602.972454
-600.0,600,2604.947857
-600.0,600,2608.633607
-416.0,317,2613.215534
-106.0,7,2614.08086
-234.0,135,2625.12554
-334.0,235,2625.701919
-600.0,600,2626.921244
-196.0,97,2637.342378
-242.0,143,2654.260021
-435.0,336,2654.42139
-600.0,600,2668.365261
-260.0,161,2673.658177
-600.0,600,2673.805527
-600.0,600,2674.903427
-600.0,600,2676.939604
-566.0,467,2681.140198
-226.0,127,2696.076335
-306.0,207,2698.388987
-600.0,600,2698.498471
-359.0,260,2705.123785
-406.0,307,2705.635452
-208.0,109,2709.374098
-600.0,600,2726.728977
-406.0,307,2741.873101
-600.0,600,2746.65119
-423.0,324,2747.966807
-600.0,600,2748.771254
-585.0,486,2756.672713
-423.0,324,2764.966284
-304.0,205,2766.344304
-600.0,600,2770.21155
-600.0,600,2776.211286
-600.0,600,2818.880434
-600.0,600,2820.279919
-600.0,600,2820.95908
-600.0,600,2828.955745
-600.0,600,2837.463596
-600.0,600,2838.850089
-600.0,600,2842.51193
-600.0,600,2848.438656
-254.0,155,2867.547232
-251.0,152,2885.734045
-600.0,600,2891.06941
-600.0,600,2892.387647
-600.0,600,2893.063528
-153.0,54,2899.569804
-600.0,600,2901.356894
-224.0,125,2907.266404
-600.0,600,2909.425363
-600.0,600,2910.899772
-600.0,600,2914.656669
-382.0,283,3118.221422
-270.0,171,3122.866851
-316.0,217,3129.395287
-238.0,139,3139.064282
-385.0,286,3141.470049
-600.0,600,3149.627533
-600.0,600,3162.857871
-600.0,600,3164.518442
-600.0,600,3170.464993
-358.0,259,3179.981307
-134.0,35,3184.127325
-600.0,600,3187.896298
-600.0,600,3199.660672
-600.0,600,3209.028327
-600.0,600,3211.248834
-600.0,600,3233.079899
-600.0,600,3234.633642
-362.0,263,3239.730545
-575.0,476,3239.730605
-600.0,600,3240.888698
-600.0,600,3258.353887
-600.0,600,3270.031226
-600.0,600,3281.705271
-523.0,424,3282.986564
-600.0,600,3305.851206
-600.0,600,3310.87851
-600.0,600,3310.87857
-600.0,600,3311.932591
-598.0,499,3317.528016
-182.0,83,3327.770255
-600.0,600,3341.727841
-417.0,318,3350.433757
-600.0,600,3354.048028
-600.0,600,3355.334786
-600.0,600,3377.710962
-600.0,600,3382.674775
-600.0,600,3382.674845
-600.0,600,3399.166403
-600.0,600,3413.362566
-600.0,600,3421.698837
-600.0,600,3425.304216
-600.0,600,3426.591793
-600.0,600,3449.266497
-600.0,600,3454.258088
-600.0,600,3454.258144
-600.0,600,3471.202602
-600.0,600,3485.496499
-600.0,600,3493.845322
-600.0,600,3497.526587
-600.0,600,3498.833084
-600.0,600,3521.653501
-600.0,600,3527.192418
-600.0,600,3527.192479
-600.0,600,3543.40361
-600.0,600,3557.876094
-600.0,600,3566.074215
-600.0,600,3569.485476
-600.0,600,3570.713069
-600.0,600,3593.494255
-600.0,600,3598.310127
-600.0,600,3598.310201
-600.0,600,3615.005169
-600.0,600,3629.069364
-600.0,600,3637.688726
-600.0,600,3641.166576
-600.0,600,3642.467035
-318.0,219,3663.425478
-600.0,600,3664.825114
-693.0,594,3669.159589
-600.0,600,3669.84915
-600.0,600,3686.552732
-600.0,600,3700.566091
-600.0,600,3903.192457
-600.0,600,3904.501148
-600.0,600,3924.490812
-600.0,600,3925.866654
-600.0,600,3930.245083
-600.0,600,3930.993922
-600.0,600,3947.021619
-600.0,600,3960.786069
-600.0,600,3972.569336
-600.0,600,3973.82995
-600.0,600,3994.762603
-600.0,600,3996.193229
-600.0,600,4000.373014
-600.0,600,4001.058047
-600.0,600,4017.336408
-600.0,600,4031.119433
-600.0,600,4043.53945
-600.0,600,4044.819705
-600.0,600,4065.890945
-600.0,600,4067.259485
-600.0,600,4071.374019
-600.0,600,4072.043876
-600.0,600,4088.323831
-600.0,600,4102.096267
-129.0,30,4105.793582
-164.0,65,4113.393878
-600.0,600,4114.126105
-600.0,600,4115.386596
-600.0,600,4136.444818
-600.0,600,4137.842205
-600.0,600,4142.321117
-600.0,600,4143.04097
-189.0,90,4147.176393
-600.0,600,4159.206452
-359.0,260,4173.226805
-600.0,600,4184.586359
-600.0,600,4185.268476
-600.0,600,4186.756942
-600.0,600,4209.449602
-600.0,600,4214.738952
-600.0,600,4219.033492
-160.0,61,4221.989783
-106.0,7,4222.844287
-600.0,600,4231.266489
-535.0,436,4237.084889
-600.0,600,4244.931297
-600.0,600,4257.753241
-600.0,600,4259.14975
-153.0,54,4264.317981
-600.0,600,4282.088041
-600.0,600,4291.947323
-600.0,600,4295.925172
-600.0,600,4304.538883
-600.0,600,4310.782916
-600.0,600,4318.853517
-600.0,600,4332.741238
-600.0,600,4338.164973
-600.0,600,4356.263944
-600.0,600,4365.776287
-600.0,600,4369.546018
-540.0,541,4376.719918
-600.0,600,4377.831922
-600.0,600,4392.162258
-600.0,600,4406.220204
-600.0,600,4411.690059
-600.0,600,4429.590735
-600.0,600,4439.273086
-600.0,600,4443.291973
-600.0,600,4450.735718
-600.0,600,4451.998437
-600.0,600,4466.283265
-600.0,600,4480.629463
-600.0,600,4485.975745
-600.0,600,4699.339508
-600.0,600,4708.564865
-600.0,600,4712.328588
-600.0,600,4719.54083
-600.0,600,4720.736013
-600.0,600,4734.545969
-600.0,600,4748.135599
-600.0,600,4753.072453
-600.0,600,4770.988612
-600.0,600,4780.588417
-600.0,600,4784.590177
-600.0,600,4791.840098
-600.0,600,4793.024865
-600.0,600,4807.47669
-600.0,600,4821.158858
-600.0,600,4826.392251
-600.0,600,4844.731266
-600.0,600,4854.539237
-600.0,600,4858.482784
-600.0,600,4865.533488
-600.0,600,4866.744379
-204.0,105,4867.118531
-175.0,76,4874.8131
-600.0,600,4881.272007
-600.0,600,4895.517391
-600.0,600,4901.091973
-600.0,600,4919.347383
-600.0,600,4932.725259
-600.0,600,4941.35568
-600.0,600,4941.708383
-600.0,600,4949.703634
-600.0,600,4955.839766
-600.0,600,4969.634151
-600.0,600,4974.781723
-272.0,173,4976.968765
-600.0,600,4992.863451
-476.0,477,5000.314714
-600.0,600,5006.418188
-600.0,600,5015.079666
-600.0,600,5023.259615
-600.0,600,5043.76833
-600.0,600,5048.907017
-600.0,600,5050.820816
-600.0,600,5066.500581
-600.0,600,5074.030299
-377.0,278,5077.423453
-600.0,600,5080.220939
-600.0,600,5088.83226
-600.0,600,5097.011523
-600.0,600,5122.391017
-600.0,600,5124.31613
-334.0,235,5125.936631
-600.0,600,5140.876928
-219.0,120,5141.007145
-600.0,600,5148.273545
-600.0,600,5151.820557
-600.0,600,5154.602725
-600.0,600,5163.443341
-287.0,188,5164.431064
-306.0,207,5173.776278
-141.0,42,5178.962151
-600.0,600,5196.977454
-600.0,600,5198.984642
-600.0,600,5215.440905
-600.0,600,5226.02351
-600.0,600,5228.735476
-160.0,61,5233.939367
-600.0,600,5237.740112
-600.0,600,5238.656476
-600.0,600,5253.871241
-600.0,600,5271.962821
-600.0,600,5273.948628
-411.0,312,5277.899531
-600.0,600,5290.933528
-600.0,600,5303.827245
-600.0,600,5308.811455
-600.0,600,5312.559802
-600.0,600,5520.343518
-600.0,600,5537.780977
-600.0,600,5539.832558
-600.0,600,5543.434239
-600.0,600,5555.621483
-600.0,600,5568.866282
-600.0,600,5573.617864
-600.0,600,5577.404919
-600.0,600,5593.749423
-600.0,600,5610.983725
-600.0,600,5612.854047
-600.0,600,5616.661935
-433.0,334,5618.383876
-126.0,27,5619.933669
-600.0,600,5629.083781
-600.0,600,5642.087176
-600.0,600,5647.068957
-167.0,68,5655.312931
-600.0,600,5666.487103
-600.0,600,5683.774592
-600.0,600,5685.741911
-600.0,600,5691.312749
-600.0,600,5692.823637
-600.0,600,5702.234604
-600.0,600,5715.886069
-600.0,600,5729.486997
-490.0,391,5732.902402
-600.0,600,5740.717463
-600.0,600,5760.417579
-600.0,600,5766.249267
-600.0,600,5768.043476
-600.0,600,5777.066476
-431.0,332,5781.981931
-600.0,600,5790.47861
-600.0,600,5803.420375
-600.0,600,5807.105902
-600.0,600,5835.24442
-600.0,600,5840.774929
-600.0,600,5842.385049
-600.0,600,5851.649188
-600.0,600,5856.734615
-317.0,218,5862.588479
-600.0,600,5865.407688
-600.0,600,5878.379648
-600.0,600,5881.636348
-600.0,600,5915.599285
-600.0,600,5917.320602
-32.0,33,5921.366848
-600.0,600,5926.450485
-600.0,600,5931.359173
-600.0,600,5937.15889
-600.0,600,5939.914653
-600.0,600,5952.748122
-600.0,600,5955.982188
-600.0,600,5988.726468
-600.0,600,5994.791348
-600.0,600,6000.150624
-600.0,600,6004.825844
-600.0,600,6010.383307
-600.0,600,6013.134291
-600.0,600,6026.894344
-600.0,600,6030.103203
-600.0,600,6063.357717
-600.0,600,6068.71972
-600.0,600,6073.878013
-600.0,600,6078.96361
-600.0,600,6084.449099
-600.0,600,6087.259871
-600.0,600,6100.246214
-600.0,600,6103.61389
-324.0,225,6114.858792
-600.0,600,6330.290411
-600.0,600,6335.708129
-600.0,600,6340.695793
-600.0,600,6345.548187
-600.0,600,6351.015715
-285.0,186,6352.632756
-600.0,600,6366.83631
-292.0,193,6368.85187
-600.0,600,6370.054821
-600.0,600,6380.577437
-195.0,196,6391.794935
-600.0,600,6407.359533
-600.0,600,6412.286721
-600.0,600,6422.264134
-600.0,600,6423.726471
-124.0,25,6425.164083
-520.0,421,6430.684097
-600.0,600,6437.775932
-212.0,113,6438.70293
-600.0,600,6440.984224
-600.0,600,6463.764974
-198.0,99,6475.974379
-600.0,600,6479.844113
-137.0,38,6480.683412
-600.0,600,6484.877375
-142.0,43,6485.12906
-148.0,49,6486.845114
-600.0,600,6497.563342
-600.0,600,6504.163329
-600.0,600,6511.596523
-600.0,600,6512.532812
-600.0,600,6514.704406
-130.0,31,6516.202492
-144.0,45,6520.473337
-439.0,340,6527.015063
-277.0,178,6533.526742
-600.0,600,6558.78223
-600.0,600,6560.465925
-600.0,600,6570.642858
-600.0,600,6577.820672
-180.0,81,6580.702422
-600.0,600,6589.847736
-600.0,600,6593.872769
-600.0,600,6600.281147
-600.0,600,6606.414976
-127.0,28,6609.89459
-240.0,141,6617.287155
-600.0,600,6631.677024
-600.0,600,6633.395823
-605.0,506,6642.14738
-600.0,600,6650.31615
-600.0,600,6662.902484
-600.0,600,6666.783248
-361.0,262,6682.459483
-600.0,600,6683.136693
-600.0,600,6690.749063
-600.0,600,6704.818417
-600.0,600,6706.574873
-600.0,600,6715.136405
-600.0,600,6736.320944
-600.0,600,6740.443799
-600.0,600,6756.393731
-600.0,600,6756.992585
-600.0,600,6764.606429
-600.0,600,6779.180626
-600.0,600,6780.982904
-600.0,600,6789.805699
-600.0,600,6810.400465
-600.0,600,6814.557626
-600.0,600,6830.392766
-600.0,600,6830.989938
-600.0,600,6838.569169
-600.0,600,6852.836658
-600.0,600,6854.697217
-130.0,31,6856.627282
-600.0,600,6863.298433
-186.0,87,6865.21334
-675.0,576,6881.143866
-600.0,600,6888.134987
-194.0,95,6899.940269
-600.0,600,6904.158703
-600.0,600,6904.742716
-600.0,600,6912.445339
-566.0,467,6914.354529
-206.0,107,7121.087576
-600.0,600,7130.542486
-600.0,600,7132.326872
-600.0,600,7148.028875
-563.0,464,7154.678176
-156.0,57,7161.563504
-600.0,600,7166.286746
-600.0,600,7170.226481
-600.0,600,7178.258798
-600.0,600,7192.873705
-366.0,267,7193.452682
-600.0,600,7202.580601
-600.0,600,7204.567227
-600.0,600,7220.223002
-395.0,296,7228.605638
-600.0,600,7238.741409
-600.0,600,7242.985313
-600.0,600,7251.266593
-600.0,600,7267.170254
-600.0,600,7276.349768
-600.0,600,7278.447665
-123.0,24,7281.377468
-449.0,350,7286.316219
-125.0,26,7289.417919
-600.0,600,7293.830472
-600.0,600,7302.238952
-600.0,600,7312.49831
-654.0,555,7319.029902
-302.0,203,7326.853025
-537.0,438,7329.322569
-200.0,101,7339.194691
-600.0,600,7339.781958
-182.0,83,7349.275077
-600.0,600,7353.956911
-216.0,117,7354.073774
-600.0,600,7361.970766
-600.0,600,7366.399601
-205.0,106,7366.635465
-600.0,600,7385.290853
-273.0,174,7388.153168
-600.0,600,7392.017311
-600.0,600,7402.457844
-139.0,140,7409.32698
-600.0,600,7422.663654
-600.0,600,7427.300723
-251.0,152,7427.746906
-600.0,600,7435.328445
-600.0,600,7440.363995
-600.0,600,7458.875371
-600.0,600,7461.637594
-367.0,268,7468.476068
-377.0,378,7473.750142
-600.0,600,7476.114565
-600.0,600,7496.177376
-314.0,215,7499.879137
-600.0,600,7501.244269
-224.0,125,7511.144925
-600.0,600,7513.796312
-166.0,67,7519.458565
-600.0,600,7532.498817
-600.0,600,7535.170823
-600.0,600,7541.996023
-112.0,13,7543.702077
-600.0,600,7549.661908
-600.0,600,7574.124796
-600.0,600,7575.438597
-600.0,600,7588.033547
-600.0,600,7593.786846
-600.0,600,7606.503766
-600.0,600,7609.087012
-600.0,600,7617.426028
-37.0,38,7622.10484
-600.0,600,7623.489983
-600.0,600,7647.109035
-600.0,600,7648.4604
-600.0,600,7661.54934
-600.0,600,7667.29245
-600.0,600,7680.125128
-600.0,600,7682.985729
-163.0,64,7690.743434
-600.0,600,7696.091304
-600.0,600,7697.500688
-278.0,179,7712.644058
-600.0,600,7721.657422
-600.0,600,7723.097408
-221.0,122,7727.951129
-600.0,600,7930.232825
-600.0,600,7935.761612
-600.0,600,7948.323505
-440.0,341,7958.836416
-600.0,600,7963.702783
-600.0,600,7965.198873
-600.0,600,7989.128914
-600.0,600,7995.437597
-600.0,600,8003.295963
-600.0,600,8009.048261
-600.0,600,8021.897838
-600.0,600,8032.515588
-106.0,107,8034.690945
-600.0,600,8037.565315
-349.0,350,8038.644805
-600.0,600,8039.153832
-276.0,177,8061.655424
-600.0,600,8063.884256
-600.0,600,8077.759726
-600.0,600,8083.634809
-600.0,600,8107.218773
-600.0,600,8109.691988
-600.0,600,8112.659271
-600.0,600,8113.553753
-600.0,600,8135.618926
-600.0,600,8137.746264
-600.0,600,8151.739931
-422.0,323,8151.965846
-600.0,600,8157.586388
-600.0,600,8181.2973
-600.0,600,8183.916295
-600.0,600,8187.691157
-600.0,600,8210.327598
-600.0,600,8212.552497
-600.0,600,8226.599345
-600.0,600,8226.826977
-600.0,600,8232.514058
-395.0,296,8249.307899
-600.0,600,8255.997217
-600.0,600,8258.486685
-600.0,600,8262.222623
-600.0,600,8284.290669
-600.0,600,8300.737634
-600.0,600,8300.972872
-600.0,600,8306.599517
-342.0,243,8314.413656
-600.0,600,8323.283819
-600.0,600,8329.958278
-600.0,600,8332.344348
-600.0,600,8336.099138
-488.0,389,8349.160022
-600.0,600,8375.014242
-600.0,600,8380.603621
-600.0,600,8388.363253
-600.0,600,8397.195946
-600.0,600,8404.253185
-600.0,600,8406.634164
-600.0,600,8410.381352
-600.0,600,8423.217336
-600.0,600,8449.654606
-600.0,600,8455.430569
-600.0,600,8463.237691
-600.0,600,8471.910329
-600.0,600,8479.006784
-600.0,600,8481.402085
-600.0,600,8485.104193
-167.0,68,8493.507829
-231.0,132,8495.4505
-600.0,600,8498.150821
-600.0,600,8523.660646
-118.0,19,8526.17441
-600.0,600,8529.637089
-600.0,600,8537.559731
-600.0,600,8724.641985
-548.0,449,8727.18061
-600.0,600,8733.583546
-324.0,225,8735.474071
-351.0,252,8746.160035
-600.0,600,8746.987079
-600.0,600,8749.622217
-600.0,600,8777.737002
-600.0,600,8797.388716
-600.0,600,8800.275419
-600.0,600,8806.717088
-600.0,600,8808.508073
-600.0,600,8819.947871
-600.0,600,8820.779313
-600.0,600,8823.101546
-304.0,205,8831.892421
-204.0,105,8832.663671
-158.0,59,8839.060923
-600.0,600,8851.254137
-600.0,600,8870.814911
-600.0,600,8873.389808
-600.0,600,8882.074757
-235.0,136,8890.618999
-600.0,600,8894.483142
-600.0,600,8897.208107
-600.0,600,8906.766164
-221.0,122,8912.678277
-600.0,600,8913.722784
-133.0,34,8918.087483
-192.0,93,8924.115038
-600.0,600,8925.715602
-600.0,600,8945.525262
-339.0,240,8947.152009
-600.0,600,8956.614324
-361.0,262,8957.66708
-600.0,600,8964.964344
-600.0,600,8968.815892
-600.0,600,8980.979939
-630.0,531,8989.570063
-600.0,600,9019.469096
-600.0,600,9021.100035
-600.0,600,9030.875698
-600.0,600,9032.00371
-600.0,600,9039.687595
-600.0,600,9043.684228
-145.0,46,9049.318043
-600.0,600,9055.781221
-600.0,600,9064.188335
-600.0,600,9095.286209
-600.0,600,9096.8662
-600.0,600,9106.61744
-600.0,600,9107.710922
-600.0,600,9114.588371
-61.0,62,9114.953161
-600.0,600,9124.439167
-600.0,600,9130.957491
-600.0,600,9139.609384
-600.0,600,9170.004715
-600.0,600,9171.596775
-37.0,38,9174.817655
-600.0,600,9181.366893
-600.0,600,9190.20538
-600.0,600,9190.616471
-600.0,600,9199.762493
-600.0,600,9206.175753
-600.0,600,9215.211135
-600.0,600,9246.864224
-600.0,600,9250.03658
-495.0,396,9255.378868
-600.0,600,9256.403054
-515.0,516,9263.750162
-600.0,600,9264.755971
-600.0,600,9265.16429
-600.0,600,9288.93203
-395.0,296,9291.78808
-514.0,415,9315.90846
-600.0,600,9320.802728
-600.0,600,9323.965868
-600.0,600,9330.365074
-600.0,600,9337.904082
-215.0,116,9338.40143
-600.0,600,9339.320997
-73.0,74,9521.388264
-600.0,600,9536.411397
-373.0,274,9537.498512
-112.0,13,9538.014599
-600.0,600,9539.196154
-318.0,219,9539.452996
-510.0,411,9561.53313
-600.0,600,9562.972982
-600.0,600,9567.73656
-248.0,249,9593.668908
-600.0,600,9594.391357
-600.0,600,9611.121618
-600.0,600,9611.611412
-600.0,600,9612.931285
-600.0,600,9613.235982
-250.0,151,9629.951055
-600.0,600,9635.584826
-600.0,600,9642.264802
-362.0,263,9645.842307
-230.0,131,9646.197927
-107.0,8,9647.197219
-116.0,17,9649.352771
-600.0,600,9668.373361
-600.0,600,9669.158186
-266.0,167,9670.355889
-376.0,277,9676.838567
-207.0,108,9682.56037
-600.0,600,9686.621521
-600.0,600,9687.949934
-30.0,31,9691.912039
-600.0,600,9710.791204
-133.0,34,9715.035891
-600.0,600,9720.877341
-103.0,4,9721.354479
-600.0,600,9742.934612
-600.0,600,9744.940661
-600.0,600,9751.4234
-177.0,78,9755.202808
-115.0,16,9757.240893
-600.0,600,9757.768558
-600.0,600,9761.876532
-163.0,64,9765.472674
-600.0,600,9767.032908
-352.0,253,9775.29755
-600.0,600,9791.000616
-600.0,600,9797.680645
-600.0,600,9827.541108
-602.0,503,9830.218392
-600.0,600,9833.280738
-600.0,600,9837.032805
-600.0,600,9840.523206
-600.0,600,9850.523998
-600.0,600,9865.169434
-600.0,600,9872.018038
-600.0,600,9902.257159
-600.0,600,9904.88576
-600.0,600,9907.826663
-600.0,600,9911.780808
-600.0,600,9915.18147
-138.0,39,9920.507402
-185.0,86,9922.810674
-261.0,162,9925.404483
-600.0,600,9925.55478
-136.0,37,9927.614214
-159.0,60,9928.152515
-259.0,160,9928.305288
-600.0,600,9940.301749
-600.0,600,9946.89742
-193.0,94,9952.291358
-201.0,202,9952.831242
-600.0,600,9977.456333
-600.0,600,10000.347034
-600.0,600,10000.467181
-600.0,600,10002.997932
-600.0,600,10003.112592
-213.0,114,10017.243611
-600.0,600,10021.910128
-580.0,581,10024.856489
-600.0,600,10027.789078
-198.0,99,10034.284831
-306.0,207,10042.843751
-600.0,600,10051.701378
-205.0,206,10052.91195
-536.0,437,10054.529884
-243.0,244,10054.867869
-224.0,125,10068.330144
-237.0,138,10068.899842
-382.0,283,10069.066175
-600.0,600,10074.677475
-600.0,600,10077.20662
-268.0,169,10095.811684
-225.0,226,10105.023785
-387.0,388,10116.838991
-600.0,600,10116.957469
-600.0,600,10128.515066
-600.0,600,10128.894023
-220.0,121,10131.636761
-600.0,600,10298.227753
-600.0,600,10298.842875
-596.0,497,10312.234709
-264.0,165,10318.499048
-293.0,194,10322.811596
-47.0,48,10328.663408
-600.0,600,10334.840573
-548.0,449,10339.740091
-248.0,249,10343.537845
-600.0,600,10346.976298
-222.0,123,10358.965106
-600.0,600,10359.09149
-600.0,600,10361.928895
-267.0,168,10380.2083
-600.0,600,10393.662474
-258.0,259,10394.598657
-120.0,121,10395.486692
-600.0,600,10403.769986
-470.0,371,10405.435962
-600.0,600,10410.214254
-600.0,600,10415.051829
-600.0,600,10421.854203
-357.0,258,10435.46531
-160.0,61,10443.281663
-481.0,482,10455.06406
-602.0,503,10455.922096
-600.0,600,10468.750435
-600.0,600,10479.676588
-600.0,600,10484.079638
-148.0,49,10485.546688
-675.0,576,10485.937712
-178.0,79,10494.084375
-307.0,208,10494.606328
-175.0,76,10495.627145
-600.0,600,10496.255714
-143.0,44,10501.24821
-91.0,92,10505.763053
-263.0,164,10506.366401
-131.0,32,10509.583699
-600.0,600,10517.20603
-266.0,167,10521.338954
-600.0,600,10528.873502
-600.0,600,10529.740004
-330.0,331,10535.068875
-348.0,249,10548.303283
-317.0,218,10548.55039
-557.0,458,10552.756574
-150.0,51,10554.684064
-281.0,182,10576.591317
-600.0,600,10579.778986
-679.0,580,10580.61208
-121.0,22,10582.276379
-367.0,268,10585.619009
-94.0,95,10597.372128
-161.0,162,10602.549206
-600.0,600,10603.030786
-600.0,600,10603.853015
-674.0,575,10606.042542
-171.0,72,10606.042612
-136.0,37,10607.445604
-220.0,121,10621.043374
-600.0,600,10622.279995
-68.0,69,10629.524869
-531.0,432,10630.019366
-326.0,227,10630.508813
-565.0,466,10638.278594
-122.0,23,10641.125311
-227.0,128,10645.454093
-141.0,42,10650.78908
-177.0,78,10660.830213
-584.0,485,10666.803569
-467.0,368,10677.057598
-600.0,600,10679.162009
-698.0,599,10682.988525
-247.0,148,10685.641866
-600.0,600,10698.093412
-274.0,175,10699.247099
-245.0,146,10703.84107
-300.0,201,10704.366904
-600.0,600,10705.705326
-129.0,30,10709.260526
-600.0,600,10716.238697
-184.0,185,10731.967521
-600.0,600,10735.593798
-354.0,355,10742.934002
-272.0,173,10753.394209
-600.0,600,10756.800917
-259.0,160,10762.336381
-214.0,115,10767.734769
-600.0,600,10771.92015
-600.0,600,10777.947607
-600.0,600,10778.465568
-69.0,70,10786.667686
-105.0,6,10787.429177
-179.0,180,10790.209267
-600.0,600,10790.925763
-182.0,83,10800.326246
-349.0,350,10800.471492
-270.0,171,10808.382368
-600.0,600,10809.826212
-116.0,17,10811.973871
-225.0,126,10815.809114
-153.0,54,10818.555643
-123.0,124,10823.499175
-95.0,96,10830.126196
-600.0,600,10836.289048
-283.0,184,10837.981699
-621.0,522,10842.465209
-152.0,53,10844.687943
-600.0,600,10845.686834
-520.0,421,10852.028224
-227.0,128,10852.28975
-306.0,307,10861.005074
-132.0,133,10861.816213
-600.0,600,10864.040284
-121.0,22,10866.684558
-213.0,214,10868.313268
-330.0,231,10872.362876
-137.0,38,10872.689527
-201.0,102,10884.265313
-220.0,221,10892.315533
-600.0,600,10901.463722
-295.0,296,10906.972961
-530.0,431,11066.032359
-250.0,251,11067.492182
-582.0,483,11071.156798
-148.0,49,11071.61723
-600.0,600,11075.726288
-600.0,600,11075.956183
-307.0,208,11079.323579
-263.0,164,11090.372698
-304.0,205,11090.810768
-495.0,396,11092.058558
-140.0,141,11092.449097
-190.0,91,11101.325335
-381.0,282,11112.201244
-666.0,567,11126.527666
-144.0,145,11128.767111
-316.0,317,11129.045461
-144.0,45,11134.40472
-571.0,572,11137.449365
-442.0,343,11141.472218
-600.0,600,11145.534715
-102.0,103,11146.469916
-256.0,157,11147.23891
-247.0,148,11154.349718
-139.0,140,11157.242689
-600.0,600,11159.973227
-125.0,26,11160.485918
-600.0,600,11161.702897
-122.0,123,11168.99066
-510.0,411,11174.641513
-241.0,242,11175.514446
-171.0,72,11183.960665
-456.0,357,11187.108273
-110.0,111,11187.431194
-464.0,365,11188.987161
-178.0,79,11196.28593
-112.0,13,11197.787252
-143.0,144,11205.816491
-600.0,600,11230.788862
-600.0,600,11231.292362
-600.0,600,11232.473019
-600.0,600,11239.885762
-600.0,600,11255.455674
-254.0,155,11258.631335
-595.0,596,11258.631391
-534.0,535,11262.106973
-174.0,75,11267.688939
-402.0,303,11267.951135
-430.0,331,11270.779399
-328.0,329,11272.145375
-125.0,126,11277.269021
-600.0,600,11278.134922
-191.0,192,11278.595801
-189.0,90,11278.59587
-198.0,99,11282.891595
-273.0,174,11293.590748
-364.0,265,11310.140364
-393.0,294,11312.785514
-64.0,65,11318.039925
-186.0,87,11323.386538
-381.0,382,11324.756681
-108.0,9,11325.774687
-83.0,84,11327.936977
-613.0,514,11329.833205
-600.0,600,11330.958236
-492.0,393,11340.728037
-184.0,85,11341.267969
-543.0,544,11348.27836
-172.0,173,11348.725389
-600.0,600,11350.685059
-311.0,212,11351.029811
-139.0,140,11358.313999
-178.0,179,11362.355486
-194.0,95,11362.80545
-276.0,277,11363.447806
-220.0,121,11365.5697
-125.0,26,11365.936058
-115.0,116,11371.83465
-187.0,88,11372.52075
-273.0,274,11381.369626
-166.0,167,11391.331813
-385.0,386,11393.993405
-600.0,600,11394.588518
-149.0,50,11397.332687
-143.0,144,11411.876154
-317.0,218,11423.022356
-461.0,362,11424.007574
-130.0,131,11427.185118
-155.0,56,11434.157498
-600.0,600,11434.443582
-600.0,600,11436.69161
-600.0,600,11437.120759
-71.0,72,11443.254756
-600.0,600,11444.066233
-119.0,20,11445.539901
-221.0,122,11451.108124
-265.0,266,11455.237545
-600.0,600,11465.660961
-304.0,205,11468.168831
-128.0,29,11471.726059
-302.0,203,11475.221585
-112.0,113,11488.659431
-466.0,467,11489.68344
-134.0,35,11492.751328
-600.0,600,11495.71686
-343.0,344,11495.95643
-126.0,27,11495.9565
-165.0,66,11503.84402
-151.0,152,11507.809333
-600.0,600,11508.315499
-217.0,118,11509.78762
-135.0,136,11512.140231
-54.0,55,11514.424747
-600.0,600,11516.823263
-124.0,125,11518.746512
-198.0,99,11520.041393
-141.0,42,11521.768008
-213.0,114,11523.474381
-165.0,66,11526.766707
-186.0,87,11533.887094
-119.0,120,11536.030844
-600.0,600,11536.950031
-600.0,600,11543.064886
-193.0,94,11545.092029
-180.0,81,11546.735678
-104.0,105,11548.615863
-124.0,25,11551.483696
-196.0,97,11556.24772
-82.0,83,11560.928507
-162.0,163,11562.009526
-104.0,5,11562.581217
-113.0,14,11564.196256
-174.0,75,11564.919475
-339.0,340,11566.628761
-463.0,464,11574.846184
-100.0,101,11578.508156
-665.0,566,11581.517976
-149.0,150,11582.396051
-600.0,600,11583.435777
-113.0,14,11584.087787
-105.0,6,11584.201514
-156.0,57,11585.805245
-131.0,132,11590.772663
-161.0,62,11591.505387
-102.0,103,11593.663215
-51.0,52,11597.367792
-72.0,73,11599.106651
-458.0,359,11603.435037
-101.0,102,11605.380826
-38.0,39,11609.995022
-74.0,75,11612.249635
-600.0,600,11617.318351
-272.0,273,11617.656469
-185.0,186,11619.364922
-217.0,118,11626.279743
-64.0,65,11626.940027
-182.0,83,11627.422512
-95.0,96,11628.601576
-600.0,600,11635.67347
-170.0,171,11646.478884
-155.0,156,11782.611855
-600.0,600,11782.857541
-493.0,494,11785.479967
-49.0,50,11788.446801
-104.0,5,11789.055794
-580.0,481,11794.57976
-68.0,69,11796.759862
-272.0,173,11802.440258
-168.0,69,11802.677501
-168.0,169,11804.98075
-530.0,431,11805.823146
-444.0,445,11808.475581
-88.0,89,11812.923804
-121.0,122,11816.548724
-208.0,109,11817.592808
-189.0,90,11818.972968
-95.0,96,11823.937698
-600.0,600,11824.783249
-76.0,77,11825.288136
-84.0,85,11827.134099
-111.0,12,11828.562508
-141.0,42,11829.626555
-519.0,520,11834.576102
-86.0,87,11838.45353
-378.0,379,11840.568802
-201.0,202,11842.227199
-287.0,188,11851.819178
-194.0,95,11852.079715
-58.0,59,11858.734101
-113.0,114,11865.299793
-120.0,121,11872.600718
-64.0,65,11872.729003
-430.0,431,11874.165854
-426.0,427,11875.077094
-600.0,600,11875.58938
-101.0,2,11875.804219
-371.0,372,11878.137049
-147.0,48,11881.443477
-464.0,365,11881.443537
-124.0,25,11884.318147
-115.0,116,11886.277758
-117.0,118,11888.983348
-213.0,114,11891.561272
-151.0,152,11892.061869
-93.0,94,11899.875555
-158.0,159,11900.011918
-109.0,10,11901.226819
-418.0,319,11910.208432
-194.0,95,11911.126642
-600.0,600,11912.628613
-177.0,78,11919.297931
-98.0,99,11924.192884
-320.0,221,11927.180176
-240.0,141,11927.652232
-351.0,352,11932.754436
-456.0,357,11933.843348
-416.0,417,11935.192248
-177.0,78,11936.478415
-37.0,38,11939.955757
-148.0,149,11942.236004
-81.0,82,11944.053738
-138.0,39,11944.699315
-213.0,214,11944.977464
-131.0,32,11946.097836
-31.0,32,11948.60055
-171.0,172,11953.738062
-250.0,151,11954.883552
-600.0,600,11955.629867
-134.0,35,11959.124069
-126.0,127,11960.318595
-141.0,142,11961.0868
-70.0,71,11962.316316
-188.0,189,11968.483191
-156.0,57,11968.802952
-85.0,86,11971.100631
-116.0,117,11972.949773
-147.0,48,11974.776604
-265.0,166,11975.39581
-71.0,72,11977.216144
-154.0,55,11979.425991
-102.0,3,11979.756699
-151.0,52,11981.35214
-59.0,60,11984.205161
-190.0,91,11990.463862
-695.0,596,11998.879652
-227.0,228,12001.780841
-171.0,72,12007.462596
-468.0,369,12015.35767
-600.0,600,12020.157959
-211.0,112,12020.927228
-339.0,340,12024.827821
-41.0,42,12029.970175
-600.0,600,12031.747423
-193.0,94,12032.198024
-112.0,113,12033.549604
-139.0,40,12036.122413
-134.0,135,12045.335251
-172.0,173,12052.368471
-600.0,600,12052.64312
-366.0,367,12058.534755
-600.0,600,12061.971945
-94.0,95,12069.781821
-152.0,153,12070.679319
-600.0,600,12072.81331
-201.0,202,12076.43433
-363.0,364,12079.119668
-246.0,147,12087.358034
-236.0,237,12089.934669
-600.0,600,12104.688862
-189.0,190,12112.746802
-600.0,600,12117.132929
-145.0,146,12122.263624
-240.0,141,12129.454477
-124.0,125,12137.304614
-163.0,64,12137.418579
-600.0,600,12142.627505
-600.0,600,12144.624392
-331.0,232,12144.88024
-163.0,64,12144.880301
-600.0,600,12147.944798
-28.0,29,12148.15161
-45.0,46,12150.090003
-600.0,600,12150.768384
-194.0,95,12155.437389
-683.0,584,12156.742623
-78.0,79,12157.11178
-37.0,38,12160.1558
-88.0,89,12161.344878
-27.0,28,12163.483901
-142.0,43,12166.489402
-311.0,212,12167.542374
-250.0,151,12168.169937
-157.0,58,12174.388491
-274.0,175,12178.107188
-187.0,188,12179.20206
-390.0,291,12182.670217
-168.0,169,12183.673591
-256.0,157,12185.182412
-417.0,418,12186.541532
-39.0,40,12187.390037
-139.0,40,12188.422647
-146.0,147,12192.178332
-57.0,58,12193.878499
-66.0,67,12200.112709
-198.0,199,12202.029679
-166.0,67,12209.820741
-283.0,184,12215.474154
-234.0,135,12216.009973
-165.0,66,12217.770817
-190.0,91,12226.320646
-377.0,378,12233.310545
-254.0,155,12235.758739
-600.0,600,12239.159411
-137.0,38,12240.213385
-193.0,94,12244.394664
-250.0,251,12245.587233
-618.0,519,12248.92516
-133.0,34,12249.497626
-600.0,600,12250.358537
-113.0,114,12252.768227
-254.0,255,12256.392435
-600.0,600,12256.39251
-112.0,13,12257.901953
-161.0,162,12259.623652
-150.0,51,12265.478962
-300.0,201,12267.883214
-177.0,78,12274.815092
-58.0,59,12275.199064
-292.0,193,12279.171331
-117.0,18,12281.261218
-326.0,327,12291.591015
-148.0,149,12292.744438
-115.0,116,12295.01922
-484.0,385,12295.14504
-392.0,393,12295.491555
-165.0,66,12303.323493
-95.0,96,12304.098213
-99.0,100,12306.860334
-197.0,98,12315.716659
-239.0,140,12319.707448
-600.0,600,12321.318055
-128.0,29,12323.335862
-138.0,139,12323.335935
-208.0,109,12328.484887
-600.0,600,12328.712345
-477.0,478,12331.22675
-171.0,72,12331.678319
-111.0,112,12336.345372
-130.0,131,12336.656142
-45.0,46,12336.986788
-69.0,70,12344.833462
-120.0,121,12351.319541
-136.0,137,12360.808354
-600.0,600,12362.250864
-97.0,98,12362.632928
-25.0,26,12365.805011
-600.0,600,12366.078001
-150.0,51,12372.053708
-77.0,78,12507.056173
-173.0,174,12507.526674
-150.0,151,12509.824942
-522.0,523,12516.006929
-96.0,97,12518.53123
-553.0,554,12519.788371
-572.0,573,12524.526143
-57.0,58,12531.233379
-146.0,147,12533.237404
-117.0,18,12533.470369
-600.0,600,12533.596952
-228.0,129,12534.991779
-267.0,268,12538.125481
-150.0,51,12539.314861
-72.0,73,12543.311259
-144.0,145,12550.050861
-164.0,65,12550.9318
-131.0,132,12554.840478
-600.0,600,12558.469767
-553.0,454,12562.596184
-86.0,87,12564.923294
-249.0,250,12567.174024
-82.0,83,12567.986895
-249.0,150,12568.496138
-78.0,79,12577.673155
-100.0,101,12579.793738
-109.0,110,12580.017934
-134.0,135,12580.581588
-32.0,33,12581.434036
-590.0,591,12587.464203
-335.0,236,12590.128544
-186.0,87,12590.864379
-93.0,94,12590.864433
-379.0,380,12594.484573
-57.0,58,12596.974648
-107.0,108,12600.233001
-103.0,104,12602.875672
-600.0,600,12603.454722
-46.0,47,12608.639848
-164.0,65,12610.146241
-275.0,176,12611.029269
-158.0,159,12612.690703
-241.0,142,12613.166013
-157.0,58,12615.538408
-162.0,163,12618.86442
-480.0,381,12624.212098
-201.0,102,12625.058609
-116.0,17,12626.239313
-255.0,156,12628.362617
-126.0,27,12629.349764
-160.0,161,12629.830205
-554.0,455,12634.522199
-112.0,13,12635.955344
-128.0,29,12639.372382
-362.0,263,12643.763404
-136.0,137,12645.800157
-167.0,168,12649.776801
-301.0,202,12652.311318
-121.0,122,12653.86461
-343.0,344,12655.924166
-214.0,115,12658.969006
-152.0,53,12660.027321
-372.0,373,12669.054202
-124.0,125,12670.727561
-232.0,133,12674.810672
-228.0,229,12679.244043
-98.0,99,12680.604985
-167.0,68,12687.013618
-329.0,330,12688.236049
-600.0,600,12689.221735
-78.0,79,12696.332834
-230.0,231,12697.549813
-247.0,148,12697.809981
-232.0,233,12701.751512
-215.0,116,12701.751575
-122.0,123,12703.600605
-521.0,522,12704.700193
-192.0,93,12707.192472
-93.0,94,12708.578349
-129.0,30,12710.600928
-109.0,110,12716.30564
-97.0,98,12721.781324
-226.0,127,12723.226547
-265.0,166,12723.9797
-329.0,230,12724.603261
-191.0,92,12727.270345
-125.0,26,12727.739601
-224.0,225,12728.210078
-330.0,231,12728.873494
-600.0,600,12730.183459
-97.0,98,12734.786822
-68.0,69,12735.718464
-38.0,39,12739.34532
-149.0,150,12739.579747
-27.0,28,12742.702216
-181.0,82,12745.471877
-156.0,157,12745.738021
-52.0,53,12746.023354
-153.0,154,12746.40216
-107.0,8,12746.738189
-163.0,164,12748.249188
-160.0,161,12749.156767
-138.0,39,12750.825556
-242.0,243,12752.486689
-66.0,67,12753.142864
-78.0,79,12754.918144
-133.0,34,12756.400652
-221.0,122,12756.904148
-90.0,91,12761.391775
-94.0,95,12764.424092
-268.0,169,12768.077944
-109.0,110,12768.190997
-94.0,95,12772.908202
-126.0,27,12776.06181
-180.0,81,12777.669672
-112.0,113,12777.923912
-185.0,86,12778.382014
-214.0,215,12782.531916
-127.0,28,12785.844888
-91.0,92,12786.913743
-102.0,103,12789.668102
-295.0,296,12791.385654
-63.0,64,12793.165016
-158.0,159,12796.536046
-63.0,64,12799.404
-229.0,130,12802.783689
-184.0,85,12804.112622
-217.0,218,12804.832461
-595.0,496,12806.027577
-169.0,170,12810.935939
-141.0,142,12814.483085
-78.0,79,12815.600934
-135.0,136,12816.32244
-49.0,50,12820.55512
-42.0,43,12820.839057
-132.0,133,12821.058393
-600.0,600,12821.206429
-277.0,178,12825.512781
-133.0,134,12826.747735
-97.0,98,12827.79522
-171.0,72,12828.918263
-78.0,79,12830.314816
-100.0,101,12837.41449
-166.0,67,12838.171994
-87.0,88,12839.392872
-164.0,165,12840.154032
-263.0,164,12840.367681
-129.0,130,12842.071571
-138.0,139,12844.055155
-155.0,56,12845.624549
-48.0,49,12849.628404
-228.0,129,12852.17227
-27.0,28,12852.887459
-105.0,106,12854.130151
-113.0,14,12854.521408
-149.0,150,12857.545802
-158.0,159,12858.409784
-520.0,521,12864.239448
-194.0,95,12865.330849
-59.0,60,12865.442
-304.0,205,12869.719341
-278.0,179,12873.273911
-113.0,14,12875.01556
-224.0,125,12880.219673
-45.0,46,12880.442106
-218.0,219,12880.442166
-244.0,145,12882.731569
-59.0,60,12887.344063
-77.0,78,12889.50929
-196.0,97,12891.7019
-291.0,192,12892.138788
-90.0,91,12893.14833
-69.0,70,12897.662391
-105.0,106,12899.509346
-628.0,529,12899.85979
-60.0,61,12900.304292
-39.0,40,12902.264137
-406.0,407,12905.233479
-52.0,53,12906.341795
-142.0,143,12908.271829
-170.0,71,12913.388421
-135.0,136,12915.122553
-82.0,83,12915.922036
-168.0,69,12916.142144
-194.0,195,12924.664541
-144.0,145,12932.074811
-145.0,146,12933.022974
-600.0,600,12934.24291
-213.0,114,12938.3441
-123.0,124,12949.293862
-137.0,138,12949.693755
-281.0,182,12953.981737
-429.0,330,12955.46981
-78.0,79,12959.262431
-600.0,600,12962.853026
-196.0,97,12965.612493
-110.0,111,12968.711371
-149.0,50,12968.830344
-600.0,600,12970.761746
-383.0,284,12972.513115
-295.0,196,12972.877327
-147.0,48,12974.662593
-187.0,88,12979.146244
-183.0,184,12981.116091
-129.0,30,12984.750198
-600.0,600,12984.860429
-86.0,87,12984.983327
-101.0,102,12984.983381
-139.0,140,12989.36735
-47.0,48,12990.738925
-54.0,55,12991.443914
-101.0,102,12991.556244
-79.0,80,12994.632745
-205.0,206,12995.501517
-261.0,262,12997.052833
-56.0,57,12998.311652
-82.0,83,13001.245564
-214.0,115,13004.345067
-85.0,86,13005.653522
-150.0,151,13007.05098
-75.0,76,13010.227541
-35.0,36,13011.407468
-223.0,124,13011.645809
-68.0,69,13012.557415
-221.0,122,13012.813971
-159.0,160,13013.635993
-103.0,104,13017.875085
-88.0,89,13020.684826
-120.0,121,13025.871896
-448.0,349,13026.33802
-109.0,110,13026.457294
-140.0,141,13027.974012
-132.0,133,13028.089349
-124.0,125,13032.613886
-152.0,53,13032.728486
-191.0,192,13035.248201
-121.0,22,13035.248294
-135.0,136,13036.80466
-89.0,90,13037.051006
-27.0,28,13040.456932
-122.0,123,13042.596739
-87.0,88,13043.100585
-77.0,78,13046.035047
-90.0,91,13046.150563
-180.0,181,13047.36323
-181.0,82,13050.005976
-125.0,126,13050.253332
-69.0,70,13051.299127
-76.0,77,13051.671626
-167.0,68,13059.170813
-161.0,162,13065.172452
-172.0,173,13070.651045
-167.0,168,13071.525448
-114.0,115,13072.889981
-132.0,133,13080.697207
-68.0,69,13080.911707
-369.0,370,13154.809238
-172.0,173,13154.924446
-476.0,377,13158.116618
-151.0,152,13162.112831
-167.0,68,13162.346667
-600.0,600,13162.346726
-152.0,53,13164.084552
-138.0,139,13170.509538
-68.0,69,13171.951864
-188.0,89,13172.540144
-692.0,593,13178.909569
-78.0,79,13179.626553
-32.0,33,13182.652158
-186.0,187,13183.481787
-99.0,100,13183.972996
-36.0,37,13187.099673
-47.0,48,13192.616267
-375.0,276,13194.13867
-157.0,158,13197.951059
-327.0,228,13198.297297
-134.0,135,13199.656736
-73.0,74,13202.571371
-600.0,600,13204.584839
-59.0,60,13204.793489
-37.0,38,13206.824653
-184.0,85,13209.36731
-248.0,249,13212.395768
-45.0,46,13212.39583
-600.0,600,13213.954728
-101.0,102,13216.481075
-129.0,30,13220.11306
-92.0,93,13220.518555
-155.0,156,13231.079091
-100.0,101,13232.551689
-234.0,235,13232.663762
-408.0,309,13234.505634
-275.0,176,13234.825583
-463.0,364,13235.185115
-38.0,39,13236.926639
-157.0,158,13238.650744
-100.0,101,13242.499203
-88.0,89,13242.724564
-261.0,262,13243.08083
-65.0,66,13244.523944
-58.0,59,13245.429474
-211.0,112,13247.436312
-122.0,23,13250.142453
-136.0,137,13250.801345
-70.0,71,13251.487853
-176.0,77,13251.859805
-24.0,25,13253.803899
-103.0,104,13254.849147
-127.0,28,13255.172278
-108.0,109,13257.418375
-67.0,68,13259.475196
-137.0,38,13259.585998
-124.0,125,13260.200223
-64.0,65,13261.393119
-118.0,19,13263.701713
-209.0,110,13267.778132
-183.0,84,13269.424245
-264.0,165,13269.651701
-117.0,118,13271.30078
-23.0,24,13272.223887
-126.0,127,13274.470443
-72.0,73,13279.980538
-96.0,97,13281.127763
-290.0,191,13286.1129
-157.0,158,13286.32438
-130.0,131,13287.52814
-60.0,61,13288.164481
-127.0,128,13289.604349
-85.0,86,13289.973485
-22.0,23,13292.261375
-65.0,66,13293.756263
-69.0,70,13295.77747
-198.0,99,13297.86834
-87.0,88,13300.235847
-72.0,73,13300.794134
-60.0,61,13300.940395
-600.0,600,13305.377908
-174.0,75,13306.521037
-101.0,102,13307.491034
-63.0,64,13308.092764
-132.0,33,13309.188331
-137.0,38,13310.908366
-47.0,48,13313.117796
-115.0,116,13314.308815
-146.0,147,13317.26019
-68.0,69,13317.260264
-96.0,97,13319.602519
-127.0,128,13328.257147
-199.0,100,13329.075259
-185.0,86,13329.65852
-600.0,600,13330.475813
-152.0,153,13335.46915
-100.0,101,13340.304188
-234.0,135,13346.595834
-56.0,57,13347.090131
-114.0,115,13349.02803
-600.0,600,13358.622125
-103.0,104,13359.237725
-218.0,119,13360.552315
-152.0,153,13367.149291
-605.0,506,13370.784102
-90.0,91,13371.431108
-37.0,38,13371.715436
-583.0,484,13371.715494
-488.0,389,13375.006218
-69.0,70,13379.639833
-74.0,75,13380.024451
-83.0,84,13381.428753
-262.0,163,13389.905216
-92.0,93,13390.755597
-133.0,134,13390.900263
-87.0,88,13391.970217
-62.0,63,13398.573238
-600.0,600,13400.915976
-104.0,105,13404.551055
-489.0,390,13404.990163
-133.0,134,13406.92733
-234.0,235,13408.17521
-175.0,176,13410.965296
-68.0,69,13413.041668
-181.0,82,13414.052104
-65.0,66,13414.52627
-121.0,122,13415.136112
-586.0,487,13416.905541
-77.0,78,13417.286892
-175.0,76,13419.890649
-72.0,73,13428.566839
-132.0,133,13428.789875
-123.0,124,13429.231156
-148.0,149,13432.682606
-66.0,67,13437.09226
-37.0,38,13437.215122
-178.0,179,13438.40685
-194.0,195,13440.078317
-105.0,106,13441.39471
-146.0,47,13442.921985
-113.0,14,13443.067296
-406.0,307,13450.398848
-115.0,116,13450.843777
-111.0,112,13451.593473
-110.0,111,13455.751441
-366.0,267,13459.592425
-246.0,147,13459.814022
-83.0,84,13459.81408
-90.0,91,13461.15212
-600.0,600,13469.277294
-275.0,276,13472.267395
-128.0,129,13475.244685
-141.0,142,13476.455708
-132.0,133,13476.895903
-32.0,33,13480.31032
-101.0,102,13481.020985
-55.0,56,13481.754672
-360.0,261,13482.11454
-121.0,122,13486.894935
-83.0,84,13490.730112
-112.0,113,13495.285928
-177.0,178,13498.084694
-169.0,170,13501.394253
-130.0,131,13502.360242
-188.0,189,13504.694612
-437.0,438,13507.700936
-130.0,131,13511.154524
-135.0,136,13514.521912
-245.0,146,13525.030402
-310.0,211,13527.549388
-153.0,154,13529.22817
-600.0,600,13531.264084
-190.0,191,13537.089347
-98.0,99,13540.869596
-446.0,347,13546.02607
-161.0,162,13546.698935
-151.0,152,13549.170878
-86.0,87,13551.137798
-42.0,43,13551.673253
-152.0,153,13555.161642
-78.0,79,13560.506046
-600.0,600,13561.579894
-68.0,69,13563.194797
-151.0,152,13563.797223
-139.0,140,13568.147263
-44.0,45,13568.52893
-118.0,19,13570.881679
-600.0,600,13572.484376
-120.0,21,13573.390181
-113.0,114,13574.16358
-133.0,134,13577.56994
-346.0,247,13578.512959
-44.0,45,13578.727299
-28.0,29,13581.750355
-173.0,174,13584.29612
-50.0,51,13584.515996
-111.0,112,13585.532765
-89.0,90,13587.800476
-130.0,131,13589.227319
-204.0,205,13591.990006
-600.0,600,13595.400665
-104.0,105,13596.391423
-66.0,67,13597.048618
-234.0,135,13597.414543
-131.0,132,13601.198258
-147.0,48,13601.424859
-110.0,111,13605.648904
-74.0,75,13606.764477
-198.0,199,13608.31179
-108.0,109,13610.529222
-87.0,88,13612.210852
-50.0,51,13612.926568
-136.0,137,13613.293596
-217.0,118,13615.572808
-82.0,83,13615.686285
-178.0,79,13621.613798
-77.0,78,13624.823979
-151.0,152,13626.267381
-57.0,58,13628.276772
-134.0,135,13629.116281
-116.0,117,13629.233628
-66.0,67,13635.893616
-153.0,154,13644.68458
-187.0,188,13647.168031
-600.0,600,13659.459038
-123.0,124,13661.941022
-68.0,69,13669.900888
-54.0,55,13676.427754
-152.0,153,13677.362719
-29.0,30,13680.883544
-600.0,600,13681.544115
-600.0,600,13684.154743
-121.0,22,13686.788726
-49.0,50,13687.788988
-120.0,121,13691.15786
-50.0,51,13697.055828
-96.0,97,13699.107543
-600.0,600,13700.382014
-600.0,600,13700.498148
-178.0,179,13702.271969
-149.0,150,13704.562028
-600.0,600,13707.825149
-144.0,145,13714.262886
-89.0,90,13715.139154
-600.0,600,13715.794512
-126.0,27,13718.962961
-275.0,176,13719.96384
-66.0,67,13722.06097
-170.0,171,13722.556962
-34.0,35,13724.17899
-247.0,148,13725.139261
-44.0,45,13727.973405
-157.0,58,13732.089163
-136.0,37,13732.465415
-125.0,126,13734.026733
-180.0,181,13736.624625
-71.0,72,13837.023677
-162.0,163,13837.936301
-262.0,163,13839.885701
-143.0,44,13842.812796
-62.0,63,13844.149045
-48.0,49,13845.364988
-465.0,466,13851.73411
-576.0,477,13853.183224
-33.0,34,13855.732442
-145.0,46,13858.399449
-139.0,140,13859.054233
-358.0,259,13863.112389
-71.0,72,13864.109361
-48.0,49,13864.908748
-298.0,299,13865.305881
-74.0,75,13872.806771
-167.0,68,13873.194846
-387.0,388,13874.018975
-112.0,113,13876.511173
-170.0,171,13878.572608
-37.0,38,13880.888761
-102.0,103,13885.011111
-180.0,181,13886.147294
-112.0,13,13887.607636
-124.0,125,13887.832454
-133.0,134,13889.721571
-63.0,64,13892.480135
-428.0,429,13895.482661
-129.0,130,13904.556566
-120.0,21,13906.867868
-350.0,251,13907.379535
-45.0,46,13912.061701
-600.0,600,13913.623093
-67.0,68,13915.293596
-92.0,93,13926.313481
-122.0,123,13926.790775
-480.0,381,13931.922546
-406.0,407,13935.002406
-40.0,41,13936.614723
-429.0,430,13942.317068
-136.0,137,13942.780782
-61.0,62,13950.037849
-600.0,600,13950.62397
-91.0,92,13953.072351
-172.0,173,13955.163196
-163.0,164,13955.632911
-27.0,28,13958.392359
-71.0,72,13958.904429
-43.0,44,13964.018935
-600.0,600,13965.250093
-236.0,137,13966.017206
-19.0,20,13966.445617
-133.0,34,13969.229812
-42.0,43,13971.457463
-29.0,30,13975.061697
-160.0,161,13977.355768
-116.0,117,13979.6584
-600.0,600,13983.835951
-100.0,101,13989.04984
-137.0,138,13995.647675
-600.0,600,13996.207058
-109.0,10,13997.419899
-159.0,160,14002.75767
-95.0,96,14007.13671
-45.0,46,14008.195524
-183.0,184,14010.687763
-211.0,112,14010.687824
-40.0,41,14015.212037
-483.0,384,14019.647814
-600.0,600,14022.829468
-600.0,600,14025.643776
-168.0,169,14030.016599
-116.0,117,14036.387232
-600.0,600,14039.015678
-162.0,163,14049.024471
-140.0,141,14052.929097
-80.0,81,14062.375046
-185.0,186,14070.888817
-122.0,123,14076.760509
-600.0,600,14076.760579
-57.0,58,14077.666156
-600.0,600,14077.948555
-600.0,600,14085.564937
-600.0,600,14089.917883
-130.0,131,14092.246164
-135.0,136,14092.941277
-600.0,600,14095.860944
-176.0,177,14098.450987
-112.0,113,14098.570193
-83.0,84,14099.654156
-40.0,41,14100.594171
-600.0,600,14109.128347
-85.0,86,14109.510415
-96.0,97,14109.734161
-81.0,82,14109.963195
-145.0,46,14114.599484
-143.0,144,14114.822142
-198.0,199,14115.725408
-138.0,39,14119.199435
-149.0,150,14126.990103
-151.0,152,14132.385233
-55.0,56,14133.577369
-325.0,326,14147.282768
-600.0,600,14147.402096
-68.0,69,14155.169394
-600.0,600,14161.429576
-398.0,399,14161.795966
-122.0,123,14169.451091
-201.0,202,14170.732986
-87.0,88,14171.710847
-65.0,66,14178.431979
-600.0,600,14178.432038
-219.0,120,14185.732867
-81.0,82,14188.042485
-600.0,600,14188.790982
-131.0,32,14189.506288
-641.0,542,14195.522061
-52.0,53,14195.7542
-59.0,60,14195.920389
-387.0,288,14203.313981
-600.0,600,14203.552531
-142.0,143,14204.909476
-30.0,31,14206.994426
-100.0,101,14207.572602
-182.0,83,14214.520578
-206.0,107,14215.692113
-71.0,72,14216.05593
-190.0,191,14217.80604
-150.0,51,14220.404744
-55.0,56,14222.552526
-136.0,137,14223.046371
-30.0,31,14224.064779
-600.0,600,14231.516997
-141.0,142,14231.882839
-117.0,118,14235.964345
-185.0,186,14239.053796
-131.0,132,14239.053854
-129.0,30,14239.45426
-383.0,384,14240.218496
-73.0,74,14240.218552
-174.0,175,14243.018993
-47.0,48,14244.600565
-113.0,114,14245.117445
-54.0,55,14245.466637
-578.0,579,14245.683397
-61.0,62,14252.869164
-117.0,118,14253.092318
-78.0,79,14253.851899
-164.0,165,14259.238506
-128.0,129,14269.02071
-142.0,143,14269.936283
-24.0,25,14272.97537
-63.0,64,14280.451412
-202.0,203,14283.205719
-76.0,77,14292.392026
-106.0,7,14293.235777
-209.0,110,14293.462988
-548.0,549,14307.55986
-600.0,600,14310.664124
-257.0,158,14312.00551
-600.0,600,14315.843042
-600.0,600,14316.22372
-73.0,74,14316.468954
-48.0,49,14318.100165
-600.0,600,14323.713411
-80.0,81,14325.654618
-147.0,148,14328.134679
-91.0,92,14334.699939
-662.0,563,14335.598956
-162.0,163,14337.245241
-80.0,81,14346.723645
-175.0,176,14356.339857
-600.0,600,14363.879517
-147.0,148,14373.800408
-95.0,96,14375.517594
-579.0,480,14385.106867
-600.0,600,14386.909147
-600.0,600,14387.493972
-55.0,56,14393.284936
-600.0,600,14396.549749
-125.0,126,14399.597849
-69.0,70,14404.586457
-600.0,600,14405.202458
-58.0,59,14406.86572
-179.0,180,14408.597688
-50.0,51,14411.549479
-53.0,54,14413.193248
-268.0,169,14413.313769
-48.0,49,14414.40177
-27.0,28,14417.84325
-600.0,600,14417.843327
-36.0,37,14520.674277
-119.0,120,14526.10125
-44.0,45,14526.101307
-73.0,74,14534.610924
-171.0,172,14536.432645
-600.0,600,14543.123541
-600.0,600,14544.681632
-177.0,178,14546.605894
-139.0,140,14550.798854
-58.0,59,14551.440741
-183.0,184,14557.551656
-189.0,90,14561.035615
-253.0,154,14563.936599
-580.0,481,14567.363832
-126.0,127,14571.963814
-600.0,600,14573.084669
-208.0,209,14575.279264
-107.0,108,14576.562161
-596.0,597,14579.222075
-120.0,121,14585.683203
-265.0,166,14586.397771
-76.0,77,14587.798485
-126.0,127,14589.696929
-126.0,127,14590.980483
-189.0,190,14594.777104
-87.0,88,14595.878117
-126.0,127,14602.436211
-158.0,159,14604.761952
-201.0,102,14606.540687
-145.0,46,14610.120719
-600.0,600,14611.754601
-311.0,212,14614.365037
-177.0,178,14616.649668
-49.0,50,14620.188442
-102.0,103,14628.789705
-600.0,600,14630.329595
-94.0,95,14631.419672
-175.0,176,14632.612219
-342.0,243,14635.075266
-96.0,97,14642.579883
-204.0,205,14653.256567
-208.0,209,14655.069561
-208.0,209,14657.110312
-600.0,600,14661.401576
-620.0,521,14663.731637
-349.0,250,14664.540434
-38.0,39,14665.775736
-107.0,108,14669.662095
-165.0,166,14672.190876
-72.0,73,14674.271953
-86.0,87,14674.640021
-95.0,96,14674.864367
-183.0,184,14676.318845
-22.0,23,14677.477318
-80.0,81,14679.126378
-600.0,600,14680.572538
-79.0,80,14681.683998
-93.0,94,14685.239162
-93.0,94,14689.90586
-161.0,162,14695.023559
-121.0,122,14695.571368
-89.0,90,14700.486238
-51.0,52,14701.220671
-211.0,212,14702.170442
-600.0,600,14712.354288
-244.0,245,14713.277292
-167.0,168,14714.927417
-122.0,123,14715.185332
-81.0,82,14722.239827
-74.0,75,14722.358144
-133.0,134,14731.01934
-188.0,89,14732.764288
-159.0,160,14733.990936
-666.0,567,14740.838352
-88.0,89,14743.472922
-128.0,29,14747.037563
-600.0,600,14751.043176
-171.0,172,14751.838793
-222.0,223,14760.588291
-134.0,135,14766.977592
-600.0,600,14771.230161
-600.0,600,14773.025273
-275.0,276,14773.746971
-78.0,79,14782.28976
-158.0,159,14785.74171
-139.0,140,14787.838954
-654.0,555,14788.06788
-67.0,68,14796.042313
-100.0,101,14799.57228
-102.0,103,14808.149684
-91.0,92,14810.401853
-141.0,42,14812.983008
-600.0,600,14817.748161
-89.0,90,14821.051925
-600.0,600,14822.528686
-67.0,68,14825.892514
-58.0,59,14829.417204
-600.0,600,14831.389215
-165.0,166,14832.806899
-35.0,36,14837.13024
-94.0,95,14837.277107
-670.0,571,14841.230231
-186.0,187,14843.631803
-120.0,121,14846.084321
-88.0,89,14847.840383
-600.0,600,14853.183336
-600.0,600,14856.525344
-134.0,135,14859.33486
-214.0,115,14861.348525
-148.0,149,14863.825834
-116.0,117,14873.336226
-171.0,172,14873.67935
-156.0,157,14875.262617
-158.0,159,14879.987928
-96.0,97,14884.612301
-47.0,48,14885.574058
-214.0,215,14888.82152
-139.0,140,14890.069494
-57.0,58,14892.491338
-160.0,161,14894.072867
-49.0,50,14894.609254
-108.0,109,14897.464654
-42.0,43,14899.222614
-600.0,600,14900.449955
-121.0,122,14907.017094
-600.0,600,14908.203668
-70.0,71,14908.998822
-600.0,600,14912.08536
-149.0,150,14912.59306
-120.0,121,14913.545448
-301.0,202,14913.874048
-66.0,67,14916.733203
-182.0,183,14918.937411
-64.0,65,14920.008689
-73.0,74,14920.656983
-191.0,192,14929.29049
-208.0,109,14929.430327
-91.0,92,14930.84189
-161.0,162,14932.457494
-122.0,123,14934.97435
-224.0,225,14940.151234
-198.0,199,14942.345229
-57.0,58,14949.354661
-124.0,25,14952.250936
-102.0,103,14952.501248
-194.0,195,14952.501305
-41.0,42,14957.596962
-244.0,245,14958.709888
-221.0,222,14958.994084
-245.0,246,14960.205556
-149.0,50,14963.596503
-115.0,116,14966.045644
-499.0,500,14966.981151
-155.0,156,14970.826475
-135.0,136,14975.930834
-118.0,19,14978.218467
-108.0,109,14983.755613
-171.0,172,14986.277035
-47.0,48,14989.54066
-390.0,291,14992.985037
-70.0,71,14997.997388
-563.0,564,15001.904026
-378.0,379,15003.61546
-205.0,206,15010.653289
-135.0,136,15013.798339
-137.0,138,15019.959508
-95.0,96,15022.088995
-100.0,101,15026.076639
-96.0,97,15033.60823
-600.0,600,15034.479983
-600.0,600,15038.077538
-172.0,173,15046.559762
-453.0,454,15046.788292
-85.0,86,15048.275887
-114.0,15,15048.500003
-600.0,600,15049.332689
-144.0,145,15051.694871
-106.0,107,15063.757101
-24.0,25,15066.64353
-165.0,166,15068.302251
-600.0,600,15072.107781
-230.0,231,15075.086169
-584.0,485,15076.617573
-379.0,280,15078.830197
-110.0,11,15080.068919
-103.0,104,15080.409241
-138.0,139,15082.773105
-28.0,29,15083.527265
-49.0,50,15086.287678
-29.0,30,15089.755667
-20.0,21,15092.275758
-271.0,172,15095.257186
-206.0,207,15096.423809
-71.0,72,15100.915819
-168.0,169,15103.524558
-600.0,600,15103.777911
-45.0,46,15203.680115
-114.0,15,15205.401873
-127.0,128,15206.279876
-600.0,600,15212.673926
-167.0,168,15214.942625
-156.0,157,15216.433582
-43.0,44,15221.395049
-141.0,142,15222.318955
-26.0,27,15225.426953
-246.0,247,15233.717942
-148.0,149,15238.899451
-110.0,11,15240.216508
-129.0,130,15240.823462
-600.0,600,15241.272073
-600.0,600,15247.375691
-77.0,78,15250.120693
-139.0,40,15254.674365
-600.0,600,15259.636447
-180.0,181,15261.178057
-500.0,401,15261.504949
-221.0,222,15266.562049
-122.0,123,15269.202538
-317.0,318,15270.759363
-116.0,17,15271.25361
-341.0,242,15275.74114
-128.0,129,15276.437423
-79.0,80,15280.346912
-600.0,600,15282.706632
-153.0,154,15284.935016
-198.0,199,15285.193907
-218.0,119,15285.522183
-133.0,134,15291.731045
-118.0,119,15294.52541
-111.0,112,15296.049972
-99.0,100,15297.041612
-105.0,106,15298.133502
-157.0,158,15316.829075
-194.0,195,15320.191691
-600.0,600,15330.486529
-496.0,397,15331.638364
-101.0,102,15331.856961
-353.0,354,15336.067398
-170.0,171,15336.659106
-143.0,44,15336.771855
-64.0,65,15339.236649
-58.0,59,15342.8159
-71.0,72,15344.988117
-600.0,600,15346.996679
-269.0,170,15350.456835
-572.0,473,15351.671191
-622.0,523,15353.182151
-87.0,88,15353.409256
-97.0,98,15356.774595
-278.0,179,15357.995317
-170.0,171,15359.823355
-77.0,78,15359.823408
-40.0,41,15361.771169
-23.0,24,15362.7318
-185.0,86,15363.759062
-66.0,67,15367.714562
-69.0,70,15370.898798
-200.0,201,15371.018271
-167.0,68,15371.722808
-180.0,181,15374.771009
-219.0,220,15377.862005
-92.0,93,15378.813195
-140.0,41,15379.674884
-72.0,73,15380.504051
-20.0,21,15381.331129
-125.0,126,15386.127283
-88.0,89,15390.518677
-96.0,97,15392.211106
-183.0,184,15393.101976
-312.0,313,15399.141523
-350.0,351,15400.056034
-121.0,122,15405.021826
-108.0,109,15406.192388
-100.0,101,15411.204593
-241.0,142,15416.948484
-366.0,267,15418.025095
-106.0,107,15418.991657
-126.0,127,15420.159041
-181.0,82,15427.550126
-88.0,89,15430.540276
-126.0,127,15433.855653
-175.0,176,15437.719524
-600.0,600,15449.197884
-148.0,149,15451.260163
-600.0,600,15452.338835
-49.0,50,15458.188022
-600.0,600,15462.76891
-127.0,128,15463.89845
-228.0,229,15464.272724
-332.0,333,15466.471438
-132.0,133,15466.701128
-45.0,46,15468.186149
-626.0,527,15472.760317
-143.0,144,15474.85051
-120.0,121,15477.830534
-108.0,109,15479.224531
-55.0,56,15479.227254
-55.0,56,15481.512898
-156.0,157,15482.55675
-64.0,65,15485.624206
-160.0,161,15487.110968
-52.0,53,15487.880291
-200.0,201,15490.05828
-65.0,66,15490.436937
-513.0,514,15490.703938
-204.0,105,15491.993283
-72.0,73,15494.523092
-62.0,63,15494.797605
-145.0,46,15496.274162
-154.0,155,15497.806372
-66.0,67,15498.069553
-92.0,93,15498.865434
-50.0,51,15502.049104
-104.0,105,15502.842416
-103.0,104,15506.590197
-125.0,126,15513.502675
-190.0,191,15514.196121
-147.0,148,15515.17222
-19.0,20,15515.718506
-47.0,48,15519.663033
-44.0,45,15524.750791
-181.0,182,15527.594979
-200.0,201,15539.277864
-153.0,154,15542.905058
-401.0,402,15544.518397
-524.0,425,15551.419514
-141.0,142,15555.536196
-79.0,80,15560.696975
-166.0,167,15563.867451
-600.0,600,15564.101618
-539.0,540,15565.567387
-554.0,455,15568.169573
-329.0,230,15569.709931
-123.0,124,15570.172038
-35.0,36,15574.430226
-92.0,93,15574.891802
-97.0,98,15579.529219
-162.0,163,15579.783103
-457.0,458,15581.448768
-129.0,30,15583.513697
-53.0,54,15587.656577
-166.0,167,15593.773765
-99.0,100,15594.679899
-171.0,172,15594.796374
-225.0,226,15595.971398
-138.0,139,15609.753739
-413.0,414,15612.228769
-153.0,154,15613.706266
-37.0,38,15614.175497
-172.0,173,15614.647523
-206.0,207,15618.661401
-354.0,355,15620.862775
-112.0,113,15625.578859
-77.0,78,15627.965319
-124.0,125,15628.855936
-55.0,56,15631.853612
-176.0,177,15634.270061
-600.0,600,15635.249275
-143.0,144,15637.493038
-459.0,460,15640.449591
-112.0,113,15641.546916
-221.0,122,15645.553994
-53.0,54,15646.561895
-46.0,47,15651.826994
-308.0,209,15658.537922
-271.0,272,15664.948059
-429.0,430,15676.836584
-338.0,339,15680.48856
-600.0,600,15683.616866
-108.0,109,15689.697719
-326.0,327,15689.80542
-150.0,151,15698.445822
-107.0,108,15702.499353
-600.0,600,15706.788552
-166.0,167,15709.253446
-90.0,91,15713.048015
-600.0,600,15715.200067
-78.0,79,15716.014408
-182.0,183,15719.455189
-482.0,383,15727.881547
-600.0,600,15728.271364
-215.0,116,15728.271422
-120.0,21,15730.392469
-181.0,182,15733.706401
-600.0,600,15734.670488
-83.0,84,15737.964824
-167.0,168,15738.551995
-43.0,44,15739.728116
-226.0,227,15741.729485
-159.0,160,15746.769148
-437.0,338,15748.242109
-135.0,136,15753.842491
-150.0,151,15756.11745
-87.0,88,15758.622091
-166.0,167,15759.262388
-121.0,122,15761.139714
-50.0,51,15764.426327
-213.0,214,15766.975833
-134.0,135,15769.707304
-68.0,69,15772.612662
-21.0,22,15775.174413
-97.0,98,15778.389195
-191.0,192,15778.606724
-82.0,83,15779.292674
-66.0,67,15869.239123
-61.0,62,15869.564149
-98.0,99,15873.164137
-600.0,600,15882.815143
-127.0,128,15883.559636
-595.0,596,15885.518968
-378.0,279,15889.576887
-178.0,179,15892.743604
-98.0,99,15896.363808
-248.0,149,15899.106812
-173.0,174,15902.792241
-31.0,32,15902.7923
-126.0,127,15903.836272
-37.0,38,15908.236968
-103.0,104,15908.237022
-600.0,600,15910.617592
-600.0,600,15912.578821
-243.0,144,15919.564064
-245.0,246,15921.173471
-174.0,75,15921.292425
-174.0,175,15923.263729
-599.0,500,15926.237474
-162.0,163,15927.24992
-71.0,72,15927.971189
-188.0,89,15931.563094
-62.0,63,15933.628737
-220.0,221,15936.490811
-87.0,88,15938.406121
-81.0,82,15941.311887
-292.0,293,15942.596719
-191.0,192,15943.722827
-194.0,195,15946.266092
-92.0,93,15953.250557
-163.0,164,15955.506856
-201.0,202,15961.872004
-57.0,58,15962.331627
-93.0,94,15964.275312
-351.0,352,15968.129953
-210.0,211,15970.356735
-369.0,370,15976.201456
-409.0,310,15976.733389
-86.0,87,15977.800908
-96.0,97,15981.066976
-34.0,35,15981.814219
-72.0,73,15984.598588
-74.0,75,15985.425375
-241.0,242,15989.182155
-254.0,255,15991.186457
-53.0,54,15991.527695
-79.0,80,15993.72162
-21.0,22,15993.72168
-44.0,45,15996.758807
-80.0,81,16003.483211
-196.0,197,16004.341859
-205.0,206,16006.021053
-45.0,46,16008.709953
-46.0,47,16009.722462
-600.0,600,16012.877306
-50.0,51,16014.784169
-88.0,89,16020.309546
-522.0,523,16024.866854
-194.0,195,16029.155379
-151.0,152,16032.889629
-39.0,40,16033.815626
-190.0,191,16035.590353
-159.0,160,16039.325538
-141.0,142,16041.731832
-93.0,94,16044.849376
-112.0,113,16046.131353
-90.0,91,16046.249262
-153.0,154,16056.893185
-149.0,150,16058.897355
-600.0,600,16059.664207
-144.0,145,16062.867753
-600.0,600,16064.166101
-175.0,176,16066.518487
-600.0,600,16067.280802
-93.0,94,16070.073003
-138.0,139,16073.395768
-89.0,90,16073.608193
-52.0,53,16076.210231
-139.0,140,16080.682477
-84.0,85,16083.491943
-125.0,126,16087.972621
-113.0,114,16089.648155
-93.0,94,16091.659494
-96.0,97,16099.106086
-165.0,166,16102.587364
-120.0,121,16105.444224
-68.0,69,16107.111363
-507.0,408,16113.764023
-600.0,600,16114.372182
-408.0,409,16114.723492
-84.0,85,16116.842491
-128.0,129,16117.461074
-121.0,122,16119.562327
-56.0,57,16121.194524
-53.0,54,16123.737203
-329.0,330,16127.566822
-600.0,600,16129.20117
-89.0,90,16131.778526
-123.0,124,16133.999797
-132.0,133,16139.320413
-66.0,67,16141.79377
-128.0,129,16142.605985
-97.0,98,16143.249796
-118.0,119,16143.249859
-260.0,261,16144.227814
-335.0,236,16144.480712
-74.0,75,16151.347222
-96.0,97,16154.645238
-136.0,137,16155.362099
-110.0,111,16156.309471
-110.0,111,16157.275834
-151.0,152,16159.762957
-41.0,42,16161.185444
-32.0,33,16163.434917
-181.0,182,16165.62046
-170.0,171,16171.456388
-168.0,169,16174.409786
-104.0,105,16175.932081
-120.0,121,16180.050554
-217.0,218,16180.95191
-55.0,56,16181.10003
-600.0,600,16184.512383
-274.0,275,16189.441731
-83.0,84,16190.785706
-166.0,167,16191.149933
-367.0,268,16192.645324
-120.0,121,16194.167631
-169.0,170,16195.790069
-130.0,131,16196.358123
-124.0,125,16199.104214
-92.0,93,16200.367293
-95.0,96,16202.439871
-103.0,104,16204.896804
-96.0,97,16205.67713
-97.0,98,16208.087477
-177.0,178,16211.82592
-237.0,138,16212.193819
-212.0,113,16212.657103
-155.0,56,16214.50675
-153.0,54,16218.306924
-167.0,168,16220.017937
-48.0,49,16220.147434
-142.0,143,16221.60095
-164.0,165,16224.67844
-47.0,48,16225.489226
-63.0,64,16227.39071
-158.0,159,16229.921769
-254.0,255,16231.859179
-91.0,92,16231.974516
-64.0,65,16232.866055
-40.0,41,16234.659891
-156.0,157,16236.230549
-109.0,110,16237.246602
-225.0,226,16238.484796
-64.0,65,16239.551659
-71.0,72,16241.383291
-133.0,134,16243.050607
-61.0,62,16243.580895
-60.0,61,16244.607151
-51.0,52,16247.267631
-130.0,131,16249.83219
-65.0,66,16250.555945
-97.0,98,16250.913229
-207.0,108,16251.033766
-169.0,170,16251.576376
-77.0,78,16252.47546
-120.0,21,16253.281214
-61.0,62,16254.423541
-53.0,54,16255.952676
-53.0,54,16257.721015
-74.0,75,16260.985461
-156.0,157,16262.382462
-69.0,70,16262.382515
-113.0,14,16263.960166
-220.0,121,16264.281866
-134.0,135,16266.422784
-23.0,24,16266.768109
-155.0,56,16267.463352
-116.0,117,16269.405745
-146.0,147,16270.09156
-114.0,115,16270.866338
-45.0,46,16271.978772
-44.0,45,16274.585094
-120.0,121,16276.13565
-92.0,93,16280.389329
-145.0,146,16280.723413
-55.0,56,16282.327299
-131.0,132,16285.792441
-189.0,190,16287.942668
-103.0,104,16292.813269
-69.0,70,16293.773485
-209.0,210,16295.822614
-142.0,143,16296.953824
-58.0,59,16302.840756
-146.0,147,16305.246587
-265.0,266,16305.246647
-195.0,196,16315.667967
-120.0,121,16319.070363
-227.0,228,16320.352511
-150.0,151,16320.352566
-303.0,204,16320.725037
-160.0,161,16323.73503
-65.0,66,16328.689505
-61.0,62,16331.410552
-121.0,122,16333.757586
-44.0,45,16336.702068
-135.0,136,16336.702124
-600.0,600,16337.134434
-72.0,73,16337.358016
-133.0,34,16341.269311
-92.0,93,16347.881002
-259.0,260,16351.009172
-86.0,87,16351.37862
-154.0,155,16351.746443
-600.0,600,16352.500446
-319.0,320,16353.217252
-156.0,157,16354.852417
-168.0,169,16356.158843
-57.0,58,16357.964181
-53.0,54,16359.470156
-49.0,50,16360.65674
-96.0,97,16363.097201
-160.0,161,16366.692301
-82.0,83,16367.835497
-71.0,72,16369.030623
-116.0,117,16372.789563
-149.0,150,16373.332028
-47.0,48,16374.27954
-197.0,198,16375.180645
-132.0,33,16376.602406
-59.0,60,16380.182822
-153.0,154,16380.40254
-85.0,86,16383.920326
-42.0,43,16384.997609
-260.0,161,16385.748228
-340.0,341,16389.657133
-264.0,265,16396.205492
-165.0,166,16398.986642
-143.0,144,16400.197635
-217.0,218,16401.162882
-150.0,151,16402.914736
-122.0,123,16403.824426
-26.0,27,16406.928102
-198.0,199,16407.611377
-49.0,50,16408.655612
-87.0,88,16410.447179
-116.0,117,16412.650199
-176.0,177,16416.643482
-99.0,100,16418.96311
-101.0,102,16420.120291
-138.0,139,16422.44643
-189.0,190,16422.598387
-39.0,40,16427.139596
-466.0,467,16428.021929
-70.0,71,16428.135445
-134.0,135,16432.218413
-38.0,39,16432.979398
-55.0,56,16434.045352
-206.0,207,16434.264411
-230.0,131,16434.264477
-113.0,114,16441.813595
-89.0,90,16444.677793
-306.0,307,16527.129977
-118.0,119,16527.13004
-255.0,156,16529.302247
-143.0,144,16529.665997
-53.0,54,16529.902566
-38.0,39,16531.518619
-211.0,212,16536.354466
-63.0,64,16538.645371
-96.0,97,16540.614164
-173.0,174,16540.614218
-128.0,29,16544.060538
-268.0,169,16546.359834
-170.0,171,16549.39629
-197.0,198,16551.9468
-50.0,51,16552.207212
-567.0,468,16555.928426
-179.0,180,16557.085451
-141.0,142,16557.085536
-161.0,162,16557.432081
-68.0,69,16560.251187
-109.0,110,16562.200854
-89.0,90,16566.340339
-187.0,88,16567.487651
-177.0,78,16569.106253
-152.0,153,16569.526707
-254.0,255,16573.50817
-147.0,148,16574.16823
-150.0,151,16574.532897
-143.0,144,16578.557698
-52.0,53,16580.374997
-108.0,109,16581.969943
-83.0,84,16582.941394
-235.0,136,16583.052618
-86.0,87,16584.006612
-52.0,53,16586.603598
-105.0,106,16595.221768
-111.0,112,16599.501302
-196.0,197,16601.361518
-170.0,171,16603.690361
-196.0,197,16605.76645
-387.0,388,16613.874418
-98.0,99,16617.360052
-327.0,328,16619.860763
-144.0,145,16620.494638
-224.0,225,16621.201347
-188.0,189,16621.316789
-180.0,181,16622.174261
-58.0,59,16623.983735
-111.0,112,16626.567415
-81.0,82,16629.151318
-600.0,600,16635.075509
-214.0,115,16636.90897
-101.0,102,16638.118221
-173.0,174,16641.950961
-119.0,120,16642.871156
-69.0,70,16643.137572
-45.0,46,16643.496009
-202.0,203,16644.356426
-273.0,274,16652.0231
-83.0,84,16653.27556
-302.0,303,16655.839737
-169.0,170,16656.579281
-125.0,126,16658.835874
-148.0,149,16660.022643
-48.0,49,16662.213984
-203.0,204,16665.61778
-37.0,38,16666.753066
-94.0,95,16666.876034
-37.0,38,16670.040716
-93.0,94,16671.109194
-241.0,242,16671.246667
-159.0,160,16671.829437
-18.0,19,16673.942047
-80.0,81,16676.132139
-185.0,186,16680.508606
-53.0,54,16682.29161
-107.0,108,16683.483308
-128.0,129,16686.048221
-201.0,202,16690.089138
-172.0,73,16690.631964
-88.0,89,16693.691465
-185.0,186,16695.270962
-393.0,394,16697.307781
-172.0,73,16698.65231
-123.0,124,16700.457066
-88.0,89,16704.086135
-204.0,205,16704.198569
-409.0,310,16705.886634
-148.0,149,16707.992399
-49.0,50,16710.033036
-126.0,127,16710.156084
-142.0,143,16713.846752
-182.0,83,16717.618202
-64.0,65,16717.61826
-155.0,156,16718.405873
-75.0,76,16718.726122
-135.0,136,16719.747298
-156.0,57,16726.461304
-138.0,139,16729.998935
-110.0,111,16730.440665
-244.0,245,16734.124333
-103.0,104,16738.729266
-80.0,81,16740.224301
-197.0,198,16740.950138
-25.0,26,16741.89708
-245.0,246,16747.507531
-161.0,162,16749.353892
-179.0,180,16755.86756
-148.0,149,16758.550291
-347.0,348,16759.770164
-167.0,168,16759.993134
-154.0,155,16760.12884
-57.0,58,16765.186105
-110.0,11,16766.504155
-600.0,600,16768.814725
-129.0,130,16770.782827
-91.0,92,16770.782884
-208.0,209,16771.840684
-126.0,127,16774.52907
-229.0,230,16776.18858
-84.0,85,16776.43837
-52.0,53,16778.196484
-77.0,78,16780.04657
-181.0,182,16781.252009
-124.0,125,16783.312084
-61.0,62,16783.533608
-216.0,117,16784.3783
-86.0,87,16789.862805
-139.0,140,16790.709179
-228.0,129,16791.043872
-70.0,71,16791.487811
-67.0,68,16792.252426
-86.0,87,16793.654223
-116.0,117,16794.650426
-38.0,39,16799.206135
-195.0,196,16800.802373
-192.0,93,16802.348825
-225.0,126,16805.503827
-63.0,64,16806.718248
-150.0,151,16807.622996
-168.0,69,16810.506953
-172.0,173,16811.306529
-190.0,191,16814.538428
-185.0,186,16815.340061
-73.0,74,16816.094175
-84.0,85,16816.560198
-152.0,53,16816.560256
-111.0,112,16818.339241
-262.0,163,16819.553696
-49.0,50,16821.741286
-75.0,76,16825.233957
-181.0,82,16825.947795
-58.0,59,16826.391232
-58.0,59,16828.616533
-156.0,157,16833.359439
-83.0,84,16835.574125
-174.0,175,16838.487127
-117.0,118,16838.845919
-219.0,220,16839.853908
-117.0,118,16842.338449
-188.0,89,16843.745021
-287.0,288,16844.559977
-76.0,77,16844.698982
-184.0,185,16847.940283
-85.0,86,16848.66816
-91.0,92,16849.705505
-155.0,56,16851.173287
-63.0,64,16851.302746
-42.0,43,16854.742916
-66.0,67,16856.460209
-170.0,171,16859.882899
-102.0,103,16863.057798
-193.0,194,16864.91511
-174.0,175,16865.037782
-207.0,208,16872.205995
-201.0,102,16875.091486
-166.0,167,16876.068889
-197.0,198,16878.011265
-133.0,134,16880.844117
-72.0,73,16880.956479
-90.0,91,16886.507554
-184.0,185,16886.627488
-112.0,113,16888.164298
-248.0,249,16888.849574
-111.0,112,16893.686481
-152.0,153,16898.226487
-102.0,103,16898.445765
-136.0,137,16902.471166
-234.0,235,16905.2335
-172.0,173,16908.375768
-90.0,91,16909.151246
-140.0,141,16915.150914
-147.0,148,16919.794562
-329.0,230,16920.629493
-600.0,600,16921.288621
-59.0,60,16922.210361
-310.0,311,16925.291659
-151.0,152,16926.268607
-38.0,39,16930.78507
-64.0,65,16932.848461
-107.0,108,16933.278416
-101.0,102,16934.07805
-122.0,123,16934.216893
-111.0,112,16934.330257
-50.0,51,16936.731733
-46.0,47,16938.793159
-130.0,131,16949.265367
-149.0,150,16950.223271
-146.0,147,16951.378973
-172.0,173,16954.397334
-152.0,153,16954.523385
-525.0,426,16958.799727
-85.0,86,16960.247003
-480.0,481,16961.197037
-198.0,199,16961.943216
-90.0,91,16962.068154
-119.0,120,16963.341841
-84.0,85,16964.365427
-54.0,55,16967.629236
-167.0,68,16969.52935
-145.0,146,16975.386183
-133.0,134,16977.188676
-309.0,210,16984.018118
-53.0,54,16990.409644
-320.0,321,16991.083879
-268.0,269,16998.375275
-64.0,65,16998.591505
-71.0,72,16998.70489
-169.0,70,17006.740681
-562.0,463,17017.250485
-224.0,125,17021.158644
-242.0,243,17026.659637
-481.0,482,17031.082282
-600.0,600,17032.398074
-149.0,150,17034.804688
-345.0,346,17038.371347
-600.0,600,17038.754062
-105.0,106,17038.98303
-58.0,59,17041.624789
-209.0,110,17043.611967
-600.0,600,17046.333608
-219.0,220,17046.56149
-110.0,11,17047.518648
-115.0,116,17051.504986
-156.0,57,17052.980931
-150.0,151,17055.954462
-47.0,48,17057.093871
-236.0,237,17059.224504
-110.0,111,17060.136535
-176.0,177,17061.751345
-92.0,93,17066.255165
-102.0,103,17068.756689
-162.0,163,17071.471141
-105.0,106,17072.220865
-103.0,104,17073.518529
-159.0,160,17077.460598
-318.0,319,17079.651626
-159.0,160,17084.657469
-111.0,112,17086.322572
-22.0,23,17087.353865
-137.0,138,17088.092155
-169.0,170,17088.211089
-158.0,159,17089.799235
-454.0,455,17090.893641
-36.0,37,17095.213742
-71.0,72,17095.822787
-98.0,99,17097.949239
-136.0,137,17193.251744
-210.0,211,17193.486383
-74.0,75,17193.603469
-125.0,126,17193.603527
-107.0,108,17196.529645
-193.0,194,17199.303152
-78.0,79,17202.118563
-94.0,95,17204.037753
-158.0,159,17204.838406
-43.0,44,17206.991765
-145.0,146,17209.768521
-160.0,161,17211.113699
-491.0,392,17211.229193
-123.0,124,17213.262208
-204.0,205,17219.700409
-120.0,121,17225.195282
-163.0,64,17227.194037
-170.0,171,17229.569428
-206.0,207,17231.001961
-81.0,82,17239.059943
-298.0,299,17239.305639
-158.0,159,17243.531869
-294.0,295,17247.287508
-322.0,323,17248.390172
-78.0,79,17252.856157
-220.0,221,17256.458596
-61.0,62,17259.946248
-184.0,185,17260.679169
-191.0,192,17261.29043
-125.0,126,17263.171052
-172.0,73,17264.986917
-100.0,101,17272.346748
-600.0,600,17273.215919
-242.0,243,17275.464522
-121.0,122,17276.981232
-175.0,176,17279.968012
-137.0,138,17280.54937
-129.0,30,17283.937092
-80.0,81,17284.466951
-208.0,209,17284.946868
-131.0,132,17287.0559
-62.0,63,17287.055959
-43.0,44,17289.44857
-56.0,57,17293.4708
-183.0,184,17293.78914
-95.0,96,17294.62021
-600.0,600,17295.703823
-28.0,29,17296.575135
-192.0,193,17298.565852
-131.0,132,17301.937606
-260.0,161,17303.135692
-94.0,95,17305.563496
-53.0,54,17311.60057
-114.0,115,17311.716127
-201.0,202,17312.251655
-163.0,164,17315.430047
-134.0,135,17317.357999
-93.0,94,17322.517403
-97.0,98,17323.60223
-122.0,123,17325.781785
-283.0,284,17326.249761
-101.0,102,17327.178831
-257.0,258,17332.883733
-103.0,4,17333.364913
-66.0,67,17335.170841
-180.0,181,17338.537752
-43.0,44,17338.537811
-149.0,150,17340.164011
-117.0,118,17340.164071
-84.0,85,17345.152792
-432.0,433,17345.89769
-87.0,88,17348.787189
-120.0,121,17352.797172
-214.0,115,17353.687566
-260.0,261,17354.277841
-81.0,82,17358.504621
-130.0,131,17361.315469
-419.0,320,17363.453767
-165.0,166,17364.571845
-234.0,235,17367.838541
-296.0,197,17377.545251
-123.0,124,17379.307739
-280.0,181,17379.902624
-242.0,243,17382.265369
-189.0,190,17383.707009
-74.0,75,17386.232631
-72.0,73,17388.32848
-96.0,97,17394.784057
-147.0,148,17399.07328
-117.0,118,17399.527761
-100.0,101,17399.652681
-83.0,84,17404.131629
-66.0,67,17407.034742
-66.0,67,17411.930399
-131.0,132,17414.241813
-78.0,79,17416.37244
-157.0,158,17417.92944
-78.0,79,17421.440112
-600.0,600,17422.563056
-49.0,50,17427.375443
-113.0,114,17431.559015
-151.0,152,17432.401319
-600.0,600,17433.29396
-150.0,151,17434.354148
-600.0,600,17437.568238
-81.0,82,17442.626196
-195.0,196,17445.179316
-128.0,129,17446.278373
-125.0,126,17446.747731
-600.0,600,17448.535824
-154.0,55,17448.9092
-42.0,43,17451.654397
-93.0,94,17456.059649
-119.0,120,17462.631265
-81.0,82,17465.334246
-173.0,174,17468.349423
-373.0,374,17469.921777
-165.0,166,17470.394745
-218.0,219,17471.039272
-58.0,59,17471.840154
-48.0,49,17473.858861
-74.0,75,17479.253859
-75.0,76,17482.956554
-115.0,116,17483.667018
-464.0,465,17488.00795
-77.0,78,17488.667049
-165.0,166,17491.830235
-56.0,57,17495.388166
-215.0,216,17496.808059
-132.0,133,17499.465234
-117.0,118,17501.826451
-175.0,176,17503.947536
-600.0,600,17507.217307
-131.0,132,17507.330903
-61.0,62,17511.091488
-42.0,43,17512.118471
-105.0,106,17514.336928
-151.0,152,17517.436278
-47.0,48,17517.963485
-101.0,102,17519.33204
-51.0,52,17523.471461
-256.0,257,17525.575344
-101.0,102,17526.2724
-130.0,131,17526.500008
-268.0,269,17528.308254
-200.0,101,17530.924966
-600.0,600,17532.804103
-66.0,67,17533.949088
-96.0,97,17534.605138
-31.0,32,17534.605191
-153.0,154,17543.540697
-131.0,132,17543.783447
-21.0,22,17546.088151
-105.0,106,17546.449745
-183.0,184,17547.964404
-67.0,68,17551.634963
-182.0,183,17554.128647
-167.0,168,17554.271668
-68.0,69,17555.809004
-18.0,19,17556.254295
-33.0,34,17557.996554
-105.0,106,17563.491575
-298.0,299,17569.038185
-203.0,204,17569.254537
-215.0,216,17570.977367
-20.0,21,17573.378601
-151.0,152,17573.494612
-87.0,88,17573.608258
-163.0,164,17576.824366
-207.0,208,17579.671746
-101.0,102,17580.901237
-80.0,81,17583.125287
-129.0,130,17584.286309
-600.0,600,17586.946291
-48.0,49,17589.910275
-46.0,47,17595.278821
-170.0,171,17596.446004
-30.0,31,17598.940805
-229.0,230,17600.085562
-167.0,168,17600.201334
-133.0,34,17600.425612
-145.0,146,17603.765102
-49.0,50,17604.570583
-78.0,79,17609.034645
-32.0,33,17612.950497
-78.0,79,17613.768662
-122.0,23,17615.582829
-318.0,319,17616.310057
-141.0,142,17616.776807
-122.0,123,17618.096275
-186.0,187,17621.928574
-106.0,107,17628.729081
-135.0,136,17629.63508
-224.0,125,17631.437104
-87.0,88,17632.196047
-168.0,169,17637.979363
-77.0,78,17638.110102
-88.0,89,17640.177281
-212.0,213,17640.696867
-600.0,600,17643.111985
-44.0,45,17643.227251
-149.0,50,17643.911922
-150.0,151,17649.837979
-72.0,73,17652.389159
-600.0,600,17652.71387
-135.0,136,17656.054143
-75.0,76,17658.655812
-136.0,137,17668.566309
-109.0,110,17668.675368
-153.0,154,17670.210245
-149.0,150,17675.950039
-113.0,114,17681.682219
-490.0,491,17688.437519
-117.0,118,17689.563281
-509.0,410,17690.471329
-31.0,32,17692.091255
-202.0,203,17693.492551
-119.0,120,17695.528871
-279.0,280,17700.752561
-127.0,128,17705.150156
-138.0,139,17705.555801
-141.0,142,17708.588082
-132.0,133,17709.066
-600.0,600,17710.042734
-134.0,135,17711.401316
-600.0,600,17712.705209
-99.0,100,17716.977345
-170.0,71,17721.185575
-145.0,46,17722.580637
-174.0,175,17726.167363
-149.0,150,17726.60384
-150.0,151,17727.75023
-66.0,67,17728.72889
-248.0,249,17729.957826
-178.0,179,17732.316955
-85.0,86,17732.431504
-51.0,52,17732.656649
-132.0,33,17732.656722
-21.0,22,17734.798481
-75.0,76,17736.536926
-97.0,98,17737.430161
-86.0,87,17742.561424
-46.0,47,17742.791477
-137.0,138,17748.149893
-64.0,65,17750.267962
-96.0,97,17753.752234
-183.0,184,17755.984911
-44.0,45,17761.1239
-166.0,167,17769.580942
-228.0,229,17854.468997
-685.0,586,17856.213063
-163.0,164,17859.895846
-96.0,97,17860.606192
-44.0,45,17864.824529
-309.0,310,17868.800935
-112.0,113,17877.605661
-600.0,600,17878.3985
-162.0,163,17878.899643
-600.0,600,17881.208021
-46.0,47,17883.048884
-600.0,600,17884.888091
-62.0,63,17885.620804
-286.0,287,17887.016984
-68.0,69,17889.191221
-56.0,57,17892.711234
-418.0,319,17892.948379
-74.0,75,17894.194923
-104.0,105,17895.791305
-173.0,174,17899.698328
-166.0,67,17902.247482
-79.0,80,17902.605824
-94.0,95,17904.202792
-144.0,145,17904.797861
-49.0,50,17910.57469
-81.0,82,17911.917506
-105.0,106,17912.238458
-98.0,99,17914.137416
-75.0,76,17923.130691
-163.0,164,17923.389551
-136.0,137,17927.844012
-185.0,186,17933.702678
-600.0,600,17939.305566
-548.0,449,17942.117131
-95.0,96,17944.87427
-190.0,191,17945.096237
-113.0,14,17946.744956
-76.0,77,17951.070639
-383.0,384,17955.194972
-298.0,299,17958.025189
-41.0,42,17960.176219
-90.0,91,17961.561837
-600.0,600,17965.421602
-184.0,185,17966.183578
-352.0,253,17968.264552
-80.0,81,17969.030355
-116.0,117,17971.002711
-78.0,79,17974.405079
-103.0,104,17978.006327
-101.0,102,17989.922291
-251.0,252,17990.414368
-194.0,195,17990.860319
-600.0,600,17996.82733
-250.0,251,17997.992497
-225.0,226,18000.635397
-315.0,316,18007.908606
-169.0,170,18010.765256
-179.0,180,18011.457347
-123.0,124,18011.56906
-195.0,196,18012.934057
-104.0,105,18013.183747
-131.0,132,18013.78126
-136.0,37,18015.235666
-139.0,40,18016.32591
-600.0,600,18016.440227
-54.0,55,18019.584726
-38.0,39,18020.935442
-225.0,126,18022.936153
-109.0,110,18025.912252
-116.0,117,18027.668722
-134.0,35,18030.197848
-79.0,80,18032.165951
-97.0,98,18032.408768
-125.0,126,18034.424315
-58.0,59,18036.721143
-152.0,53,18038.569644
-59.0,60,18043.925218
-82.0,83,18044.178921
-294.0,195,18050.348957
-100.0,101,18050.492328
-169.0,170,18052.126605
-92.0,93,18054.701341
-141.0,42,18055.175321
-141.0,142,18060.549423
-153.0,154,18068.394841
-161.0,162,18073.48436
-41.0,42,18078.367122
-600.0,600,18081.53072
-128.0,129,18083.099821
-600.0,600,18084.954711
-600.0,600,18086.063951
-271.0,272,18086.672468
-198.0,99,18089.863876
-44.0,45,18090.376146
-62.0,63,18090.6381
-89.0,90,18097.498421
-139.0,140,18106.793126
-162.0,163,18108.875593
-121.0,122,18111.49134
-132.0,33,18112.729517
-489.0,490,18117.953283
-600.0,600,18122.279642
-99.0,100,18123.657196
-66.0,67,18125.918115
-198.0,199,18130.165002
-157.0,158,18131.387458
-83.0,84,18133.230851
-41.0,42,18136.241192
-392.0,393,18136.579451
-37.0,38,18137.503135
-138.0,139,18141.627909
-284.0,185,18143.396368
-81.0,82,18146.771531
-155.0,156,18147.954463
-71.0,72,18150.09381
-600.0,600,18151.641536
-159.0,160,18155.188424
-64.0,65,18155.825206
-600.0,600,18156.267695
-64.0,65,18157.735949
-172.0,73,18160.259105
-129.0,130,18162.222156
-138.0,39,18162.330314
-228.0,229,18162.921736
-166.0,67,18163.060865
-75.0,76,18164.726837
-104.0,105,18168.732417
-69.0,70,18170.537403
-84.0,85,18172.407674
-88.0,89,18175.074915
-112.0,113,18176.113467
-79.0,80,18177.877676
-127.0,128,18177.993567
-107.0,8,18178.989525
-81.0,82,18179.966526
-46.0,47,18180.545704
-100.0,101,18184.060268
-56.0,57,18185.59569
-370.0,371,18186.772461
-236.0,237,18187.714306
-114.0,115,18194.035965
-141.0,142,18194.477808
-189.0,190,18198.328138
-102.0,103,18198.966063
-144.0,145,18202.604832
-214.0,215,18205.108376
-96.0,97,18205.340608
-19.0,20,18207.718498
-79.0,80,18207.718554
-30.0,31,18211.236531
-207.0,208,18212.19077
-175.0,176,18215.048064
-85.0,86,18215.158024
-153.0,154,18216.892463
-47.0,48,18217.802664
-135.0,136,18218.339945
-108.0,9,18219.372201
-111.0,112,18220.586175
-22.0,23,18223.170874
-71.0,72,18223.288823
-75.0,76,18225.568348
-93.0,94,18225.821751
-156.0,57,18225.954667
-105.0,6,18226.529785
-48.0,49,18231.774972
-74.0,75,18235.657501
-155.0,156,18244.249695
-521.0,522,18245.290388
-191.0,192,18246.138096
-97.0,98,18247.282355
-290.0,291,18252.402747
-283.0,184,18253.999556
-85.0,86,18254.746628
-90.0,91,18256.439644
-153.0,54,18258.904952
-304.0,305,18260.039453
-420.0,421,18261.278011
-55.0,56,18261.389591
-127.0,28,18264.564139
-164.0,165,18265.744212
-135.0,36,18268.595543
-282.0,183,18268.835426
-72.0,73,18269.622625
-146.0,147,18271.08546
-49.0,50,18271.524026
-141.0,142,18275.350052
-178.0,179,18277.183671
-181.0,182,18281.166883
-87.0,88,18281.959557
-112.0,113,18282.926115
-224.0,125,18285.843646
-98.0,99,18287.019983
-175.0,176,18289.390783
-65.0,66,18289.795089
-91.0,92,18293.787806
-210.0,211,18293.78786
-78.0,79,18296.341464
-125.0,26,18296.839588
-176.0,177,18298.184561
-169.0,170,18301.361653
-124.0,125,18304.660594
-294.0,195,18308.781478
-212.0,113,18309.580414
-174.0,75,18309.931157
-102.0,103,18310.158692
-117.0,118,18310.657683
-150.0,151,18311.481487
-75.0,76,18313.337843
-82.0,83,18318.473635
-80.0,81,18319.67221
-86.0,87,18319.790758
-119.0,20,18320.886563
-95.0,96,18322.901664
-111.0,112,18323.981273
-113.0,114,18326.829461
-150.0,151,18327.765172
-159.0,60,18327.991195
-71.0,72,18328.391719
-130.0,31,18332.001222
-144.0,145,18336.838959
-109.0,110,18340.787336
-170.0,171,18343.255959
-280.0,181,18345.503361
-112.0,113,18345.642024
-173.0,174,18348.926629
-69.0,70,18349.411503
-37.0,38,18350.072891
-90.0,91,18353.843182
-346.0,247,18356.124459
-92.0,93,18356.496891
-170.0,171,18357.239945
-37.0,38,18358.329311
-600.0,600,18360.12704
-60.0,61,18363.059511
-62.0,63,18363.61077
-58.0,59,18364.986809
-158.0,159,18368.2951
-175.0,176,18369.621134
-65.0,66,18371.471322
-169.0,70,18379.718039
-205.0,206,18381.140155
-143.0,144,18381.863173
-120.0,121,18383.731905
-181.0,182,18384.311892
-81.0,82,18389.03827
-185.0,86,18393.811936
-299.0,300,18395.063299
-101.0,102,18401.159891
-146.0,147,18401.633216
-410.0,311,18404.758506
-200.0,201,18405.504755
-69.0,70,18409.256055
-136.0,137,18409.899614
-246.0,247,18410.017473
-135.0,136,18411.043297
-121.0,122,18415.602308
-111.0,112,18418.157905
-600.0,600,18418.386386
-144.0,145,18421.008452
-101.0,102,18421.159391
-94.0,95,18421.486728
-126.0,127,18424.059187
-64.0,65,18428.410773
-25.0,26,18431.419328
-207.0,208,18432.745579
-140.0,141,18496.952809
-164.0,165,18497.059106
-29.0,30,18497.690599
-95.0,96,18497.91139
-158.0,159,18499.170675
-243.0,144,18500.431784
-154.0,155,18501.99865
-147.0,48,18503.137907
-54.0,55,18504.170568
-85.0,86,18506.522371
-121.0,122,18509.20798
-182.0,83,18509.643192
-119.0,20,18511.446927
-53.0,54,18515.713397
-112.0,113,18515.713482
-145.0,146,18518.394154
-190.0,191,18518.546733
-103.0,4,18518.919491
-177.0,178,18519.265261
-123.0,124,18520.699217
-65.0,66,18523.420058
-189.0,90,18526.141723
-99.0,100,18530.010332
-102.0,103,18530.716774
-80.0,81,18532.70996
-129.0,130,18535.594154
-97.0,98,18537.546653
-232.0,233,18538.44944
-66.0,67,18540.610955
-103.0,104,18542.205806
-335.0,336,18542.716513
-44.0,45,18542.861576
-28.0,29,18545.818921
-66.0,67,18546.418691
-128.0,129,18550.818039
-68.0,69,18550.936656
-218.0,219,18556.4707
-49.0,50,18556.861729
-124.0,125,18557.440449
-106.0,107,18558.23429
-135.0,136,18561.964343
-70.0,71,18565.38541
-177.0,78,18566.941958
-95.0,96,18567.598398
-418.0,419,18567.713795
-152.0,153,18568.318818
-213.0,114,18569.295759
-167.0,68,18569.62843
-57.0,58,18574.895757
-116.0,117,18580.54956
-115.0,116,18581.127729
-91.0,92,18585.888175
-140.0,141,18585.888248
-181.0,182,18586.587831
-29.0,30,18589.411792
-249.0,150,18598.164523
-146.0,147,18598.456101
-107.0,108,18599.31179
-272.0,273,18599.748022
-153.0,154,18603.749743
-126.0,127,18604.075525
-61.0,62,18606.106632
-69.0,70,18607.529198
-103.0,4,18608.023228
-600.0,600,18610.205346
-109.0,110,18610.734675
-126.0,127,18612.948005
-133.0,134,18619.246117
-81.0,82,18620.24996
-78.0,79,18622.151653
-133.0,134,18623.712832
-154.0,155,18624.359298
-181.0,182,18625.290557
-164.0,165,18629.260165
-115.0,116,18632.513669
-117.0,118,18633.702781
-127.0,128,18636.6155
-600.0,600,18638.99772
-145.0,146,18641.607868
-161.0,162,18642.511776
-121.0,122,18642.963104
-213.0,214,18647.976614
-43.0,44,18648.090878
-85.0,86,18648.885737
-169.0,170,18651.793655
-137.0,138,18652.330526
-66.0,67,18655.637419
-200.0,201,18656.496883
-82.0,83,18662.110299
-87.0,88,18662.110373
-171.0,172,18662.521345
-68.0,69,18664.929874
-95.0,96,18667.030316
-49.0,50,18668.27673
-175.0,176,18669.324261
-138.0,139,18677.998357
-155.0,156,18682.5005
-139.0,140,18682.830282
-141.0,142,18684.248082
-136.0,137,18684.740863
-205.0,106,18694.641328
-157.0,158,18696.028246
-130.0,131,18699.502255
-446.0,347,18701.820378
-150.0,151,18702.174959
-484.0,485,18703.658855
-180.0,181,18703.658909
-92.0,93,18706.741782
-600.0,600,18710.539751
-93.0,94,18714.385311
-113.0,114,18714.855428
-140.0,141,18718.332586
-47.0,48,18720.319427
-155.0,56,18720.770769
-248.0,149,18723.895096
-221.0,222,18724.96062
-198.0,199,18726.62419
-68.0,69,18728.478071
-27.0,28,18729.867694
-306.0,307,18730.131631
-206.0,207,18734.561519
-121.0,122,18739.244782
-178.0,179,18739.244841
-161.0,162,18739.794631
-98.0,99,18740.030656
-72.0,73,18743.019021
-170.0,171,18743.842648
-146.0,147,18747.223201
-135.0,36,18747.223261
-154.0,155,18747.954209
-95.0,96,18750.354637
-191.0,92,18750.500736
-145.0,46,18752.58265
-112.0,113,18756.977623
-168.0,169,18759.59855
-180.0,181,18760.173665
-76.0,77,18761.54528
-135.0,136,18763.95796
-116.0,117,18764.302695
-102.0,3,18764.302758
-150.0,151,18765.009214
-229.0,130,18765.689202
-43.0,44,18770.044097
-99.0,100,18771.911168
-72.0,73,18772.623837
-137.0,138,18773.121356
-89.0,90,18776.223213
-197.0,198,18783.390109
-160.0,161,18783.534333
-94.0,95,18784.775721
-161.0,162,18791.145502
-78.0,79,18792.355384
-104.0,105,18795.632639
-142.0,143,18801.342561
-75.0,76,18804.45369
-243.0,244,18804.877995
-144.0,145,18809.327957
-59.0,60,18811.481327
-392.0,393,18816.062219
-615.0,516,18822.16049
-197.0,98,18822.888796
-37.0,38,18826.498146
-223.0,224,18827.306121
-193.0,194,18827.423263
-163.0,64,18830.353654
-164.0,165,18835.072401
-106.0,107,18839.837534
-437.0,438,18842.341072
-203.0,104,18842.487931
-600.0,600,18843.101441
-38.0,39,18847.118409
-39.0,40,18847.768591
-183.0,184,18848.097181
-302.0,203,18851.171772
-138.0,39,18852.306313
-147.0,148,18857.130649
-56.0,57,18857.790582
-60.0,61,18859.286441
-122.0,123,18861.337058
-137.0,138,18864.24422
-574.0,475,18864.899164
-75.0,76,18866.90496
-87.0,88,18874.38352
-127.0,128,18876.313023
-209.0,210,18881.652602
-355.0,356,18883.808053
-78.0,79,18885.442204
-139.0,140,18890.606837
-95.0,96,18892.734304
-329.0,330,18897.566702
-390.0,291,18898.473925
-600.0,600,18905.340716
-196.0,197,18906.674069
-186.0,187,18907.148212
-149.0,150,18908.010662
-63.0,64,18913.92413
-281.0,182,18918.503227
-96.0,97,18918.940293
-109.0,110,18919.569603
-238.0,239,18920.149496
-163.0,164,18923.854716
-109.0,10,18925.092551
-275.0,276,18930.164413
-88.0,89,18930.387035
-159.0,160,18932.195757
-43.0,44,18935.163103
-46.0,47,18935.782588
-600.0,600,18935.905078
-152.0,153,18936.15812
-159.0,160,18938.024584
-180.0,181,18946.04449
-187.0,88,18946.158867
-95.0,96,18946.424193
-236.0,237,18946.424258
-153.0,154,18950.296442
-58.0,59,18953.156128
-57.0,58,18953.377116
-170.0,171,18955.867394
-48.0,49,18955.979794
-168.0,169,18957.642247
-186.0,187,18957.914341
-134.0,135,18962.032618
-68.0,69,18963.999607
-70.0,71,18964.13911
-105.0,106,18970.175038
-93.0,94,18972.878409
-279.0,180,18973.955544
-113.0,114,18977.384902
-105.0,106,18982.683015
-91.0,92,18983.974958
-153.0,154,18991.843272
-85.0,86,18992.475776
-396.0,397,18992.699385
-56.0,57,18998.54301
-241.0,142,19000.138391
-151.0,152,19010.074876
-178.0,179,19012.884675
-147.0,148,19015.255857
-145.0,146,19016.772522
-80.0,81,19019.44733
-600.0,600,19022.887105
-86.0,87,19026.851317
-38.0,39,19027.242765
-600.0,600,19027.479862
-82.0,83,19029.137664
-600.0,600,19033.59606
-64.0,65,19034.559609
-185.0,186,19034.700909
-166.0,167,19034.949775
-186.0,87,19037.708074
-29.0,30,19038.047741
-94.0,95,19038.399935
-32.0,33,19038.512805
-78.0,79,19043.999447
-49.0,50,19044.140695
-139.0,140,19045.408901
-108.0,109,19046.132481
-600.0,600,19046.818125
-44.0,45,19050.567183
-120.0,121,19051.539526
-119.0,120,19051.787617
-44.0,45,19051.901929
-116.0,117,19051.901986
-28.0,29,19055.078996
-114.0,115,19057.612867
-124.0,125,19060.727835
-75.0,76,19060.950456
-103.0,4,19061.456761
-95.0,96,19063.402256
-119.0,120,19066.051353
-143.0,144,19067.54168
-64.0,65,19068.308165
-112.0,113,19070.71188
-328.0,229,19070.711934
-141.0,142,19071.64962
-39.0,40,19135.730198
-109.0,110,19136.34945
-92.0,93,19137.005497
-82.0,83,19138.10728
-149.0,150,19144.775493
-185.0,86,19146.679384
-325.0,226,19147.60677
-116.0,117,19149.450115
-44.0,45,19151.814324
-60.0,61,19154.507486
-267.0,168,19154.61922
-50.0,51,19157.786502
-81.0,82,19159.043424
-196.0,197,19160.757092
-177.0,178,19165.46177
-102.0,103,19166.769099
-80.0,81,19167.272676
-339.0,340,19171.179647
-127.0,128,19174.023732
-170.0,171,19174.601483
-94.0,95,19177.816437
-112.0,113,19180.334457
-173.0,174,19180.956281
-37.0,38,19182.230605
-148.0,149,19182.815251
-103.0,104,19185.983987
-46.0,47,19186.306035
-168.0,169,19190.550757
-89.0,90,19192.563531
-21.0,22,19193.131175
-103.0,104,19197.897576
-137.0,138,19198.547435
-600.0,600,19200.216538
-123.0,124,19200.680382
-77.0,78,19202.205331
-296.0,197,19203.174664
-143.0,144,19209.62032
-104.0,105,19211.215176
-88.0,89,19213.762361
-26.0,27,19214.335191
-144.0,145,19215.195109
-136.0,137,19216.525928
-75.0,76,19218.556865
-539.0,440,19226.050623
-219.0,220,19228.33818
-258.0,159,19232.620052
-119.0,120,19232.736551
-262.0,163,19233.665077
-86.0,87,19238.277037
-55.0,56,19238.938062
-64.0,65,19239.855395
-157.0,58,19246.263168
-410.0,411,19248.498608
-110.0,111,19250.980037
-218.0,219,19251.218056
-451.0,352,19255.845113
-47.0,48,19256.638184
-203.0,104,19258.493008
-104.0,105,19263.130096
-130.0,131,19263.880666
-185.0,86,19266.895756
-81.0,82,19268.235837
-61.0,62,19271.189711
-78.0,79,19272.448837
-46.0,47,19278.216096
-600.0,600,19286.45417
-509.0,410,19286.782903
-143.0,144,19288.069702
-62.0,63,19295.135735
-248.0,249,19296.950642
-275.0,176,19298.241572
-127.0,128,19301.151611
-589.0,590,19301.588693
-514.0,415,19303.931907
-33.0,34,19305.369617
-114.0,115,19311.136771
-78.0,79,19312.77548
-155.0,156,19314.582155
-119.0,120,19314.701313
-276.0,177,19315.161128
-52.0,53,19318.950291
-120.0,121,19319.207604
-72.0,73,19323.448413
-216.0,117,19328.187529
-41.0,42,19328.439356
-150.0,151,19328.563578
-142.0,143,19331.097031
-125.0,126,19333.487549
-600.0,600,19335.722843
-154.0,155,19336.926642
-74.0,75,19339.476604
-45.0,46,19340.878732
-119.0,120,19342.251554
-141.0,142,19344.31134
-118.0,119,19347.031189
-170.0,171,19347.916525
-31.0,32,19350.746313
-105.0,106,19351.744366
-600.0,600,19354.738255
-66.0,67,19355.692669
-153.0,54,19356.9346
-176.0,177,19357.300219
-61.0,62,19358.813597
-115.0,16,19359.035143
-248.0,149,19359.248761
-170.0,171,19363.773306
-83.0,84,19364.110098
-44.0,45,19369.35914
-368.0,269,19371.545579
-171.0,172,19374.905243
-184.0,185,19379.741179
-144.0,145,19380.118417
-55.0,56,19381.231303
-107.0,108,19383.41508
-138.0,139,19384.690525
-413.0,314,19392.576085
-322.0,323,19396.091763
-171.0,172,19399.789445
-181.0,182,19401.316654
-148.0,149,19402.340836
-197.0,98,19403.952283
-137.0,38,19406.737715
-233.0,234,19408.529879
-36.0,37,19411.102078
-270.0,271,19415.356016
-631.0,532,19419.912472
-165.0,166,19423.402618
-151.0,152,19426.435862
-131.0,132,19426.655009
-331.0,232,19428.519084
-255.0,256,19429.827585
-299.0,300,19431.143682
-110.0,11,19432.451834
-124.0,125,19434.638651
-169.0,170,19435.211608
-99.0,100,19438.003975
-41.0,42,19439.501605
-98.0,99,19439.946389
-151.0,152,19441.126059
-134.0,135,19442.311361
-39.0,40,19442.677902
-68.0,69,19443.324564
-51.0,52,19446.164533
-171.0,172,19449.670679
-111.0,112,19455.361161
-139.0,140,19457.420639
-131.0,132,19457.992601
-323.0,224,19458.473474
-165.0,166,19458.790915
-114.0,115,19459.399931
-101.0,102,19461.556616
-161.0,162,19461.981373
-59.0,60,19462.207873
-26.0,27,19465.241704
-35.0,36,19466.563691
-92.0,93,19468.891796
-195.0,96,19472.924382
-62.0,63,19476.428659
-160.0,161,19477.423164
-95.0,96,19477.937537
-103.0,4,19478.415827
-196.0,197,19481.996771
-103.0,104,19485.240272
-178.0,179,19486.405976
-28.0,29,19490.090782
-140.0,141,19493.353537
-412.0,313,19494.560386
-297.0,298,19494.783709
-170.0,171,19497.88677
-136.0,137,19498.516971
-47.0,48,19500.356816
-54.0,55,19500.881639
-146.0,147,19502.505502
-59.0,60,19504.599672
-38.0,39,19504.737241
-58.0,59,19509.679606
-166.0,167,19512.722456
-294.0,195,19512.8427
-149.0,150,19515.698062
-149.0,150,19522.043216
-24.0,25,19525.047353
-181.0,182,19525.956936
-115.0,116,19526.066024
-137.0,138,19528.802232
-55.0,56,19531.775692
-137.0,138,19532.00526
-76.0,77,19535.085011
-75.0,76,19535.085076
-247.0,248,19538.517658
-94.0,95,19546.345285
-600.0,600,19548.865398
-108.0,109,19551.291695
-247.0,248,19560.696055
-274.0,275,19561.041693
-128.0,129,19561.259488
-140.0,141,19565.123894
-123.0,124,19565.59064
-167.0,68,19568.487938
-600.0,600,19570.721851
-132.0,33,19572.142882
-86.0,87,19575.262151
-131.0,132,19575.812445
-52.0,53,19577.939736
-151.0,152,19578.315945
-33.0,34,19581.830638
-141.0,142,19586.669076
-95.0,96,19589.372176
-142.0,143,19598.242978
-209.0,210,19599.426093
-600.0,600,19601.073339
-101.0,102,19601.184867
-125.0,126,19601.298937
-600.0,600,19603.977128
-50.0,51,19604.106051
-343.0,344,19604.21952
-58.0,59,19607.884863
-106.0,107,19613.478655
-110.0,111,19617.201502
-159.0,160,19617.928089
-124.0,125,19618.581931
-111.0,112,19620.776036
-51.0,52,19623.800311
-59.0,60,19625.415614
-74.0,75,19629.48286
-224.0,225,19630.229991
-66.0,67,19631.650517
-162.0,163,19636.335649
-168.0,69,19638.496399
-32.0,33,19639.972898
-455.0,356,19642.381577
-600.0,600,19645.222832
-173.0,174,19645.808108
-166.0,167,19649.26988
-67.0,68,19653.874623
-197.0,98,19653.874684
-190.0,191,19654.12932
-25.0,26,19657.081949
-161.0,162,19657.305062
-42.0,43,19658.785734
-89.0,90,19659.556249
-64.0,65,19661.308003
-438.0,439,19664.695471
-53.0,54,19665.775699
-83.0,84,19666.862662
-92.0,93,19667.690093
-133.0,34,19668.483182
-233.0,234,19672.278132
-227.0,128,19673.321261
-120.0,121,19675.076891
-88.0,89,19677.863964
-98.0,99,19678.271318
-168.0,169,19685.188011
-153.0,154,19686.177619
-221.0,122,19686.298828
-157.0,158,19691.947233
-120.0,121,19692.194772
-49.0,50,19692.415954
-158.0,159,19693.757026
-244.0,145,19695.176039
-85.0,86,19695.285691
-99.0,100,19698.21173
-61.0,62,19699.330395
-107.0,108,19705.326017
-85.0,86,19705.659407
-100.0,101,19705.910171
-122.0,123,19706.858634
-71.0,72,19706.858701
-600.0,600,19710.328419
-140.0,41,19710.895018
-175.0,176,19762.897097
-144.0,145,19763.009092
-165.0,166,19772.532271
-234.0,135,19772.77483
-193.0,194,19775.711266
-213.0,214,19776.835859
-126.0,127,19777.461915
-184.0,185,19777.940717
-229.0,230,19778.427179
-163.0,164,19781.538644
-140.0,41,19781.538704
-42.0,43,19782.406622
-93.0,94,19783.556827
-121.0,122,19792.333839
-102.0,103,19793.334527
-170.0,171,19795.183345
-140.0,141,19809.789901
-173.0,174,19812.462223
-288.0,289,19814.914801
-196.0,197,19818.107141
-75.0,76,19818.469449
-39.0,40,19819.520911
-117.0,18,19821.675077
-434.0,335,19822.323444
-43.0,44,19823.354845
-118.0,119,19832.314301
-78.0,79,19832.423521
-97.0,98,19833.105079
-98.0,99,19833.800084
-189.0,190,19834.660895
-170.0,71,19841.493364
-600.0,600,19842.102504
-668.0,569,19843.987896
-107.0,108,19845.280156
-130.0,131,19847.847651
-58.0,59,19849.031393
-134.0,135,19849.714405
-129.0,130,19849.938723
-684.0,585,19850.360586
-173.0,74,19852.631733
-66.0,67,19853.110474
-25.0,26,19853.460503
-166.0,67,19856.854283
-54.0,55,19859.824866
-178.0,79,19861.830056
-48.0,49,19862.476569
-119.0,120,19863.597
-137.0,138,19863.855503
-126.0,127,19867.838611
-46.0,47,19867.950035
-233.0,234,19868.725702
-194.0,195,19872.4658
-93.0,94,19872.588295
-89.0,90,19874.023435
-127.0,128,19874.604505
-77.0,78,19876.772567
-116.0,117,19877.370825
-84.0,85,19884.018765
-99.0,100,19886.195905
-84.0,85,19886.655216
-28.0,29,19887.233578
-164.0,165,19891.808582
-176.0,177,19897.846392
-59.0,60,19898.586041
-264.0,265,19903.26463
-63.0,64,19905.466434
-200.0,201,19910.803818
-308.0,209,19911.161731
-72.0,73,19911.994631
-242.0,243,19914.63323
-145.0,146,19915.856999
-40.0,41,19916.596479
-45.0,46,19919.810408
-77.0,78,19920.036675
-167.0,168,19924.853224
-517.0,518,19928.093482
-110.0,111,19928.652091
-206.0,107,19932.192747
-105.0,106,19932.298324
-600.0,600,19938.553804
-290.0,191,19938.882126
-132.0,33,19942.380541
-140.0,141,19945.14709
-67.0,68,19946.770565
-202.0,203,19948.734661
-195.0,196,19950.995452
-160.0,161,19951.20741
-165.0,166,19951.693732
-44.0,45,19952.046586
-186.0,87,19952.474648
-466.0,367,19953.429595
-79.0,80,19954.468845
-86.0,87,19961.983264
-71.0,72,19962.621566
-128.0,129,19965.714165
-129.0,130,19966.044771
-121.0,22,19968.479604
-171.0,172,19971.289562
-62.0,63,19972.92781
-42.0,43,19973.523981
-226.0,227,19974.676784
-151.0,152,19979.608819
-52.0,53,19979.854487
-250.0,251,19981.407182
-163.0,164,19981.650234
-95.0,96,19982.556195
-151.0,52,19985.500472
-69.0,70,19987.85212
-131.0,132,19988.359537
-166.0,167,19994.154461
-113.0,114,19994.846861
-147.0,148,19998.518069
-139.0,140,20001.725419
-39.0,40,20003.16405
-156.0,157,20006.328205
-42.0,43,20006.58302
-173.0,174,20007.88684
-579.0,480,20008.699896
-366.0,267,20013.269688
-175.0,176,20014.29924
-192.0,193,20017.023948
-82.0,83,20017.507965
-97.0,98,20017.725368
-198.0,99,20018.089667
-137.0,138,20019.045638
-96.0,97,20019.997271
-74.0,75,20022.05393
-55.0,56,20024.820202
-93.0,94,20028.429215
-104.0,105,20030.325703
-145.0,146,20031.752369
-129.0,130,20033.027431
-129.0,130,20035.399153
-177.0,178,20039.881191
-175.0,176,20042.460257
-108.0,109,20045.187108
-50.0,51,20048.159518
-162.0,163,20048.638064
-225.0,126,20049.442213
-188.0,189,20049.66619
-92.0,93,20050.281525
-65.0,66,20052.692245
-249.0,250,20053.311164
-119.0,120,20061.914679
-114.0,115,20062.656182
-130.0,131,20064.641573
-171.0,172,20068.224737
-64.0,65,20069.351575
-155.0,156,20071.177681
-113.0,114,20075.720206
-138.0,139,20080.459257
-82.0,83,20080.575494
-109.0,110,20081.762771
-66.0,67,20083.099186
-148.0,149,20085.167073
-477.0,478,20085.924013
-100.0,101,20093.416203
-113.0,114,20093.654546
-102.0,103,20095.084845
-122.0,123,20099.186905
-125.0,126,20100.31141
-175.0,176,20100.574586
-31.0,32,20104.393482
-97.0,98,20104.721386
-58.0,59,20106.210107
-112.0,113,20108.026493
-110.0,111,20113.004113
-176.0,177,20113.727316
-90.0,91,20116.448123
-48.0,49,20118.609877
-600.0,600,20118.725437
-600.0,600,20121.206643
-110.0,111,20126.7458
-56.0,57,20127.958305
-231.0,232,20131.481255
-123.0,124,20133.521181
-113.0,14,20135.208522
-168.0,169,20136.535803
-175.0,176,20139.590766
-213.0,114,20140.330913
-281.0,282,20140.889379
-320.0,321,20141.691971
-170.0,171,20148.29565
-76.0,77,20150.055516
-167.0,168,20151.467073
-108.0,109,20152.324403
-135.0,136,20152.436496
-159.0,160,20153.853356
-168.0,169,20161.213825
-189.0,190,20162.313692
-123.0,124,20162.451149
-80.0,81,20163.17096
-124.0,125,20166.744565
-56.0,57,20167.865051
-174.0,175,20169.986848
-163.0,164,20171.088536
-200.0,101,20174.111739
-103.0,104,20175.303866
-121.0,122,20176.801882
-88.0,89,20178.39973
-52.0,53,20180.319112
-116.0,117,20180.432984
-109.0,110,20182.780651
-58.0,59,20183.37162
-57.0,58,20184.845494
-92.0,93,20185.872636
-155.0,56,20186.56344
-148.0,149,20188.368975
-68.0,69,20191.347176
-379.0,380,20195.029363
-97.0,98,20196.056318
-91.0,92,20197.086897
-132.0,133,20198.01113
-90.0,91,20198.75384
-29.0,30,20199.583263
-89.0,90,20201.575456
-37.0,38,20203.069502
-51.0,52,20203.069561
-218.0,219,20205.385901
-109.0,110,20207.814262
-192.0,193,20208.211207
-98.0,99,20209.636966
-129.0,130,20214.705663
-61.0,62,20215.406281
-74.0,75,20216.619941
-65.0,66,20217.300947
-163.0,164,20220.799576
-154.0,155,20223.653401
-194.0,195,20226.030932
-203.0,104,20227.600735
-208.0,209,20227.600808
-39.0,40,20230.475133
-76.0,77,20232.448807
-130.0,131,20232.448865
-53.0,54,20233.67903
-115.0,116,20234.167665
-187.0,188,20236.489628
-75.0,76,20239.384574
-87.0,88,20246.80686
-274.0,175,20247.76664
-117.0,118,20247.881335
-141.0,142,20250.119396
-117.0,18,20252.134388
-173.0,174,20252.462242
-71.0,72,20255.985129
-167.0,168,20258.543654
-75.0,76,20261.144653
-84.0,85,20268.122945
-212.0,213,20270.915088
-168.0,169,20275.032447
-128.0,129,20275.663815
-233.0,234,20278.749878
-103.0,104,20282.730054
-147.0,148,20285.068255
-600.0,600,20285.427248
-92.0,93,20285.847873
-124.0,125,20293.335732
-64.0,65,20293.550552
-72.0,73,20293.659523
-74.0,75,20294.262885
-186.0,187,20297.410003
-143.0,144,20299.350704
-64.0,65,20300.908757
-600.0,600,20301.188948
-79.0,80,20303.260992
-45.0,46,20304.538141
-47.0,48,20306.508059
-98.0,99,20308.788948
-76.0,77,20312.33689
-61.0,62,20313.776495
-179.0,180,20314.023265
-113.0,114,20314.527773
-183.0,184,20314.753058
-600.0,600,20316.570518
-103.0,104,20325.717125
-193.0,194,20326.850927
-132.0,133,20328.752337
-61.0,62,20334.234164
-175.0,176,20334.737569
-181.0,182,20335.753662
-96.0,97,20416.177477
-100.0,101,20423.023713
-122.0,123,20424.564655
-146.0,147,20432.718903
-54.0,55,20438.999482
-149.0,150,20440.089228
-145.0,146,20441.189398
-60.0,61,20446.741062
-362.0,363,20451.073399
-441.0,442,20451.957851
-600.0,600,20453.087826
-152.0,153,20456.279583
-600.0,600,20456.536992
-118.0,119,20460.419238
-600.0,600,20460.752565
-201.0,202,20464.207491
-66.0,67,20464.335867
-113.0,114,20464.458016
-53.0,54,20466.710644
-201.0,102,20468.206578
-138.0,139,20469.219369
-69.0,70,20472.23915
-295.0,196,20474.727906
-52.0,53,20480.997002
-130.0,131,20483.519452
-136.0,137,20485.242993
-120.0,121,20486.520531
-243.0,244,20489.306265
-55.0,56,20491.57112
-55.0,56,20492.989058
-96.0,97,20504.192554
-170.0,171,20509.14058
-228.0,229,20510.146075
-41.0,42,20514.228914
-117.0,118,20524.110778
-428.0,429,20531.178336
-600.0,600,20534.504071
-600.0,600,20534.619108
-600.0,600,20536.889927
-123.0,124,20538.456492
-109.0,110,20543.953082
-564.0,465,20545.996633
-172.0,73,20546.897566
-115.0,116,20547.910851
-297.0,298,20548.934982
-59.0,60,20554.099543
-73.0,74,20554.806756
-194.0,195,20557.185741
-165.0,166,20563.327072
-240.0,241,20564.878787
-153.0,154,20566.832638
-126.0,127,20568.666238
-600.0,600,20574.187844
-149.0,150,20574.465393
-230.0,231,20574.799158
-122.0,123,20580.6541
-144.0,145,20585.034066
-51.0,52,20586.678985
-134.0,135,20589.647353
-56.0,57,20591.668363
-258.0,259,20594.564402
-200.0,201,20597.326812
-95.0,96,20598.084616
-85.0,86,20604.636102
-122.0,123,20606.066297
-77.0,78,20606.974387
-170.0,171,20609.749441
-52.0,53,20612.530425
-61.0,62,20617.164156
-123.0,124,20619.331369
-63.0,64,20620.080684
-600.0,600,20624.64278
-55.0,56,20626.086582
-62.0,63,20627.708746
-585.0,486,20631.661665
-206.0,207,20631.809927
-600.0,600,20633.266285
-146.0,147,20634.726883
-72.0,73,20636.130557
-346.0,347,20638.081067
-87.0,88,20641.646131
-135.0,136,20641.766428
-82.0,83,20642.661393
-198.0,99,20643.025537
-168.0,169,20644.028933
-47.0,48,20647.239292
-98.0,99,20649.431607
-219.0,120,20649.84192
-28.0,29,20653.087249
-137.0,38,20653.805763
-98.0,99,20655.499664
-192.0,193,20656.814226
-127.0,128,20657.8462
-246.0,147,20658.61294
-159.0,60,20660.704407
-156.0,157,20660.707102
-36.0,37,20660.929318
-149.0,150,20664.359003
-78.0,79,20669.670666
-125.0,126,20669.78193
-146.0,147,20669.89574
-81.0,82,20670.017925
-112.0,113,20670.655536
-238.0,139,20676.811092
-63.0,64,20677.936066
-71.0,72,20678.078191
-162.0,163,20683.118173
-119.0,120,20683.491479
-217.0,218,20683.491532
-72.0,73,20686.5557
-157.0,158,20688.277467
-215.0,116,20690.387903
-166.0,67,20691.099518
-40.0,41,20693.069881
-45.0,46,20696.401044
-53.0,54,20696.646351
-181.0,182,20699.142823
-86.0,87,20706.483275
-77.0,78,20707.846114
-193.0,194,20708.800495
-156.0,157,20710.991509
-43.0,44,20713.007391
-101.0,102,20718.062228
-197.0,198,20718.865987
-407.0,308,20718.866044
-144.0,145,20725.252861
-130.0,131,20725.675426
-72.0,73,20727.01707
-77.0,78,20736.180045
-159.0,160,20737.262158
-600.0,600,20739.115961
-122.0,123,20739.695188
-174.0,175,20746.342518
-58.0,59,20746.653975
-103.0,104,20751.276578
-389.0,290,20751.74001
-691.0,592,20751.864676
-151.0,152,20753.997652
-71.0,72,20754.868377
-164.0,165,20756.494782
-88.0,89,20764.471244
-111.0,112,20764.979194
-168.0,169,20766.091405
-142.0,143,20768.36449
-100.0,101,20768.36455
-504.0,505,20771.378323
-197.0,98,20776.045261
-202.0,203,20778.29396
-112.0,113,20781.105232
-146.0,147,20781.105293
-159.0,160,20784.014502
-127.0,128,20785.807238
-186.0,187,20789.620061
-186.0,87,20790.984522
-154.0,155,20793.722427
-71.0,72,20794.230718
-391.0,392,20796.347419
-52.0,53,20797.242325
-192.0,193,20800.557543
-192.0,193,20806.327815
-169.0,170,20809.183047
-215.0,116,20810.522458
-159.0,160,20812.598812
-113.0,114,20813.497236
-50.0,51,20818.652879
-90.0,91,20819.810795
-116.0,117,20819.918391
-208.0,209,20820.533325
-112.0,113,20823.944041
-59.0,60,20830.853166
-106.0,7,20831.695541
-107.0,108,20832.580749
-163.0,164,20832.912138
-138.0,139,20834.95164
-128.0,129,20835.67002
-160.0,161,20838.70536
-600.0,600,20850.774926
-180.0,181,20852.647762
-176.0,177,20852.988742
-48.0,49,20856.470079
-207.0,208,20857.079299
-168.0,169,20858.573726
-49.0,50,20859.04725
-55.0,56,20863.780057
-600.0,600,20863.780113
-82.0,83,20866.466232
-65.0,66,20866.466295
-128.0,129,20868.010949
-405.0,306,20871.444275
-127.0,128,20874.025709
-60.0,61,20875.071369
-106.0,107,20876.18375
-139.0,140,20880.012691
-65.0,66,20881.757467
-52.0,53,20882.509863
-147.0,148,20883.628562
-33.0,34,20884.093617
-170.0,171,20886.392687
-550.0,451,20887.774379
-118.0,119,20895.778675
-111.0,112,20896.820976
-213.0,214,20900.047146
-246.0,247,20900.259592
-32.0,33,20900.501045
-107.0,8,20901.173324
-175.0,176,20902.882271
-65.0,66,20903.219891
-152.0,153,20905.390799
-42.0,43,20907.907622
-67.0,68,20907.907695
-107.0,108,20913.034338
-279.0,280,20918.760238
-135.0,136,20919.013879
-67.0,68,20920.729865
-184.0,185,20922.509607
-75.0,76,20929.369629
-94.0,95,20929.482504
-97.0,98,20930.069366
-193.0,194,20930.069419
-207.0,208,20931.759211
-38.0,39,20934.248882
-34.0,35,20934.391786
-145.0,146,20939.519835
-95.0,96,20942.987626
-149.0,150,20946.9323
-144.0,145,20947.043098
-548.0,549,20947.654419
-58.0,59,20949.910993
-133.0,34,20951.730737
-152.0,153,20952.260403
-172.0,173,20954.498728
-71.0,72,20955.574578
-469.0,470,20960.121855
-187.0,188,20961.554617
-42.0,43,20965.044836
-99.0,100,20966.140605
-28.0,29,20968.537049
-146.0,147,20968.95103
-164.0,165,20969.289394
-118.0,119,20969.397107
-222.0,223,20973.258177
-47.0,48,20974.975517
-89.0,90,20978.815794
-233.0,234,20979.453334
-159.0,160,20980.0669
-65.0,66,20982.608358
-137.0,138,20985.194858
-281.0,182,20987.094002
-74.0,75,20988.01414
-105.0,106,20991.037344
-35.0,36,20991.270807
-206.0,207,20992.813506
-123.0,124,21085.136018
-102.0,103,21085.25966
-38.0,39,21086.391382
-217.0,218,21089.088714
-93.0,94,21092.751284
-148.0,149,21093.002262
-100.0,101,21095.086116
-116.0,117,21098.287608
-110.0,111,21101.568621
-144.0,145,21102.664621
-78.0,79,21103.918607
-71.0,72,21106.356873
-135.0,136,21108.172042
-75.0,76,21110.250486
-71.0,72,21110.890831
-143.0,44,21111.411608
-274.0,275,21116.118904
-64.0,65,21117.317649
-138.0,139,21119.298012
-107.0,108,21119.935973
-253.0,254,21121.217665
-129.0,130,21125.325213
-71.0,72,21125.457963
-126.0,127,21125.56436
-89.0,90,21126.223023
-45.0,46,21126.674613
-69.0,70,21127.310257
-36.0,37,21129.627055
-62.0,63,21133.468772
-135.0,136,21135.555105
-210.0,111,21137.845524
-230.0,131,21140.38891
-99.0,100,21140.931505
-144.0,145,21143.100288
-152.0,153,21144.651424
-600.0,600,21146.659346
-104.0,105,21147.45647
-156.0,57,21147.456527
-74.0,75,21153.388988
-190.0,91,21153.603515
-116.0,117,21153.821356
-185.0,186,21154.648529
-161.0,162,21156.633482
-77.0,78,21156.633556
-85.0,86,21156.75789
-58.0,59,21160.402557
-132.0,133,21163.243662
-23.0,24,21163.377082
-190.0,91,21164.855265
-103.0,104,21166.056112
-132.0,133,21170.327647
-122.0,123,21171.103219
-148.0,149,21174.176121
-46.0,47,21175.677365
-100.0,101,21176.204039
-107.0,108,21178.318256
-195.0,196,21179.362716
-92.0,93,21181.598
-54.0,55,21181.936691
-168.0,169,21182.515707
-178.0,179,21183.7972
-113.0,14,21184.110187
-117.0,18,21186.213006
-79.0,80,21188.394148
-57.0,58,21188.507977
-53.0,54,21194.862208
-201.0,202,21197.206379
-187.0,188,21203.199561
-67.0,68,21205.103182
-98.0,99,21206.287607
-271.0,272,21207.571541
-198.0,199,21209.139947
-179.0,180,21209.261746
-34.0,35,21211.480813
-26.0,27,21212.260782
-36.0,37,21213.268892
-404.0,305,21213.268947
-277.0,278,21215.786656
-53.0,54,21217.824186
-135.0,136,21221.946306
-168.0,69,21225.644856
-107.0,108,21225.767959
-287.0,188,21226.619013
-174.0,175,21232.410934
-177.0,178,21233.888702
-73.0,74,21234.283628
-109.0,10,21235.510219
-100.0,101,21238.56152
-59.0,60,21242.564095
-98.0,99,21244.133503
-19.0,20,21246.422588
-303.0,304,21251.060933
-98.0,99,21253.98591
-172.0,173,21254.1288
-22.0,23,21256.859337
-54.0,55,21257.514385
-182.0,183,21259.8954
-70.0,71,21262.250938
-56.0,57,21263.3565
-331.0,332,21264.40309
-165.0,166,21265.723179
-88.0,89,21267.698661
-28.0,29,21269.074753
-588.0,589,21271.489252
-216.0,117,21275.901652
-141.0,142,21276.403773
-113.0,114,21276.734594
-126.0,127,21279.210735
-146.0,147,21284.981902
-549.0,550,21285.938848
-159.0,60,21286.303084
-125.0,126,21290.577407
-173.0,174,21291.818233
-150.0,151,21293.767564
-188.0,189,21298.477679
-270.0,271,21300.437562
-145.0,146,21301.639613
-156.0,157,21304.126013
-172.0,173,21305.685241
-237.0,138,21306.279733
-42.0,43,21310.742243
-110.0,111,21311.288924
-158.0,159,21312.071273
-165.0,166,21320.833833
-187.0,188,21322.16362
-181.0,182,21325.354792
-291.0,292,21325.469877
-166.0,167,21325.695111
-146.0,147,21328.331092
-166.0,167,21330.210879
-69.0,70,21333.654971
-124.0,125,21335.530013
-207.0,208,21336.393036
-139.0,140,21338.645812
-81.0,82,21339.84357
-248.0,149,21343.197797
-89.0,90,21346.802681
-61.0,62,21346.912048
-104.0,5,21347.377877
-163.0,164,21352.916988
-195.0,96,21354.447119
-163.0,164,21354.82181
-53.0,54,21359.087725
-46.0,47,21359.751937
-271.0,272,21360.134196
-335.0,336,21364.680762
-156.0,157,21365.342263
-105.0,106,21366.971657
-91.0,92,21370.364269
-117.0,118,21373.728736
-78.0,79,21374.269974
-98.0,99,21375.93558
-49.0,50,21376.159078
-166.0,167,21378.432476
-59.0,60,21380.741023
-71.0,72,21386.717349
-177.0,178,21387.469645
-214.0,115,21389.607152
-442.0,443,21390.033586
-38.0,39,21391.2627
-148.0,149,21391.62243
-498.0,399,21393.602673
-165.0,166,21395.152721
-168.0,69,21399.169218
-129.0,130,21404.326387
-212.0,213,21405.068177
-102.0,103,21405.284573
-126.0,27,21407.403768
-175.0,76,21407.757033
-156.0,157,21407.898058
-176.0,177,21411.748506
-146.0,147,21411.849053
-54.0,55,21414.224509
-240.0,241,21415.163008
-88.0,89,21415.609534
-79.0,80,21416.561394
-34.0,35,21419.398655
-69.0,70,21422.870592
-179.0,180,21425.382935
-121.0,122,21425.382998
-85.0,86,21426.119507
-126.0,127,21426.119566
-278.0,179,21427.908122
-165.0,166,21438.255304
-116.0,117,21439.422157
-149.0,150,21439.893805
-253.0,254,21442.940232
-156.0,157,21443.43862
-152.0,153,21445.478766
-180.0,181,21446.132486
-139.0,40,21447.82956
-49.0,50,21448.518473
-91.0,92,21448.64608
-63.0,64,21452.544871
-133.0,134,21454.69979
-80.0,81,21455.299905
-79.0,80,21457.82325
-168.0,169,21459.278991
-389.0,290,21459.279056
-178.0,179,21468.403673
-121.0,122,21468.752123
-147.0,148,21469.704151
-125.0,126,21469.833622
-204.0,205,21472.346667
-148.0,149,21474.947367
-155.0,156,21477.155016
-164.0,165,21478.271989
-158.0,59,21479.142543
-20.0,21,21479.744038
-96.0,97,21481.130682
-130.0,31,21481.977589
-227.0,128,21484.609297
-74.0,75,21488.334641
-119.0,120,21488.840811
-181.0,182,21489.490635
-94.0,95,21490.116939
-184.0,185,21490.236505
-75.0,76,21490.686244
-56.0,57,21491.118274
-40.0,41,21493.397455
-64.0,65,21495.786399
-57.0,58,21496.793322
-61.0,62,21500.647789
-45.0,46,21501.08787
-279.0,180,21501.739504
-53.0,54,21502.933831
-137.0,138,21505.874711
-246.0,147,21506.337383
-141.0,142,21507.338571
-158.0,159,21508.872989
-184.0,85,21511.44766
-103.0,104,21512.472295
-73.0,74,21514.963421
-95.0,96,21517.07804
-94.0,95,21518.376367
-157.0,158,21519.243157
-146.0,147,21519.927209
-107.0,108,21521.278211
-108.0,109,21525.291754
-74.0,75,21528.12423
-151.0,152,21529.177714
-109.0,110,21529.69894
-171.0,72,21529.698996
-104.0,105,21532.20939
-78.0,79,21534.300465
-174.0,175,21535.078074
-147.0,48,21539.670141
-97.0,98,21540.254379
-156.0,157,21545.780737
-145.0,146,21546.308888
-356.0,257,21547.813546
-74.0,75,21548.300633
-164.0,165,21548.554559
-76.0,77,21554.832675
-63.0,64,21555.976768
-139.0,140,21556.451461
-74.0,75,21556.571898
-191.0,192,21557.126666
-107.0,108,21558.811939
-55.0,56,21563.149533
-237.0,138,21564.311594
-113.0,114,21568.071332
-110.0,111,21568.833334
-116.0,117,21569.936205
-134.0,135,21574.550341
-113.0,14,21576.150105
-117.0,118,21576.776231
-77.0,78,21578.001403
-181.0,182,21578.357031
-109.0,110,21580.8132
-270.0,171,21584.097699
-163.0,64,21585.2089
-84.0,85,21586.460519
-150.0,51,21589.962531
-161.0,162,21594.719193
-89.0,90,21595.458415
-162.0,163,21596.819655
-90.0,91,21596.81973
-600.0,600,21600.940139
-178.0,179,21601.055942
-37.0,38,21601.055996
-155.0,156,21607.657388
-144.0,145,21611.132032
-150.0,151,21614.035943
-170.0,171,21614.968829
-142.0,143,21617.339121
-151.0,152,21618.161176
-157.0,158,21618.964092
-111.0,112,21620.139937
-87.0,88,21623.80432
-66.0,67,21624.804848
-485.0,486,21625.251897
-146.0,47,21625.474235
-45.0,46,21630.367754
-52.0,53,21631.599048
-117.0,118,21632.700976
-167.0,168,21637.50887
-121.0,122,21637.936662
-62.0,63,21638.687639
-56.0,57,21639.043535
-116.0,117,21639.043597
-164.0,165,21649.014849
-88.0,89,21649.132822
-156.0,157,21655.329857
-157.0,158,21656.63402
-165.0,166,21656.755687
-406.0,407,21657.423547
-101.0,102,21734.327552
-101.0,102,21734.469407
-71.0,72,21737.157862
-225.0,226,21738.436124
-564.0,465,21741.422244
-28.0,29,21741.679966
-84.0,85,21744.15467
-115.0,116,21744.372744
-141.0,142,21746.527416
-106.0,107,21746.527536
-156.0,57,21748.335026
-160.0,161,21748.872157
-70.0,71,21754.756766
-96.0,97,21755.293411
-173.0,174,21757.12395
-145.0,146,21758.270413
-110.0,111,21759.363946
-57.0,58,21763.759669
-139.0,140,21764.374037
-181.0,182,21765.248335
-98.0,99,21766.592408
-162.0,163,21767.561557
-31.0,32,21768.033512
-140.0,141,21771.282883
-110.0,111,21772.57762
-131.0,132,21774.016132
-95.0,96,21775.50002
-117.0,118,21779.608387
-98.0,99,21779.722091
-53.0,54,21780.511503
-102.0,103,21783.608085
-97.0,98,21784.148787
-176.0,177,21787.586231
-200.0,201,21791.704263
-253.0,154,21797.062963
-139.0,140,21799.302022
-117.0,118,21801.006183
-241.0,242,21803.310387
-177.0,178,21804.556252
-213.0,214,21805.025892
-238.0,239,21807.200537
-97.0,98,21810.989642
-93.0,94,21812.371575
-176.0,177,21812.494139
-137.0,138,21813.501136
-92.0,93,21815.473698
-89.0,90,21821.858376
-125.0,126,21822.197021
-83.0,84,21825.409047
-284.0,185,21826.788728
-53.0,54,21828.007537
-157.0,158,21832.044868
-170.0,171,21832.407754
-175.0,176,21833.097359
-396.0,297,21838.088046
-140.0,141,21838.311035
-114.0,115,21839.95956
-71.0,72,21840.569925
-187.0,188,21847.138669
-79.0,80,21847.386882
-176.0,177,21848.454498
-144.0,145,21848.867046
-179.0,180,21854.073065
-218.0,119,21854.07315
-94.0,95,21859.362147
-276.0,177,21861.175332
-227.0,128,21863.524198
-242.0,243,21866.425326
-176.0,177,21867.948261
-189.0,190,21869.245777
-105.0,106,21871.82808
-158.0,159,21872.450831
-50.0,51,21875.293157
-66.0,67,21875.857801
-150.0,151,21878.936249
-153.0,154,21881.675461
-80.0,81,21884.651771
-78.0,79,21884.986215
-56.0,57,21885.429811
-122.0,123,21886.06946
-215.0,216,21891.548734
-186.0,187,21894.185269
-111.0,112,21894.674003
-95.0,96,21896.212636
-30.0,31,21897.924207
-144.0,145,21903.211746
-99.0,100,21903.573354
-268.0,169,21904.499037
-88.0,89,21905.213983
-183.0,184,21907.033006
-131.0,132,21911.724965
-106.0,107,21915.862073
-38.0,39,21916.452806
-186.0,87,21917.418326
-41.0,42,21922.330374
-318.0,219,21923.77508
-64.0,65,21924.139571
-600.0,600,21924.263139
-179.0,80,21925.294922
-176.0,177,21925.407458
-187.0,188,21927.383444
-226.0,227,21930.319486
-52.0,53,21930.425716
-62.0,63,21932.806309
-109.0,110,21936.849251
-39.0,40,21937.706947
-114.0,115,21938.976972
-126.0,127,21939.234775
-108.0,109,21940.459132
-84.0,85,21940.588941
-205.0,206,21946.999093
-75.0,76,21949.842481
-81.0,82,21950.677237
-125.0,126,21954.445477
-212.0,213,21956.040449
-165.0,166,21956.700061
-183.0,184,21959.542012
-235.0,236,21967.042516
-140.0,141,21970.951249
-43.0,44,21976.327485
-221.0,222,21976.828744
-174.0,175,21976.8288
-251.0,252,21976.947804
-240.0,241,21978.181689
-136.0,37,21980.618765
-180.0,181,21981.183655
-149.0,150,21985.030423
-346.0,247,21986.151465
-30.0,31,21988.640839
-45.0,46,21994.086512
-158.0,159,21995.630272
-169.0,170,21997.023434
-98.0,99,21997.680595
-154.0,155,21999.034504
-199.0,200,22001.97712
-214.0,215,22002.358143
-91.0,92,22005.06651
-108.0,109,22008.631146
-54.0,55,22011.432556
-215.0,116,22011.432614
-95.0,96,22013.462377
-141.0,142,22013.716473
-49.0,50,22019.377562
-168.0,169,22021.728851
-100.0,101,22023.302867
-227.0,228,22025.891883
-109.0,110,22026.777052
-393.0,394,22027.71244
-143.0,144,22028.401396
-43.0,44,22032.757848
-113.0,114,22032.757908
-70.0,71,22034.910641
-134.0,135,22041.402826
-163.0,164,22042.195785
-184.0,185,22043.212904
-71.0,72,22043.212977
-134.0,135,22043.95699
-99.0,100,22044.357572
-334.0,335,22047.551354
-138.0,39,22048.498933
-137.0,38,22048.767584
-163.0,164,22051.710234
-64.0,65,22059.405721
-177.0,178,22063.157979
-143.0,144,22064.448349
-198.0,199,22064.809715
-167.0,168,22068.244649
-20.0,21,22070.782781
-248.0,249,22072.628423
-89.0,90,22073.908221
-277.0,278,22075.974597
-150.0,151,22082.526989
-197.0,198,22082.663659
-103.0,104,22082.942554
-160.0,161,22083.424172
-100.0,101,22084.303163
-122.0,23,22085.321673
-48.0,49,22091.280411
-135.0,136,22091.992949
-468.0,369,22092.216754
-98.0,99,22094.268712
-96.0,97,22094.897625
-182.0,183,22095.402606
-40.0,41,22097.135541
-120.0,121,22098.828951
-170.0,171,22103.389354
-84.0,85,22105.623809
-116.0,117,22108.45514
-151.0,152,22109.606503
-148.0,149,22109.941031
-194.0,195,22118.411063
-114.0,115,22119.511685
-203.0,104,22122.024524
-168.0,169,22123.705296
-124.0,125,22124.894821
-147.0,148,22126.246989
-87.0,88,22128.986934
-183.0,84,22131.952906
-114.0,115,22133.028334
-60.0,61,22133.239621
-123.0,24,22135.601524
-215.0,116,22138.041174
-241.0,142,22139.819715
-61.0,62,22142.562353
-162.0,163,22147.205891
-72.0,73,22148.132538
-137.0,138,22148.72538
-158.0,159,22149.833185
-70.0,71,22150.80138
-74.0,75,22156.066575
-64.0,65,22158.327109
-203.0,204,22161.539069
-115.0,116,22161.644954
-69.0,70,22163.934953
-600.0,600,22166.712727
-159.0,160,22166.85125
-600.0,600,22168.387313
-92.0,93,22168.598187
-183.0,84,22170.688668
-94.0,95,22171.8485
-129.0,130,22178.259343
-136.0,137,22182.130934
-135.0,136,22182.130996
-131.0,132,22183.102637
-152.0,153,22185.460317
-54.0,55,22188.034194
-96.0,97,22193.877939
-86.0,87,22195.333814
-225.0,226,22195.981928
-530.0,431,22198.044805
-90.0,91,22198.251309
-193.0,194,22199.691069
-131.0,32,22201.481391
-176.0,177,22201.594523
-110.0,11,22202.653402
-110.0,111,22205.726718
-60.0,61,22209.139614
-133.0,134,22209.755186
-159.0,160,22213.406611
-59.0,60,22216.026658
-126.0,127,22220.113285
-101.0,102,22221.29054
-219.0,220,22222.644019
-188.0,189,22222.644078
-95.0,96,22224.34025
-228.0,229,22225.241932
-44.0,45,22226.506686
-63.0,64,22229.947275
-120.0,121,22233.613036
-112.0,113,22235.118317
-176.0,177,22235.752
-36.0,37,22237.758841
-600.0,600,22238.555957
-108.0,109,22238.556011
-135.0,136,22244.440918
-199.0,200,22246.886532
-220.0,221,22248.441794
-125.0,126,22252.338161
-141.0,142,22253.353386
-175.0,176,22255.179723
-181.0,182,22255.179783
-96.0,97,22257.997402
-185.0,186,22258.965138
-65.0,66,22259.653959
-66.0,67,22265.588326
-66.0,67,22266.560321
-100.0,101,22266.560375
-164.0,165,22267.203126
-70.0,71,22267.764778
-123.0,124,22269.364928
-153.0,154,22270.858949
-50.0,51,22273.714385
-39.0,40,22273.952247
-82.0,83,22276.311278
-448.0,349,22284.584419
-174.0,175,22287.032319
-171.0,172,22287.240907
-116.0,117,22287.350457
-151.0,152,22288.581959
-108.0,109,22289.076253
-23.0,24,22291.790305
-94.0,95,22298.309241
-97.0,98,22298.55585
-101.0,102,22300.406443
-130.0,131,22302.184184
-101.0,102,22303.446635
-175.0,176,22304.736057
-67.0,68,22307.8419
-31.0,32,22311.359014
-447.0,348,22372.813961
-111.0,112,22374.922004
-123.0,124,22377.21822
-151.0,152,22377.711109
-194.0,195,22378.97289
-500.0,501,22381.439708
-318.0,219,22381.439764
-109.0,110,22382.304742
-112.0,113,22385.135386
-134.0,135,22389.678275
-212.0,113,22389.78303
-193.0,94,22392.038303
-143.0,144,22393.658321
-132.0,133,22396.804814
-171.0,172,22397.782532
-75.0,76,22400.006101
-170.0,171,22403.626973
-237.0,238,22407.645423
-167.0,168,22407.990854
-208.0,109,22408.984923
-116.0,117,22410.744917
-157.0,158,22410.851774
-30.0,31,22410.956517
-101.0,102,22411.258211
-104.0,105,22415.162617
-53.0,54,22416.826308
-260.0,261,22418.231674
-111.0,12,22419.488313
-135.0,136,22422.567206
-107.0,108,22422.905254
-130.0,131,22424.965076
-104.0,105,22427.794922
-61.0,62,22429.386217
-212.0,113,22431.317772
-63.0,64,22431.730772
-224.0,225,22432.915448
-309.0,210,22433.170364
-41.0,42,22435.995776
-94.0,95,22438.212769
-84.0,85,22438.783303
-65.0,66,22439.139244
-175.0,176,22441.578312
-90.0,91,22442.931279
-57.0,58,22445.134857
-77.0,78,22446.66493
-94.0,95,22451.798881
-354.0,355,22453.443662
-31.0,32,22455.432713
-179.0,180,22455.652186
-141.0,142,22460.516966
-52.0,53,22461.113761
-89.0,90,22465.706732
-248.0,249,22466.449553
-235.0,236,22468.991308
-161.0,162,22471.386595
-146.0,147,22477.455477
-143.0,144,22482.106531
-152.0,153,22482.317842
-137.0,138,22483.893995
-115.0,116,22484.001647
-61.0,62,22484.137882
-70.0,71,22491.597241
-117.0,118,22494.564065
-574.0,575,22495.778983
-113.0,114,22495.997239
-55.0,56,22497.651181
-57.0,58,22502.066348
-42.0,43,22506.505696
-352.0,253,22510.859389
-600.0,600,22511.491565
-165.0,166,22512.238105
-138.0,139,22512.349386
-22.0,23,22513.970546
-181.0,182,22515.489792
-523.0,524,22517.301077
-457.0,358,22520.819732
-84.0,85,22521.815389
-55.0,56,22523.442606
-98.0,99,22523.442662
-36.0,37,22525.925056
-236.0,137,22526.141103
-282.0,183,22526.656458
-116.0,117,22527.09027
-22.0,23,22528.466661
-130.0,31,22530.201961
-36.0,37,22531.282414
-141.0,142,22531.398004
-75.0,76,22531.949366
-85.0,86,22532.976772
-111.0,112,22533.200126
-45.0,46,22536.212797
-43.0,44,22536.662321
-69.0,70,22543.75643
-134.0,135,22544.732504
-154.0,155,22545.417357
-116.0,117,22545.743413
-132.0,133,22545.892737
-184.0,185,22546.453444
-52.0,53,22549.641032
-136.0,137,22551.761159
-81.0,82,22555.121375
-94.0,95,22555.641611
-112.0,113,22562.965002
-154.0,155,22563.31869
-374.0,275,22564.254667
-53.0,54,22568.940306
-207.0,208,22569.556075
-64.0,65,22570.594505
-28.0,29,22573.917809
-48.0,49,22575.035747
-184.0,185,22576.684495
-122.0,123,22578.028492
-60.0,61,22581.917475
-439.0,340,22585.088161
-125.0,126,22590.823819
-155.0,156,22591.278291
-261.0,162,22595.787766
-341.0,242,22595.787826
-138.0,139,22597.002599
-82.0,83,22599.489549
-142.0,143,22600.323527
-407.0,408,22600.533388
-35.0,36,22604.068168
-145.0,146,22606.44681
-74.0,75,22608.573771
-110.0,111,22611.326939
-145.0,146,22612.521488
-164.0,165,22613.307613
-165.0,166,22613.453392
-600.0,600,22618.38445
-148.0,149,22620.59083
-130.0,131,22623.054991
-167.0,168,22625.229417
-112.0,113,22626.172526
-125.0,126,22627.542886
-144.0,145,22628.981688
-125.0,126,22632.624646
-81.0,82,22634.805735
-83.0,84,22638.539369
-352.0,253,22639.87465
-56.0,57,22641.039781
-151.0,152,22643.547656
-158.0,159,22645.587636
-223.0,224,22645.930238
-53.0,54,22646.08533
-68.0,69,22646.30106
-122.0,123,22646.555912
-209.0,210,22646.979399
-131.0,32,22647.086439
-53.0,54,22652.227639
-69.0,70,22654.454439
-110.0,111,22659.310212
-183.0,184,22662.145175
-145.0,146,22663.73786
-146.0,147,22663.948192
-161.0,162,22664.580592
-213.0,114,22667.135459
-35.0,36,22671.166525
-69.0,70,22672.32067
-289.0,190,22673.545434
-106.0,107,22673.98736
-25.0,26,22676.431479
-31.0,32,22677.59634
-77.0,78,22680.125037
-152.0,153,22680.871892
-178.0,79,22681.342134
-166.0,167,22682.621393
-41.0,42,22686.048912
-40.0,41,22687.39065
-223.0,124,22692.039972
-134.0,135,22695.500447
-165.0,166,22695.500503
-137.0,138,22696.632552
-464.0,465,22698.518455
-118.0,119,22699.96433
-179.0,180,22708.139657
-437.0,438,22709.117942
-125.0,126,22709.973396
-123.0,124,22710.77857
-182.0,183,22716.030139
-57.0,58,22716.141624
-199.0,200,22720.82888
-190.0,191,22721.063549
-62.0,63,22723.160086
-160.0,161,22728.747806
-184.0,185,22729.698076
-134.0,135,22731.426394
-219.0,220,22732.732999
-117.0,118,22734.408495
-74.0,75,22738.367331
-79.0,80,22740.76925
-102.0,103,22740.76931
-167.0,168,22742.769274
-76.0,77,22743.414199
-50.0,51,22744.366082
-112.0,113,22745.835873
-230.0,231,22747.634722
-69.0,70,22752.193559
-125.0,126,22755.029807
-82.0,83,22755.136006
-600.0,600,22760.058947
-111.0,112,22760.404636
-119.0,120,22765.766716
-164.0,65,22767.249573
-244.0,245,22768.300484
-165.0,166,22773.707458
-57.0,58,22774.965348
-389.0,290,22775.483348
-291.0,292,22776.509166
-25.0,26,22778.600421
-41.0,42,22778.716425
-317.0,218,22780.016648
-234.0,235,22787.046225
-179.0,180,22787.757744
-194.0,195,22787.868456
-85.0,86,22788.172191
-135.0,136,22790.209862
-106.0,107,22790.423208
-97.0,98,22790.6642
-129.0,130,22790.873864
-191.0,92,22797.730529
-105.0,106,22801.756513
-242.0,143,22802.456609
-147.0,148,22804.279865
-128.0,129,22804.83621
-133.0,134,22805.175145
-162.0,163,22805.488021
-137.0,138,22806.040523
-22.0,23,22806.859411
-98.0,99,22808.875679
-28.0,29,22808.875739
-164.0,65,22809.908772
-68.0,69,22812.666678
-37.0,38,22813.081444
-37.0,38,22813.081501
-143.0,144,22817.90148
-87.0,88,22819.631044
-64.0,65,22819.870051
-45.0,46,22824.826301
-105.0,106,22824.934378
-45.0,46,22825.050932
-198.0,199,22827.490343
-184.0,185,22827.592595
-139.0,140,22828.776689
-60.0,61,22831.839193
-107.0,108,22836.917066
-188.0,189,22838.875949
-87.0,88,22841.429748
-170.0,171,22843.692214
-159.0,160,22845.194989
-359.0,360,22846.128562
-128.0,29,22846.894376
-174.0,175,22848.023968
-56.0,57,22851.540473
-157.0,158,22854.571308
-132.0,133,22856.548372
-92.0,93,22856.793451
-185.0,186,22859.845522
-143.0,144,22863.244493
-110.0,111,22864.178424
-155.0,156,22865.828481
-33.0,34,22869.610156
-140.0,141,22870.557761
-139.0,140,22872.380061
-149.0,150,22876.821666
-146.0,147,22879.803705
-140.0,141,22880.006521
-570.0,471,22880.309254
-212.0,213,22880.614334
-141.0,142,22885.211823
-80.0,81,22885.541786
-135.0,136,22887.261619
-82.0,83,22895.216607
-138.0,139,22895.658733
-135.0,136,22895.658794
-153.0,154,22897.108567
-84.0,85,22905.252052
-215.0,216,22911.666316
-369.0,370,22911.871772
-154.0,155,22912.86417
-161.0,162,22915.108727
-131.0,32,22918.687752
-70.0,71,22919.627306
-348.0,349,22919.734622
-208.0,109,22999.483264
-185.0,186,23001.266313
-176.0,177,23001.266374
-195.0,196,23010.165825
-433.0,334,23010.90215
-522.0,523,23012.324037
-142.0,143,23015.002006
-135.0,136,23015.936711
-101.0,102,23022.091094
-67.0,68,23023.777324
-316.0,217,23025.222953
-112.0,113,23027.709454
-161.0,162,23027.929291
-57.0,58,23028.512294
-600.0,600,23030.372781
-198.0,199,23034.290001
-68.0,69,23036.071753
-84.0,85,23037.016057
-130.0,131,23038.108905
-92.0,93,23038.108962
-28.0,29,23040.230907
-46.0,47,23045.342307
-70.0,71,23045.927685
-145.0,146,23046.43732
-196.0,197,23046.950224
-120.0,121,23047.713607
-132.0,133,23050.697861
-125.0,126,23051.928232
-47.0,48,23052.749282
-63.0,64,23052.8561
-600.0,600,23054.265758
-117.0,118,23059.049881
-134.0,135,23059.849865
-151.0,152,23066.632515
-65.0,66,23066.740265
-88.0,89,23068.32915
-175.0,176,23071.240841
-175.0,176,23072.681239
-245.0,246,23072.816792
-189.0,190,23072.81685
-253.0,254,23078.946691
-80.0,81,23080.099064
-111.0,112,23080.462311
-83.0,84,23082.122816
-161.0,162,23084.082327
-181.0,182,23086.248827
-169.0,170,23091.187468
-177.0,178,23092.220811
-140.0,141,23095.237387
-130.0,131,23096.125713
-312.0,213,23101.989055
-214.0,215,23103.743442
-76.0,77,23104.675877
-134.0,135,23110.172753
-240.0,241,23110.383604
-327.0,228,23111.206342
-182.0,183,23112.133322
-124.0,125,23118.539359
-135.0,136,23118.949955
-187.0,88,23120.163069
-167.0,168,23120.837698
-132.0,133,23125.335177
-73.0,74,23127.280365
-98.0,99,23129.907729
-59.0,60,23133.777421
-107.0,108,23137.193774
-76.0,77,23138.115865
-163.0,164,23138.909077
-106.0,107,23145.451171
-86.0,87,23147.525746
-328.0,329,23148.549613
-137.0,138,23152.143972
-105.0,106,23156.982904
-78.0,79,23157.221498
-600.0,600,23157.221554
-46.0,47,23162.440736
-62.0,63,23164.568199
-363.0,264,23168.205592
-202.0,203,23170.220563
-162.0,163,23170.561352
-129.0,130,23172.116368
-560.0,561,23173.569781
-43.0,44,23175.288392
-183.0,84,23177.131333
-56.0,57,23177.986443
-132.0,133,23178.920267
-31.0,32,23182.500907
-125.0,126,23183.844243
-83.0,84,23184.382947
-27.0,28,23185.561449
-600.0,600,23186.074969
-167.0,168,23191.862716
-152.0,53,23192.107264
-96.0,97,23195.198836
-169.0,170,23196.749132
-153.0,154,23200.574392
-146.0,147,23201.496013
-97.0,98,23202.415591
-364.0,265,23205.707214
-128.0,129,23208.783991
-120.0,121,23209.611685
-49.0,50,23211.432227
-135.0,36,23215.314312
-226.0,227,23216.200706
-101.0,102,23219.923443
-175.0,176,23220.60384
-186.0,187,23222.72834
-125.0,126,23223.245325
-103.0,104,23226.652175
-169.0,70,23227.758898
-600.0,600,23227.981252
-165.0,166,23234.300024
-96.0,97,23236.999732
-90.0,91,23237.548192
-147.0,148,23239.221493
-169.0,170,23241.072999
-198.0,199,23242.021955
-142.0,143,23242.859393
-99.0,100,23244.922874
-89.0,90,23246.707508
-117.0,118,23250.187537
-471.0,472,23251.407716
-107.0,108,23253.506982
-107.0,108,23254.467915
-160.0,161,23258.579462
-52.0,53,23259.598167
-48.0,49,23260.028455
-35.0,36,23263.835716
-175.0,176,23265.830623
-143.0,144,23267.287042
-306.0,207,23267.532197
-171.0,172,23269.104696
-160.0,161,23277.564713
-107.0,108,23279.869349
-127.0,128,23280.388104
-478.0,379,23281.010336
-120.0,121,23281.010392
-207.0,208,23281.803402
-169.0,170,23283.069547
-61.0,62,23284.451077
-172.0,173,23288.580909
-79.0,80,23288.689279
-94.0,95,23292.554495
-114.0,115,23294.043887
-53.0,54,23294.899271
-154.0,155,23298.699086
-143.0,144,23300.809526
-73.0,74,23300.920643
-237.0,238,23307.05105
-181.0,182,23309.08529
-153.0,154,23310.946077
-125.0,126,23314.394133
-161.0,162,23316.246763
-74.0,75,23317.214149
-205.0,206,23317.417249
-155.0,156,23317.819503
-52.0,53,23320.209776
-465.0,366,23323.747028
-150.0,151,23327.663482
-199.0,200,23328.994005
-110.0,111,23330.270088
-63.0,64,23330.884544
-132.0,133,23331.155871
-134.0,135,23332.48214
-39.0,40,23333.800219
-55.0,56,23334.26733
-27.0,28,23334.515291
-173.0,74,23340.965153
-203.0,204,23343.376764
-120.0,121,23343.997273
-100.0,101,23345.738738
-113.0,114,23346.493836
-30.0,31,23346.841123
-261.0,262,23346.944982
-117.0,118,23347.43468
-93.0,94,23351.211482
-187.0,188,23351.934404
-50.0,51,23352.383531
-31.0,32,23354.823429
-131.0,132,23358.88645
-140.0,141,23361.496436
-153.0,154,23363.541459
-113.0,114,23365.011853
-166.0,167,23365.719821
-88.0,89,23370.646132
-121.0,122,23371.571449
-253.0,254,23374.248752
-187.0,188,23374.764272
-52.0,53,23377.082485
-166.0,167,23380.84349
-111.0,112,23382.286404
-164.0,165,23382.857861
-18.0,19,23382.857922
-65.0,66,23383.996569
-109.0,110,23385.898262
-51.0,52,23388.447582
-133.0,134,23389.022264
-228.0,229,23389.022337
-43.0,44,23393.56012
-94.0,95,23394.074639
-43.0,44,23398.104891
-170.0,171,23400.850047
-161.0,162,23402.925607
-140.0,141,23403.275428
-221.0,222,23405.743549
-192.0,193,23409.328779
-145.0,146,23409.533857
-98.0,99,23411.421036
-673.0,574,23412.868207
-44.0,45,23417.666357
-147.0,148,23418.904195
-90.0,91,23419.112589
-167.0,168,23420.715583
-128.0,129,23422.847242
-64.0,65,23424.382753
-171.0,72,23426.484387
-229.0,230,23430.018878
-72.0,73,23430.533165
-123.0,124,23432.062119
-119.0,120,23437.035094
-156.0,157,23437.148213
-80.0,81,23439.063054
-80.0,81,23440.631148
-286.0,287,23441.598483
-51.0,52,23446.420967
-194.0,195,23447.380411
-176.0,77,23447.606716
-120.0,121,23450.29213
-170.0,171,23455.657408
-56.0,57,23456.279848
-164.0,165,23459.450772
-149.0,50,23461.703092
-600.0,600,23462.018461
-28.0,29,23462.662483
-143.0,144,23462.970549
-70.0,71,23463.271704
-38.0,39,23465.717896
-181.0,182,23465.828478
-65.0,66,23469.792994
-214.0,215,23470.438923
-57.0,58,23472.302592
-58.0,59,23477.079252
-129.0,130,23477.641324
-133.0,134,23480.694664
-174.0,175,23481.145492
-106.0,107,23483.825237
-301.0,202,23491.491124
-138.0,139,23492.208029
-600.0,600,23494.581452
-128.0,129,23497.647544
-198.0,199,23498.348758
-66.0,67,23498.949225
-186.0,187,23500.850509
-186.0,187,23501.26397
-96.0,97,23503.045454
-368.0,369,23503.045514
-37.0,38,23503.151606
-51.0,52,23504.299833
-86.0,87,23504.421034
-32.0,33,23508.00668
-132.0,133,23512.258871
-95.0,96,23513.585701
-97.0,98,23513.68806
-62.0,63,23514.53209
-103.0,104,23515.461453
-130.0,131,23515.461509
-29.0,30,23516.965627
-21.0,22,23519.611688
-94.0,95,23522.930189
-207.0,208,23523.848041
-97.0,98,23524.636872
-198.0,99,23526.773506
-50.0,51,23528.785214
-119.0,120,23529.188185
-140.0,141,23530.479228
-258.0,259,23531.880195
-89.0,90,23534.866518
-151.0,152,23536.832507
-115.0,116,23599.875035
-156.0,157,23602.347488
-138.0,139,23602.660298
-191.0,192,23603.267949
-136.0,137,23604.879371
-166.0,167,23606.689119
-132.0,133,23607.118102
-70.0,71,23609.533335
-147.0,148,23610.361568
-59.0,60,23613.243531
-48.0,49,23614.722801
-122.0,123,23616.076859
-55.0,56,23616.430195
-160.0,161,23619.44729
-32.0,33,23619.916798
-136.0,137,23621.207263
-210.0,211,23622.036494
-77.0,78,23623.211244
-38.0,39,23625.59188
-44.0,45,23626.93927
-125.0,126,23633.028069
-100.0,101,23634.013594
-191.0,192,23636.633518
-163.0,164,23637.450387
-166.0,167,23643.426022
-126.0,127,23646.621809
-117.0,118,23646.621873
-94.0,95,23647.737717
-406.0,407,23648.290674
-217.0,118,23649.518727
-45.0,46,23651.739553
-35.0,36,23653.432362
-62.0,63,23653.706499
-60.0,61,23655.124317
-398.0,399,23656.665331
-50.0,51,23657.47781
-140.0,141,23658.972421
-52.0,53,23661.037389
-78.0,79,23662.349742
-184.0,185,23668.698614
-150.0,151,23670.933386
-503.0,404,23671.501021
-42.0,43,23675.553291
-135.0,136,23677.692225
-196.0,197,23678.724048
-71.0,72,23679.307743
-56.0,57,23681.698266
-203.0,204,23681.698323
-189.0,190,23682.242296
-223.0,224,23682.462182
-154.0,155,23685.643014
-85.0,86,23688.55496
-39.0,40,23689.900734
-83.0,84,23690.768057
-133.0,134,23693.176562
-120.0,121,23695.730294
-58.0,59,23696.527993
-130.0,131,23696.638097
-206.0,107,23700.279555
-91.0,92,23700.896856
-179.0,180,23701.384892
-120.0,121,23706.734692
-92.0,93,23706.977772
-53.0,54,23707.086611
-106.0,107,23708.484523
-24.0,25,23709.938161
-320.0,321,23713.15218
-126.0,127,23715.896586
-183.0,184,23716.409909
-119.0,120,23722.006603
-147.0,148,23723.315012
-307.0,208,23723.61475
-102.0,103,23724.429497
-24.0,25,23725.90787
-106.0,107,23728.120538
-144.0,145,23731.644371
-196.0,197,23731.64443
-76.0,77,23732.807063
-252.0,253,23734.867031
-97.0,98,23736.587608
-95.0,96,23738.402195
-170.0,71,23739.225261
-146.0,147,23739.470715
-50.0,51,23740.319403
-45.0,46,23741.474016
-199.0,200,23743.497644
-40.0,41,23743.744892
-100.0,101,23743.744949
-55.0,56,23747.680161
-155.0,156,23748.6596
-97.0,98,23750.384285
-116.0,117,23751.298485
-142.0,43,23752.537282
-40.0,41,23753.258957
-60.0,61,23758.240367
-153.0,154,23761.067815
-74.0,75,23761.699682
-163.0,164,23761.903961
-176.0,177,23763.44198
-121.0,122,23766.003715
-55.0,56,23769.493273
-114.0,115,23773.266789
-108.0,109,23773.266854
-154.0,155,23774.857707
-124.0,125,23775.172648
-144.0,145,23785.324495
-187.0,188,23786.539581
-121.0,122,23788.290462
-155.0,156,23790.303699
-165.0,166,23791.33144
-154.0,155,23792.093401
-385.0,386,23792.412003
-497.0,498,23794.699606
-62.0,63,23798.798993
-137.0,138,23801.214854
-116.0,117,23802.733437
-165.0,166,23802.940883
-112.0,113,23804.496037
-156.0,157,23808.174841
-80.0,81,23811.529444
-221.0,222,23812.049657
-42.0,43,23812.806689
-89.0,90,23814.145039
-142.0,143,23816.407456
-170.0,171,23817.057942
-162.0,163,23820.427459
-95.0,96,23821.697389
-71.0,72,23828.052668
-154.0,155,23829.188184
-150.0,151,23830.146183
-140.0,141,23831.399224
-102.0,103,23832.571256
-187.0,188,23836.969077
-87.0,88,23838.494425
-249.0,250,23838.494487
-105.0,106,23839.215296
-27.0,28,23839.923021
-98.0,99,23841.805091
-112.0,113,23842.05228
-54.0,55,23844.266947
-139.0,140,23847.236236
-176.0,77,23847.958129
-79.0,80,23850.365059
-116.0,117,23850.680372
-30.0,31,23851.202532
-118.0,119,23851.6222
-659.0,560,23854.187905
-138.0,39,23854.605091
-109.0,110,23855.859586
-165.0,66,23857.900716
-166.0,167,23859.683874
-56.0,57,23860.40732
-139.0,40,23863.904444
-74.0,75,23864.008862
-159.0,160,23864.45667
-133.0,134,23866.11793
-73.0,74,23868.214425
-75.0,76,23872.591123
-62.0,63,23872.967039
-90.0,91,23873.724043
-115.0,116,23876.675825
-126.0,127,23882.48374
-88.0,89,23883.029274
-245.0,246,23884.78346
-128.0,129,23886.827832
-43.0,44,23887.553114
-137.0,138,23888.855988
-55.0,56,23890.685276
-78.0,79,23895.352925
-199.0,200,23898.611892
-165.0,166,23900.332446
-96.0,97,23901.267769
-42.0,43,23903.081391
-178.0,179,23906.990649
-60.0,61,23907.843199
-190.0,191,23909.632139
-65.0,66,23910.254202
-106.0,107,23911.807333
-64.0,65,23914.962573
-600.0,600,23916.605623
-78.0,79,23919.07662
-39.0,40,23919.478815
-600.0,600,23920.060028
-90.0,91,23926.524374
-168.0,69,23926.945626
-275.0,176,23931.174728
-338.0,339,23932.446476
-87.0,88,23936.547311
-178.0,179,23939.40901
-382.0,283,23940.590436
-133.0,134,23941.186268
-237.0,238,23944.965638
-51.0,52,23946.734081
-138.0,139,23947.484421
-119.0,120,23952.560218
-265.0,166,23954.584874
-235.0,236,23956.760436
-155.0,156,23957.433867
-109.0,110,23958.692943
-39.0,40,23958.90763
-109.0,110,23959.45392
-67.0,68,23959.925978
-147.0,148,23960.972099
-81.0,82,23965.897616
-112.0,113,23971.817911
-99.0,100,23971.92315
-600.0,600,23972.430498
-117.0,118,23972.731795
-163.0,164,23975.193539
-281.0,182,23978.388392
-130.0,31,23978.388455
-187.0,188,23978.802034
-63.0,64,23979.010117
-96.0,97,23988.838608
-170.0,171,23989.931819
-169.0,170,23989.931876
-264.0,165,23990.287188
-130.0,131,23993.144638
-45.0,46,23995.463791
-131.0,132,24004.34442
-123.0,124,24006.488858
-172.0,173,24008.72012
-192.0,193,24009.856946
-424.0,425,24011.66052
-137.0,38,24012.972094
-162.0,163,24013.08025
-50.0,51,24015.494616
-56.0,57,24019.264813
-164.0,165,24022.387263
-145.0,146,24022.521882
-435.0,436,24025.861707
-100.0,101,24026.478815
-169.0,70,24026.888039
-76.0,77,24030.677634
-76.0,77,24035.170656
-43.0,44,24035.409527
-82.0,83,24035.409584
-108.0,109,24037.427022
-237.0,238,24038.589617
-271.0,272,24041.066158
-173.0,174,24041.194701
-593.0,594,24043.531537
-112.0,113,24047.674625
-101.0,102,24048.65708
-125.0,126,24049.141097
-95.0,96,24049.277044
-75.0,76,24049.595103
-30.0,31,24052.871629
-166.0,167,24053.6489
-51.0,52,24054.659804
-85.0,86,24057.3542
-73.0,74,24057.895452
-170.0,171,24059.927895
-160.0,161,24061.155601
-102.0,103,24065.79321
-166.0,167,24067.548547
-82.0,83,24068.952795
-143.0,144,24069.16698
-93.0,94,24071.353363
-171.0,172,24071.353423
-74.0,75,24075.521002
-167.0,168,24075.998399
-96.0,97,24076.245727
-188.0,189,24077.80293
-76.0,77,24079.911185
-59.0,60,24082.623779
-47.0,48,24083.037059
-171.0,172,24088.019099
-111.0,112,24088.620735
-171.0,172,24090.440773
-149.0,150,24092.15529
-84.0,85,24092.45975
-94.0,95,24093.127112
-114.0,15,24093.828309
-55.0,56,24096.795939
-79.0,80,24097.62218
-77.0,78,24101.686221
-40.0,41,24101.938064
-219.0,220,24104.221337
-143.0,44,24106.960752
-174.0,175,24107.510206
-116.0,117,24109.448001
-181.0,182,24112.427935
-75.0,76,24117.892436
-568.0,469,24120.593016
-176.0,177,24121.210294
-114.0,115,24125.172629
-57.0,58,24127.039784
-212.0,213,24127.693666
-193.0,194,24128.856705
-204.0,205,24129.595317
-121.0,122,24134.841983
-386.0,387,24136.501686
-77.0,78,24137.468863
-91.0,92,24137.905803
-126.0,127,24139.23345
-201.0,202,24140.047069
-124.0,125,24229.253905
-47.0,48,24230.628036
-89.0,90,24230.735871
-58.0,59,24232.782594
-85.0,86,24232.986778
-192.0,193,24234.409127
-42.0,43,24237.8024
-142.0,143,24238.3981
-82.0,83,24239.721269
-187.0,188,24244.374869
-104.0,105,24245.687068
-152.0,153,24245.925372
-46.0,47,24249.618622
-155.0,156,24249.726345
-120.0,121,24250.819763
-196.0,197,24252.141618
-59.0,60,24255.849421
-39.0,40,24256.304455
-54.0,55,24256.513211
-166.0,167,24257.572019
-201.0,202,24260.137559
-133.0,134,24260.520159
-170.0,171,24264.291339
-96.0,97,24266.479675
-110.0,111,24268.594116
-107.0,108,24269.364926
-82.0,83,24269.364991
-65.0,66,24271.475231
-201.0,202,24271.584545
-169.0,170,24275.013937
-84.0,85,24275.795865
-164.0,165,24278.161061
-90.0,91,24278.716568
-91.0,92,24279.581942
-110.0,111,24283.896822
-81.0,82,24284.100538
-85.0,86,24285.305419
-75.0,76,24286.467385
-175.0,176,24288.702829
-33.0,34,24288.914667
-160.0,161,24289.020596
-135.0,136,24293.50016
-144.0,145,24295.463848
-113.0,114,24296.256789
-94.0,95,24296.932462
-73.0,74,24297.266202
-68.0,69,24302.956322
-181.0,182,24303.75579
-124.0,125,24307.194672
-44.0,45,24308.671001
-110.0,111,24309.182793
-145.0,146,24311.83639
-143.0,144,24312.248262
-220.0,221,24312.559378
-40.0,41,24313.397775
-66.0,67,24315.542974
-186.0,87,24316.20132
-36.0,37,24317.334822
-71.0,72,24320.104647
-76.0,77,24320.210778
-170.0,171,24321.228958
-83.0,84,24321.711525
-175.0,76,24324.5027
-76.0,77,24329.484231
-151.0,152,24332.321584
-120.0,121,24333.379596
-100.0,101,24335.889041
-144.0,45,24340.530139
-119.0,120,24342.586374
-58.0,59,24346.617738
-252.0,253,24347.339715
-172.0,173,24351.501616
-600.0,600,24353.336753
-212.0,213,24354.729302
-461.0,362,24356.179174
-47.0,48,24356.64555
-333.0,334,24357.488839
-45.0,46,24358.457865
-125.0,126,24360.683604
-72.0,73,24362.580329
-153.0,154,24362.900907
-59.0,60,24363.76452
-29.0,30,24363.882684
-216.0,217,24365.487736
-74.0,75,24366.307719
-135.0,136,24371.050837
-48.0,49,24371.455234
-129.0,130,24376.535055
-120.0,121,24378.077284
-68.0,69,24378.655779
-164.0,165,24380.07375
-116.0,117,24383.62633
-55.0,56,24384.343711
-46.0,47,24385.187587
-213.0,214,24386.617038
-226.0,227,24387.853685
-105.0,106,24387.963594
-411.0,312,24389.458963
-22.0,23,24390.653467
-63.0,64,24391.350791
-59.0,60,24394.467706
-158.0,159,24395.903161
-151.0,52,24396.115265
-133.0,134,24399.439852
-113.0,114,24401.61044
-183.0,184,24403.291734
-158.0,159,24403.739855
-102.0,103,24405.58163
-93.0,94,24406.170163
-148.0,149,24407.486571
-119.0,120,24409.439418
-51.0,52,24409.74561
-133.0,134,24414.13504
-52.0,53,24415.186512
-132.0,133,24416.108306
-249.0,150,24419.435034
-143.0,144,24420.943766
-120.0,121,24422.010844
-164.0,165,24425.110323
-200.0,201,24427.915635
-112.0,113,24428.515201
-136.0,137,24429.103016
-56.0,57,24431.45811
-160.0,161,24432.671944
-39.0,40,24432.780571
-135.0,136,24434.316043
-121.0,122,24434.316103
-108.0,9,24435.264956
-70.0,71,24435.480196
-133.0,134,24436.645284
-60.0,61,24437.810826
-110.0,111,24440.73996
-38.0,39,24441.973385
-85.0,86,24443.60408
-140.0,41,24445.275256
-165.0,166,24450.404151
-176.0,177,24451.901133
-70.0,71,24453.107527
-295.0,196,24456.758842
-176.0,177,24461.159035
-123.0,124,24463.724458
-119.0,120,24465.735301
-218.0,219,24467.247121
-144.0,145,24467.48489
-109.0,110,24468.536595
-118.0,119,24474.05914
-84.0,85,24477.649859
-120.0,121,24479.064601
-153.0,154,24484.053843
-537.0,438,24484.190832
-154.0,155,24484.398015
-210.0,211,24486.809196
-53.0,54,24492.39889
-85.0,86,24493.114358
-92.0,93,24493.728409
-139.0,140,24493.936363
-192.0,193,24494.64084
-159.0,160,24494.750264
-38.0,39,24497.742785
-600.0,600,24499.625158
-72.0,73,24502.623306
-134.0,135,24507.522891
-125.0,126,24508.262913
-159.0,160,24511.261062
-41.0,42,24512.321112
-111.0,112,24514.906799
-209.0,210,24515.114886
-168.0,169,24516.222555
-43.0,44,24516.95358
-135.0,36,24518.626753
-322.0,323,24518.833754
-209.0,110,24520.060357
-37.0,38,24520.174469
-138.0,139,24525.973557
-87.0,88,24526.177971
-66.0,67,24527.09842
-148.0,149,24530.748286
-112.0,113,24530.74835
-32.0,33,24534.248407
-81.0,82,24535.795751
-191.0,192,24538.781457
-144.0,145,24541.343479
-151.0,152,24541.930845
-213.0,214,24542.640873
-132.0,133,24544.555906
-41.0,42,24546.271295
-47.0,48,24546.389502
-136.0,137,24550.438483
-165.0,166,24552.040005
-240.0,141,24554.221984
-531.0,532,24556.788564
-136.0,137,24559.564077
-102.0,103,24561.452717
-146.0,147,24562.287056
-104.0,105,24563.112534
-99.0,100,24567.123372
-231.0,232,24567.439015
-134.0,135,24568.343246
-78.0,79,24570.961957
-137.0,38,24572.751751
-51.0,52,24573.489626
-111.0,112,24573.693803
-42.0,43,24575.519845
-273.0,274,24576.20524
-257.0,158,24576.650249
-113.0,14,24577.753387
-70.0,71,24580.502917
-78.0,79,24582.310502
-186.0,187,24583.505138
-94.0,95,24583.720454
-100.0,101,24586.561104
-146.0,47,24588.742644
-194.0,195,24588.742698
-115.0,116,24590.49633
-77.0,78,24590.794875
-103.0,104,24591.70197
-46.0,47,24591.702027
-129.0,130,24597.843976
-105.0,106,24602.004537
-103.0,104,24603.131433
-136.0,137,24603.675085
-125.0,26,24606.555769
-140.0,141,24607.2504
-170.0,171,24607.458961
-161.0,162,24608.551325
-96.0,97,24608.658635
-45.0,46,24612.2287
-99.0,100,24614.199424
-111.0,112,24614.467021
-74.0,75,24620.296489
-58.0,59,24620.672383
-126.0,127,24622.360353
-157.0,158,24624.608847
-119.0,120,24627.315055
-199.0,200,24630.712862
-607.0,508,24632.44624
-75.0,76,24635.719852
-106.0,107,24636.579993
-143.0,144,24636.698584
-151.0,152,24637.284603
-48.0,49,24642.143924
-330.0,331,24643.099123
-189.0,190,24643.509249
-108.0,109,24644.451051
-185.0,86,24646.268427
-109.0,110,24647.816071
-59.0,60,24649.847609
-71.0,72,24650.664344
-147.0,148,24657.723738
-109.0,110,24657.723799
-174.0,175,24663.336721
-310.0,311,24664.660964
-154.0,155,24667.795958
-192.0,93,24668.34848
-111.0,112,24670.389933
-316.0,317,24671.882737
-41.0,42,24672.330812
-189.0,90,24673.36964
-337.0,238,24673.766599
-222.0,223,24674.269897
-71.0,72,24676.06054
-81.0,82,24679.350337
-72.0,73,24679.945477
-37.0,38,24680.388499
-131.0,132,24687.073092
-203.0,204,24687.323687
-122.0,123,24687.54093
-145.0,146,24689.506044
-167.0,168,24693.159502
-130.0,131,24694.653933
-74.0,75,24695.85692
-137.0,138,24695.85698
-154.0,155,24696.775824
-73.0,74,24697.845631
-67.0,68,24700.817362
-81.0,82,24705.441009
-181.0,182,24707.854881
-133.0,134,24710.930214
-148.0,149,24711.406658
-130.0,131,24711.514007
-97.0,98,24711.725827
-230.0,131,24712.554609
-125.0,26,24713.778671
-82.0,83,24714.369667
-44.0,45,24716.403577
-55.0,56,24717.76374
-290.0,291,24719.585562
-122.0,123,24721.39181
-127.0,128,24726.711034
-96.0,97,24727.123701
-144.0,145,24729.901229
-180.0,181,24731.470196
-140.0,141,24733.749576
-191.0,192,24735.808506
-148.0,149,24737.978714
-105.0,106,24739.137748
-119.0,120,24740.183749
-185.0,186,24740.330689
-200.0,101,24741.227996
-49.0,50,24744.72808
-69.0,70,24748.305723
-139.0,140,24749.387107
-99.0,100,24751.501701
-152.0,153,24752.805691
-210.0,211,24754.904911
-163.0,164,24756.154417
-139.0,140,24756.716479
-202.0,103,24759.588854
-45.0,46,24760.253559
-104.0,105,24763.098564
-174.0,175,24764.313437
-154.0,55,24765.880651
-194.0,95,24766.999824
-161.0,162,24767.455974
-173.0,174,24772.458052
-144.0,145,24845.023414
-128.0,129,24846.589785
-81.0,82,24848.058505
-128.0,129,24849.489063
-208.0,109,24849.977063
-49.0,50,24850.637934
-50.0,51,24852.321593
-149.0,150,24853.002654
-112.0,13,24853.781029
-50.0,51,24853.781087
-40.0,41,24858.174014
-137.0,138,24859.508268
-203.0,204,24862.04776
-81.0,82,24862.806931
-110.0,111,24862.933074
-134.0,135,24864.561972
-67.0,68,24865.801159
-174.0,175,24869.126197
-59.0,60,24869.33779
-92.0,93,24869.708034
-161.0,162,24870.693148
-112.0,113,24876.873517
-110.0,111,24881.81046
-126.0,127,24883.958059
-200.0,201,24884.296473
-121.0,122,24884.430671
-139.0,140,24884.877142
-302.0,203,24885.335901
-139.0,140,24892.589225
-141.0,142,24897.454146
-130.0,131,24899.223253
-131.0,132,24899.758721
-428.0,329,24901.908064
-183.0,184,24904.313883
-200.0,201,24905.964946
-41.0,42,24906.612576
-145.0,146,24908.362776
-88.0,89,24908.960559
-224.0,225,24909.075597
-48.0,49,24911.413353
-33.0,34,24912.120139
-137.0,138,24912.582411
-152.0,153,24916.688084
-84.0,85,24918.424492
-155.0,156,24921.429689
-119.0,120,24922.028733
-112.0,113,24923.713046
-209.0,110,24924.142552
-171.0,172,24931.240817
-138.0,139,24931.543951
-231.0,232,24931.856288
-85.0,86,24933.339039
-134.0,135,24935.961254
-44.0,45,24936.273534
-180.0,181,24937.7668
-133.0,134,24937.975806
-101.0,102,24942.783008
-86.0,87,24945.89541
-88.0,89,24947.731384
-251.0,252,24949.634472
-110.0,111,24950.574924
-180.0,181,24956.132144
-340.0,241,24957.775349
-72.0,73,24958.516626
-151.0,152,24959.790753
-110.0,111,24960.019023
-132.0,133,24960.764829
-258.0,259,24962.115784
-49.0,50,24963.452295
-55.0,56,24964.884208
-141.0,142,24965.425894
-30.0,31,24968.925412
-118.0,119,24969.488408
-92.0,93,24970.544562
-61.0,62,24975.656226
-161.0,162,24980.039009
-179.0,180,24980.755093
-125.0,126,24983.210011
-174.0,175,24984.154254
-100.0,1,24984.257558
-198.0,199,24985.274436
-97.0,98,24986.324489
-162.0,63,24987.456681
-111.0,12,24988.891664
-78.0,79,24993.921189
-129.0,130,24994.168016
-340.0,341,24997.664248
-102.0,103,24997.916417
-134.0,135,24998.265203
-40.0,41,24998.690375
-73.0,74,25002.52658
-178.0,179,25004.142272
-68.0,69,25005.646304
-192.0,193,25010.50968
-118.0,119,25010.992024
-469.0,370,25011.61449
-120.0,121,25012.270235
-89.0,90,25015.947678
-187.0,188,25019.63554
-185.0,86,25022.10237
-210.0,111,25024.33282
-208.0,209,25026.339871
-197.0,198,25026.682745
-95.0,96,25026.796851
-41.0,42,25026.913473
-77.0,78,25028.46857
-161.0,162,25029.212875
-39.0,40,25031.003911
-182.0,183,25032.150202
-64.0,65,25034.396504
-72.0,73,25035.087662
-66.0,67,25036.835598
-65.0,66,25038.47378
-77.0,78,25040.643574
-113.0,114,25041.140238
-137.0,138,25042.263313
-160.0,161,25042.395952
-77.0,78,25042.97187
-73.0,74,25048.842199
-87.0,88,25050.788133
-115.0,116,25050.99933
-163.0,164,25052.821645
-156.0,157,25053.676432
-33.0,34,25054.588101
-57.0,58,25054.941944
-113.0,114,25055.317687
-119.0,120,25055.438607
-135.0,136,25057.228641
-69.0,70,25058.658018
-118.0,119,25067.605694
-142.0,143,25069.374121
-95.0,96,25069.729861
-55.0,56,25073.561576
-162.0,163,25073.880532
-169.0,170,25073.880593
-63.0,64,25076.240336
-32.0,33,25077.628659
-331.0,232,25083.207995
-254.0,255,25083.621103
-98.0,99,25084.751657
-150.0,151,25086.021986
-31.0,32,25086.586165
-47.0,48,25090.069759
-63.0,64,25090.618727
-159.0,160,25091.208716
-146.0,47,25091.878555
-130.0,131,25092.015819
-32.0,33,25093.665635
-219.0,220,25100.561924
-147.0,148,25102.718837
-98.0,99,25104.814823
-127.0,128,25104.928133
-132.0,133,25105.94302
-40.0,41,25109.30991
-166.0,167,25110.428171
-105.0,106,25114.243328
-62.0,63,25117.432961
-130.0,131,25120.288717
-112.0,113,25121.622153
-156.0,157,25121.832285
-600.0,600,25121.832341
-286.0,287,25123.382972
-99.0,100,25125.13439
-232.0,233,25126.109068
-58.0,59,25126.77426
-46.0,47,25127.088575
-32.0,33,25130.19984
-97.0,98,25132.14752
-202.0,103,25132.925449
-77.0,78,25134.258348
-104.0,105,25136.165949
-181.0,182,25136.781723
-41.0,42,25138.843151
-225.0,126,25140.583002
-99.0,100,25143.282125
-93.0,94,25143.386005
-125.0,126,25144.026354
-46.0,47,25145.781073
-126.0,127,25152.749482
-82.0,83,25152.855938
-157.0,158,25153.506168
-302.0,303,25156.11562
-53.0,54,25159.234977
-151.0,152,25159.549693
-152.0,153,25162.190016
-193.0,194,25164.116285
-57.0,58,25166.004302
-132.0,133,25167.328412
-115.0,116,25169.015204
-149.0,150,25169.404253
-65.0,66,25171.748019
-321.0,322,25172.476155
-45.0,46,25172.719969
-132.0,133,25174.457561
-44.0,45,25174.726153
-40.0,41,25176.502472
-140.0,141,25181.83072
-69.0,70,25183.874239
-138.0,139,25184.436933
-107.0,108,25186.116337
-220.0,221,25186.927276
-144.0,145,25188.670535
-161.0,162,25190.509599
-146.0,147,25191.016765
-49.0,50,25192.035445
-89.0,90,25192.16869
-45.0,46,25197.247675
-77.0,78,25197.6915
-69.0,70,25198.406383
-130.0,131,25198.84737
-87.0,88,25202.265493
-52.0,53,25203.921553
-58.0,59,25205.273008
-162.0,163,25209.34743
-208.0,209,25210.661863
-119.0,120,25212.278296
-134.0,135,25212.278353
-35.0,36,25214.561528
-99.0,100,25214.682104
-113.0,114,25217.550667
-62.0,63,25219.177954
-40.0,41,25219.178016
-55.0,56,25225.409157
-153.0,154,25229.405678
-211.0,212,25232.536547
-136.0,137,25232.648596
-73.0,74,25233.399735
-183.0,184,25234.657297
-459.0,460,25235.655959
-73.0,74,25237.159281
-167.0,168,25237.466171
-49.0,50,25240.287104
-92.0,93,25243.757799
-79.0,80,25246.104506
-126.0,127,25246.53627
-136.0,137,25247.723877
-124.0,125,25249.358538
-437.0,438,25250.162724
-32.0,33,25253.721779
-150.0,151,25254.026626
-97.0,98,25254.263105
-143.0,144,25256.006854
-131.0,132,25260.498518
-101.0,102,25260.604141
-46.0,47,25261.110939
-153.0,154,25263.217662
-89.0,90,25263.899659
-58.0,59,25266.984526
-130.0,131,25268.515649
-195.0,196,25268.932743
-157.0,158,25271.058272
-74.0,75,25272.218456
-116.0,117,25273.274834
-113.0,114,25273.61303
-124.0,125,25282.019807
-100.0,101,25282.857843
-147.0,148,25282.857903
-197.0,198,25284.673216
-142.0,143,25286.405908
-185.0,186,25288.987359
-154.0,155,25290.142786
-194.0,195,25294.028934
-73.0,74,25294.240674
-89.0,90,25294.240734
-126.0,127,25295.568292
-64.0,65,25297.061202
-252.0,153,25299.244281
-38.0,39,25299.75645
-186.0,187,25302.808298
-68.0,69,25304.230532
-159.0,160,25305.883598
-146.0,147,25309.564492
-163.0,164,25311.12867
-122.0,123,25312.484204
-108.0,109,25315.800172
-207.0,208,25316.325224
-160.0,161,25320.108774
-97.0,98,25320.515044
-199.0,200,25320.753859
-67.0,68,25324.068233
-170.0,171,25324.772475
-44.0,45,25325.340149
-114.0,115,25325.699073
-62.0,63,25327.641616
-220.0,121,25329.51718
-82.0,83,25330.032049
-61.0,62,25332.195304
-59.0,60,25332.297944
-77.0,78,25332.719321
-94.0,95,25335.335329
-217.0,218,25335.645899
-46.0,47,25338.02346
-99.0,100,25338.75033
-63.0,64,25339.265763
-115.0,116,25342.306286
-68.0,69,25343.238779
-40.0,41,25347.730308
-126.0,127,25349.375629
-119.0,120,25352.14485
-115.0,116,25352.253639
-41.0,42,25354.304178
-327.0,228,25357.844217
-263.0,264,25359.681607
-83.0,84,25361.709921
-174.0,175,25362.130473
-221.0,222,25362.898857
-138.0,139,25363.607806
-54.0,55,25364.039031
-33.0,34,25365.530672
-142.0,143,25370.349662
-60.0,61,25370.857387
-166.0,167,25371.061088
-110.0,111,25374.53359
-49.0,50,25376.775777
-225.0,126,25377.848633
-188.0,189,25381.095111
-137.0,138,25381.201491
-131.0,132,25384.97323
-220.0,221,25387.402877
-149.0,150,25387.402942
-118.0,119,25387.667456
-117.0,118,25389.578196
-122.0,123,25394.363676
-84.0,85,25459.848649
-84.0,85,25462.023129
-195.0,196,25465.370693
-169.0,170,25466.603784
-151.0,152,25467.412244
-347.0,248,25467.996095
-190.0,191,25471.666689
-87.0,88,25471.864653
-48.0,49,25472.2209
-142.0,43,25472.330197
-180.0,181,25479.998513
-141.0,142,25481.254507
-97.0,98,25482.84451
-237.0,238,25483.482228
-119.0,120,25484.936553
-136.0,37,25485.142048
-172.0,173,25487.026983
-151.0,152,25488.226973
-101.0,102,25490.852764
-78.0,79,25491.36727
-62.0,63,25494.776438
-210.0,211,25494.982202
-180.0,81,25495.490409
-58.0,59,25497.420659
-132.0,133,25497.529528
-101.0,2,25497.74069
-117.0,118,25503.423888
-172.0,173,25503.423942
-190.0,91,25507.377917
-38.0,39,25507.591557
-217.0,218,25508.453049
-116.0,117,25510.477273
-151.0,152,25511.45206
-79.0,80,25512.205349
-181.0,182,25514.743829
-56.0,57,25516.964877
-79.0,80,25517.379422
-130.0,131,25521.882067
-260.0,261,25524.101563
-155.0,156,25529.410982
-165.0,166,25529.901427
-209.0,210,25530.986476
-165.0,166,25533.017537
-141.0,142,25537.472378
-89.0,90,25539.195425
-200.0,201,25539.405097
-213.0,214,25540.394898
-158.0,159,25541.454188
-104.0,105,25542.203091
-44.0,45,25547.428445
-65.0,66,25549.060198
-106.0,107,25549.472031
-192.0,193,25551.330566
-126.0,127,25553.581173
-193.0,194,25554.634501
-40.0,41,25556.023575
-150.0,151,25556.643974
-58.0,59,25563.222803
-123.0,124,25563.60156
-84.0,85,25564.274151
-96.0,97,25564.636211
-182.0,83,25565.504098
-184.0,185,25568.707931
-177.0,178,25569.59369
-282.0,283,25573.057148
-74.0,75,25573.681248
-97.0,98,25575.030213
-125.0,126,25578.997183
-61.0,62,25581.619853
-121.0,122,25583.183095
-132.0,133,25583.596234
-177.0,178,25583.806561
-222.0,123,25586.42559
-133.0,134,25588.284677
-70.0,71,25589.320778
-114.0,115,25591.300385
-52.0,53,25593.799319
-42.0,43,25593.799381
-79.0,80,25594.996717
-119.0,120,25596.86069
-87.0,88,25603.46556
-214.0,215,25606.623784
-126.0,127,25607.761831
-156.0,157,25608.446262
-65.0,66,25613.570376
-176.0,177,25614.250868
-114.0,115,25616.026676
-405.0,306,25616.899593
-39.0,40,25618.200177
-99.0,100,25618.767329
-64.0,65,25621.729145
-102.0,103,25630.011501
-195.0,196,25630.469163
-600.0,600,25632.332272
-156.0,157,25634.144441
-56.0,57,25636.801052
-187.0,188,25638.783022
-145.0,146,25638.78308
-40.0,41,25641.478948
-53.0,54,25644.856473
-84.0,85,25648.442992
-168.0,169,25650.025301
-77.0,78,25650.351818
-33.0,34,25652.139833
-176.0,177,25652.548345
-296.0,297,25652.778588
-172.0,173,25653.69509
-42.0,43,25654.577164
-61.0,62,25657.093081
-58.0,59,25659.127889
-74.0,75,25660.444224
-35.0,36,25661.106803
-115.0,16,25662.193348
-92.0,93,25663.096905
-173.0,174,25664.241327
-600.0,600,25664.241393
-45.0,46,25667.567123
-136.0,137,25670.202625
-105.0,106,25671.212844
-193.0,194,25675.923899
-130.0,131,25676.272388
-138.0,139,25679.264645
-81.0,82,25679.72208
-171.0,172,25684.170526
-89.0,90,25686.218623
-93.0,94,25687.047697
-90.0,91,25689.698545
-215.0,216,25692.474077
-249.0,250,25693.17663
-214.0,215,25696.08696
-39.0,40,25697.870849
-177.0,178,25700.223891
-126.0,127,25700.878291
-147.0,148,25701.186646
-134.0,135,25702.444775
-72.0,73,25704.163263
-132.0,133,25704.731363
-165.0,66,25705.090509
-231.0,132,25707.246183
-114.0,115,25712.856143
-81.0,82,25713.899588
-106.0,107,25716.214336
-144.0,145,25717.355836
-149.0,150,25717.611494
-156.0,157,25720.176272
-37.0,38,25721.853487
-174.0,175,25724.572596
-161.0,162,25725.396031
-87.0,88,25726.035512
-108.0,109,25729.585667
-267.0,168,25731.927586
-176.0,177,25734.027377
-47.0,48,25735.113724
-147.0,148,25736.831221
-62.0,63,25738.947056
-145.0,146,25741.964243
-51.0,52,25742.546931
-212.0,213,25745.78808
-188.0,189,25745.996723
-121.0,122,25747.603638
-113.0,114,25747.823237
-48.0,49,25751.595643
-105.0,106,25754.620911
-115.0,116,25755.20474
-73.0,74,25759.810481
-108.0,109,25760.023424
-198.0,199,25761.14579
-150.0,151,25762.560634
-102.0,103,25766.42355
-58.0,59,25769.207939
-206.0,207,25770.710818
-165.0,166,25773.018739
-57.0,58,25773.018801
-105.0,106,25773.125217
-120.0,121,25773.346386
-29.0,30,25774.192981
-147.0,148,25776.671264
-46.0,47,25779.571305
-53.0,54,25782.867403
-151.0,152,25786.620667
-56.0,57,25792.493108
-118.0,119,25792.493166
-179.0,180,25792.918509
-600.0,600,25793.129318
-283.0,184,25793.34738
-120.0,121,25795.829149
-221.0,222,25797.69075
-46.0,47,25802.794176
-90.0,91,25803.104528
-116.0,117,25804.918676
-114.0,115,25808.110054
-162.0,163,25810.447713
-170.0,171,25810.854331
-80.0,81,25813.631668
-31.0,32,25814.145648
-204.0,205,25815.053928
-73.0,74,25816.101503
-404.0,405,25817.234397
-166.0,167,25820.649716
-66.0,67,25824.631571
-193.0,94,25826.510674
-156.0,157,25831.085306
-151.0,152,25831.085366
-207.0,208,25833.224724
-41.0,42,25835.690031
-421.0,322,25838.208207
-129.0,30,25838.826176
-176.0,177,25840.206124
-143.0,144,25840.316999
-248.0,249,25842.436076
-147.0,148,25842.67976
-51.0,52,25843.847542
-49.0,50,25845.679996
-34.0,35,25846.096355
-157.0,158,25848.016703
-92.0,93,25848.749637
-45.0,46,25850.554062
-34.0,35,25851.706671
-89.0,90,25855.738113
-266.0,167,25858.042008
-157.0,158,25859.407624
-116.0,117,25861.244326
-269.0,270,25862.095769
-117.0,118,25863.169852
-51.0,52,25863.619856
-28.0,29,25866.456785
-321.0,222,25867.556582
-126.0,127,25869.310849
-54.0,55,25872.111293
-204.0,205,25873.695717
-72.0,73,25877.220939
-173.0,174,25878.25813
-101.0,102,25878.637117
-137.0,138,25878.637175
-113.0,14,25878.873883
-161.0,162,25879.787879
-86.0,87,25883.637786
-202.0,203,25883.637841
-41.0,42,25884.594128
-127.0,128,25886.531543
-29.0,30,25886.84272
-78.0,79,25887.457571
-50.0,51,25892.103987
-123.0,124,25892.104043
-55.0,56,25892.317917
-131.0,132,25892.681796
-106.0,107,25895.086869
-38.0,39,25899.587207
-188.0,189,25899.794406
-164.0,65,25906.792686
-312.0,213,25908.029477
-147.0,148,25908.867461
-147.0,148,25908.867533
-186.0,87,25909.571892
-159.0,160,25910.904641
-220.0,221,25912.196336
-201.0,202,25915.412586
-81.0,82,25917.574868
-80.0,81,25919.032944
-78.0,79,25921.370819
-148.0,149,25924.029397
-114.0,115,25924.138795
-132.0,133,25924.24257
-84.0,85,25925.179399
-59.0,60,25925.897451
-152.0,153,25926.604915
-41.0,42,25929.089126
-68.0,69,25934.114196
-64.0,65,25934.356762
-94.0,95,25935.525642
-104.0,105,25936.480368
-280.0,181,25938.670896
-97.0,98,25940.439144
-80.0,81,25943.035008
-170.0,171,25944.575815
-89.0,90,25946.016156
-124.0,125,25948.873746
-66.0,67,25953.24815
-175.0,176,25953.365151
-162.0,163,25956.107249
-157.0,158,25957.238277
-220.0,121,25957.542541
-43.0,44,25957.941599
-120.0,121,25961.743644
-80.0,81,25961.849157
-46.0,47,25962.802616
-198.0,199,25964.04819
-75.0,76,25965.123887
-80.0,81,25971.781721
-142.0,143,25973.0263
-118.0,19,25973.931695
-477.0,478,25974.051615
-186.0,187,25976.275632
-49.0,50,25979.400311
-147.0,148,25981.35484
-161.0,162,25981.770815
-52.0,53,25981.878585
-186.0,187,25982.086281
-192.0,193,25982.8305
-68.0,69,25986.787555
-67.0,68,25989.845519
-157.0,158,25991.239027
-195.0,196,25994.397723
-126.0,127,25995.45741
-127.0,128,25996.148941
-157.0,158,26000.476305
-103.0,104,26001.305362
-134.0,135,26002.013823
-20.0,21,26002.822846
-188.0,189,26002.822899
-125.0,126,26005.241773
-147.0,148,26010.831235
-141.0,142,26011.14438
-139.0,140,26011.610078
-212.0,113,26068.035313
-138.0,139,26069.191612
-149.0,150,26074.097253
-177.0,178,26074.784343
-110.0,111,26079.758139
-152.0,153,26080.853823
-175.0,176,26082.571038
-133.0,34,26083.560029
-294.0,295,26086.819608
-212.0,213,26087.060256
-124.0,125,26087.84135
-48.0,49,26088.046829
-188.0,189,26089.825437
-83.0,84,26090.161952
-149.0,150,26091.283224
-61.0,62,26096.425356
-116.0,117,26100.62953
-164.0,165,26101.473668
-145.0,146,26102.494767
-134.0,135,26104.453092
-164.0,165,26104.666094
-132.0,133,26105.471816
-65.0,66,26109.574091
-139.0,140,26111.563773
-75.0,76,26113.176471
-119.0,120,26117.930987
-156.0,157,26118.847248
-83.0,84,26119.199864
-296.0,297,26120.403793
-194.0,195,26122.420236
-190.0,191,26127.261635
-73.0,74,26127.470848
-134.0,135,26128.630022
-173.0,174,26131.229605
-105.0,106,26132.154517
-127.0,128,26132.263333
-120.0,121,26132.677145
-52.0,53,26138.310177
-161.0,162,26139.863713
-122.0,123,26141.550308
-129.0,130,26145.00619
-138.0,139,26147.052636
-186.0,187,26147.26949
-56.0,57,26147.762631
-194.0,195,26147.977125
-97.0,98,26148.87356
-159.0,160,26149.293839
-101.0,102,26157.928711
-90.0,91,26158.23649
-148.0,149,26160.631362
-139.0,140,26162.410697
-140.0,141,26162.734558
-45.0,46,26163.197572
-135.0,136,26163.542877
-174.0,175,26165.51591
-175.0,76,26170.658631
-81.0,82,26171.70591
-302.0,303,26171.818571
-72.0,73,26179.465552
-163.0,164,26179.603308
-185.0,186,26180.238525
-159.0,160,26180.238581
-152.0,153,26181.564133
-36.0,37,26185.786034
-167.0,168,26188.936362
-92.0,93,26190.788344
-51.0,52,26194.703483
-130.0,131,26194.9131
-160.0,161,26197.497161
-45.0,46,26199.957775
-243.0,144,26201.756459
-74.0,75,26205.889596
-312.0,313,26206.104266
-140.0,141,26206.318503
-51.0,52,26207.659645
-253.0,254,26207.918372
-126.0,127,26208.953697
-482.0,483,26210.731122
-52.0,53,26212.189574
-76.0,77,26215.12015
-87.0,88,26216.638094
-151.0,152,26217.5003
-46.0,47,26221.756262
-129.0,130,26222.572102
-182.0,183,26228.533809
-175.0,176,26228.992043
-189.0,190,26232.476471
-135.0,136,26232.950232
-180.0,181,26235.773566
-78.0,79,26238.220849
-165.0,166,26241.714628
-179.0,180,26242.361229
-57.0,58,26244.418417
-103.0,104,26244.418475
-393.0,294,26245.241155
-39.0,40,26245.855237
-147.0,148,26248.52632
-181.0,182,26248.638823
-175.0,76,26252.278727
-157.0,158,26252.588624
-66.0,67,26252.799017
-87.0,88,26253.531201
-76.0,77,26256.54234
-146.0,147,26257.568668
-131.0,132,26258.910379
-71.0,72,26261.13885
-109.0,110,26263.986269
-63.0,64,26265.789669
-83.0,84,26266.511902
-134.0,135,26271.200043
-192.0,193,26273.502006
-203.0,204,26274.995479
-156.0,157,26278.569715
-116.0,117,26279.077724
-85.0,86,26281.054781
-66.0,67,26281.162887
-168.0,169,26285.937676
-111.0,112,26287.938623
-88.0,89,26289.475403
-42.0,43,26291.033695
-31.0,32,26291.717877
-193.0,94,26292.06618
-234.0,135,26294.373667
-81.0,82,26298.759492
-468.0,469,26300.914307
-91.0,92,26301.470442
-65.0,66,26301.830602
-70.0,71,26309.726153
-166.0,167,26310.531971
-265.0,266,26311.593263
-188.0,189,26313.398052
-155.0,156,26316.462151
-143.0,144,26317.665178
-84.0,85,26319.333698
-101.0,102,26323.186855
-122.0,123,26327.234814
-155.0,156,26328.088945
-103.0,104,26328.089001
-120.0,121,26331.467409
-600.0,600,26332.165988
-93.0,94,26333.910665
-301.0,302,26335.190096
-67.0,68,26336.109599
-30.0,31,26337.479301
-128.0,29,26338.446796
-173.0,174,26339.217357
-42.0,43,26340.895593
-145.0,146,26345.044355
-118.0,119,26345.159209
-188.0,189,26349.036077
-158.0,159,26350.417242
-105.0,106,26350.6313
-125.0,126,26351.889073
-104.0,105,26353.01521
-121.0,122,26353.219689
-31.0,32,26354.06349
-100.0,101,26356.76229
-127.0,128,26359.694876
-68.0,69,26360.914441
-139.0,140,26365.191787
-98.0,99,26365.50724
-132.0,133,26365.96326
-137.0,138,26369.16328
-120.0,121,26370.5677
-87.0,88,26371.001197
-188.0,189,26373.39928
-76.0,77,26373.710426
-114.0,115,26378.968542
-170.0,171,26379.225799
-31.0,32,26382.875658
-158.0,159,26383.545257
-121.0,122,26384.874944
-152.0,153,26386.310494
-132.0,133,26388.780591
-201.0,202,26393.203498
-132.0,133,26393.700254
-209.0,210,26396.655316
-123.0,124,26396.907082
-109.0,110,26398.131387
-150.0,151,26399.154731
-237.0,138,26403.881138
-136.0,137,26408.941397
-230.0,231,26410.330535
-134.0,135,26412.154294
-103.0,104,26415.715281
-165.0,166,26417.075131
-159.0,160,26417.406874
-96.0,97,26419.931059
-68.0,69,26420.039265
-276.0,277,26424.122533
-78.0,79,26425.983384
-141.0,142,26426.435898
-135.0,136,26431.024397
-100.0,101,26431.23022
-53.0,54,26431.931845
-116.0,117,26433.126154
-193.0,194,26439.196464
-56.0,57,26439.500383
-153.0,154,26443.415048
-526.0,427,26444.506667
-133.0,34,26447.203617
-216.0,217,26448.212447
-166.0,167,26449.45537
-44.0,45,26449.590727
-166.0,167,26450.444846
-180.0,181,26451.145863
-178.0,179,26459.197594
-176.0,177,26459.322074
-88.0,89,26459.718853
-98.0,99,26462.702348
-129.0,130,26463.169868
-121.0,122,26464.542034
-146.0,147,26466.526552
-173.0,174,26467.282326
-91.0,92,26470.46017
-49.0,50,26470.460232
-120.0,121,26473.481534
-83.0,84,26476.33048
-124.0,125,26477.868938
-193.0,194,26481.555401
-177.0,178,26483.132699
-67.0,68,26485.397959
-138.0,139,26486.324275
-185.0,186,26488.67025
-172.0,173,26490.290818
-67.0,68,26493.146857
-107.0,108,26495.515652
-193.0,194,26498.179867
-118.0,119,26499.69755
-59.0,60,26499.828222
-64.0,65,26502.773508
-271.0,272,26504.304311
-214.0,215,26506.069523
-181.0,182,26508.888112
-306.0,207,26513.403526
-145.0,146,26516.434596
-124.0,125,26520.152488
-208.0,209,26521.891798
-51.0,52,26522.261324
-79.0,80,26522.597435
-127.0,128,26523.505659
-210.0,211,26523.505722
-53.0,54,26527.875773
-81.0,82,26529.27086
-65.0,66,26530.954332
-247.0,248,26532.313398
-262.0,263,26532.58352
-112.0,113,26534.803855
-108.0,109,26535.677085
-67.0,68,26536.8656
-91.0,92,26541.379247
-168.0,169,26541.652305
-106.0,107,26547.353498
-103.0,104,26549.066327
-303.0,204,26551.382339
-170.0,171,26551.972575
-29.0,30,26552.577394
-114.0,115,26554.951336
-214.0,215,26557.065545
-86.0,87,26557.197479
-57.0,58,26559.092723
-68.0,69,26559.233034
-46.0,47,26560.358885
-216.0,217,26560.803229
-188.0,189,26562.96841
-55.0,56,26563.277945
-158.0,59,26566.616382
-87.0,88,26570.452218
-137.0,138,26572.542441
-141.0,142,26574.771578
-115.0,116,26576.10613
-127.0,128,26577.091183
-65.0,66,26579.668484
-90.0,91,26580.354046
-151.0,152,26583.431281
-103.0,104,26586.200164
-58.0,59,26586.307532
-52.0,53,26586.307596
-91.0,92,26587.380377
-339.0,340,26589.72733
-56.0,57,26589.970666
-135.0,136,26591.364789
-79.0,80,26598.735034
-82.0,83,26599.248703
-131.0,132,26601.175792
-41.0,42,26603.974507
-52.0,53,26604.640274
-192.0,193,26607.724939
-167.0,168,26610.069586
-69.0,70,26611.891452
-228.0,229,26613.129808
-248.0,249,26614.450256
-222.0,123,26615.181284
-122.0,123,26618.883326
-81.0,82,26621.556403
-136.0,137,26623.993548
-600.0,600,26683.046738
-120.0,121,26684.697011
-173.0,174,26686.31108
-83.0,84,26687.00937
-162.0,163,26687.811671
-86.0,87,26689.436199
-148.0,149,26691.609438
-191.0,192,26692.88484
-84.0,85,26695.49848
-88.0,89,26699.179046
-250.0,151,26700.97492
-169.0,170,26701.322103
-124.0,125,26706.281772
-171.0,172,26706.428056
-153.0,154,26712.306763
-212.0,213,26714.593987
-80.0,81,26715.197749
-144.0,145,26716.788743
-164.0,165,26716.895238
-165.0,166,26718.641285
-151.0,152,26722.503078
-56.0,57,26722.721276
-72.0,73,26724.487514
-94.0,95,26725.126215
-80.0,81,26727.162273
-67.0,68,26729.947693
-165.0,166,26732.308122
-189.0,190,26732.414661
-149.0,150,26741.290775
-267.0,168,26741.40714
-120.0,121,26743.556361
-112.0,113,26745.326156
-206.0,207,26748.419023
-85.0,86,26750.884656
-600.0,600,26752.454233
-186.0,187,26753.370726
-47.0,48,26758.054813
-149.0,150,26758.372565
-239.0,140,26759.405795
-124.0,125,26762.547687
-121.0,122,26764.88775
-58.0,59,26766.255738
-451.0,352,26767.22165
-40.0,41,26767.461698
-81.0,82,26767.930515
-211.0,212,26769.623903
-99.0,100,26769.737594
-24.0,25,26770.450927
-149.0,150,26770.885465
-52.0,53,26775.865531
-208.0,109,26780.089516
-141.0,142,26781.763253
-151.0,152,26784.123757
-129.0,130,26785.65131
-259.0,160,26788.377052
-178.0,179,26788.848245
-153.0,154,26788.848299
-68.0,69,26792.195969
-81.0,82,26795.190949
-162.0,163,26798.946495
-88.0,89,26799.152859
-164.0,165,26800.746636
-114.0,115,26802.069682
-114.0,115,26804.897672
-270.0,271,26806.700112
-188.0,189,26809.69231
-142.0,143,26811.039317
-116.0,117,26812.072386
-48.0,49,26812.319392
-74.0,75,26813.458081
-136.0,37,26813.950666
-138.0,139,26814.408272
-128.0,129,26816.284234
-142.0,143,26816.531859
-51.0,52,26820.070683
-63.0,64,26820.48001
-81.0,82,26821.09223
-92.0,93,26821.301382
-165.0,66,26823.58543
-91.0,92,26823.826595
-23.0,24,26826.421869
-139.0,140,26827.494923
-69.0,70,26827.494981
-105.0,106,26827.703921
-43.0,44,26828.432576
-98.0,99,26831.202518
-33.0,34,26831.307142
-62.0,63,26833.412807
-116.0,117,26834.150745
-46.0,47,26836.613455
-155.0,156,26838.215385
-144.0,45,26838.417856
-49.0,50,26842.006591
-129.0,130,26842.894725
-146.0,147,26844.170908
-185.0,186,26848.486241
-156.0,157,26848.92189
-68.0,69,26850.844113
-152.0,153,26851.389335
-105.0,106,26854.228796
-140.0,141,26854.468469
-107.0,108,26856.563846
-174.0,175,26858.227775
-44.0,45,26859.587569
-83.0,84,26860.596072
-142.0,143,26865.023758
-139.0,140,26865.13452
-84.0,85,26866.50914
-110.0,111,26867.455149
-164.0,165,26870.528604
-58.0,59,26871.841967
-118.0,119,26871.979319
-111.0,112,26872.43547
-40.0,41,26877.172401
-109.0,110,26877.642173
-131.0,132,26881.632432
-186.0,187,26882.126883
-40.0,41,26882.417243
-133.0,134,26882.909122
-115.0,116,26885.374997
-80.0,81,26886.580955
-50.0,51,26888.296384
-203.0,204,26894.29301
-111.0,112,26895.326815
-124.0,125,26899.471453
-158.0,159,26899.777044
-245.0,246,26900.08131
-127.0,128,26900.918849
-119.0,120,26901.62626
-89.0,90,26903.796213
-55.0,56,26905.504574
-116.0,117,26907.646965
-77.0,78,26912.26236
-115.0,116,26912.618212
-120.0,121,26913.909608
-64.0,65,26914.646825
-395.0,296,26915.476664
-38.0,39,26916.306717
-112.0,113,26917.465066
-49.0,50,26921.586569
-55.0,56,26923.489507
-232.0,233,26924.75317
-64.0,65,26928.790247
-258.0,259,26929.540726
-158.0,159,26929.658045
-172.0,173,26933.228644
-106.0,107,26936.153449
-193.0,194,26936.26856
-90.0,91,26939.196964
-119.0,120,26941.394807
-173.0,174,26942.036164
-65.0,66,26943.064704
-281.0,282,26943.920876
-143.0,144,26944.679513
-113.0,114,26945.242719
-55.0,56,26947.44783
-109.0,110,26948.052958
-45.0,46,26948.190487
-70.0,71,26952.075763
-119.0,120,26955.352554
-265.0,166,26957.55348
-87.0,88,26958.159358
-117.0,118,26958.620012
-104.0,105,26959.35735
-243.0,144,26960.836192
-90.0,91,26961.96544
-24.0,25,26963.433295
-162.0,163,26966.202246
-67.0,68,26966.703738
-105.0,106,26967.044982
-84.0,85,26967.398967
-97.0,98,26969.366054
-75.0,76,26972.025942
-106.0,107,26974.127454
-199.0,200,26980.139292
-74.0,75,26980.751207
-158.0,59,26980.858605
-101.0,102,26981.076049
-132.0,133,26982.194669
-135.0,136,26982.838074
-177.0,178,26986.759205
-53.0,54,26986.866098
-60.0,61,26987.484342
-310.0,211,26990.054814
-53.0,54,26993.065079
-146.0,147,26996.395791
-51.0,52,26998.882704
-26.0,27,26999.535681
-182.0,183,27001.395601
-174.0,175,27002.066355
-130.0,131,27002.516209
-183.0,184,27003.766495
-121.0,122,27003.979644
-203.0,204,27010.174631
-91.0,92,27011.689135
-113.0,114,27011.797783
-87.0,88,27013.621371
-25.0,26,27016.606868
-130.0,131,27016.809862
-153.0,154,27017.009537
-61.0,62,27018.837309
-149.0,150,27019.397856
-38.0,39,27020.986629
-153.0,154,27021.295405
-52.0,53,27022.817341
-121.0,122,27025.08345
-158.0,59,27027.119109
-175.0,176,27029.374387
-26.0,27,27032.218659
-148.0,149,27032.771094
-118.0,119,27033.862104
-122.0,23,27035.26365
-120.0,121,27035.769367
-163.0,164,27037.073331
-176.0,177,27038.037624
-106.0,107,27043.786669
-102.0,103,27044.955149
-192.0,193,27045.795017
-86.0,87,27046.235529
-183.0,184,27046.871418
-152.0,153,27051.593223
-76.0,77,27051.958376
-70.0,71,27053.309274
-167.0,168,27055.623847
-39.0,40,27055.83261
-88.0,89,27056.279913
-208.0,209,27057.974628
-123.0,124,27058.089796
-71.0,72,27060.960536
-57.0,58,27061.812496
-216.0,217,27069.146243
-176.0,177,27070.639869
-144.0,145,27071.158447
-129.0,130,27071.687641
-118.0,119,27074.488267
-159.0,160,27075.180601
-188.0,189,27076.533257
-145.0,146,27076.646744
-150.0,51,27082.016637
-79.0,80,27083.745555
-136.0,137,27083.997406
-153.0,154,27088.03822
-176.0,177,27090.126755
-70.0,71,27091.71915
-187.0,188,27092.401589
-171.0,172,27093.405005
-161.0,162,27094.382629
-200.0,101,27095.481719
-87.0,88,27098.07764
-68.0,69,27102.150117
-100.0,101,27104.692017
-95.0,96,27106.083269
-127.0,128,27106.083326
-37.0,38,27106.296196
-126.0,127,27106.603769
-109.0,10,27107.113225
-98.0,99,27108.931239
-50.0,51,27111.532543
-200.0,201,27112.300841
-65.0,66,27113.676938
-55.0,56,27118.194812
-134.0,135,27119.225053
-440.0,341,27119.593453
-140.0,141,27122.435512
-172.0,173,27124.960114
-126.0,127,27125.277387
-168.0,169,27127.137543
-85.0,86,27127.672658
-143.0,144,27129.365842
-99.0,100,27130.620811
-80.0,81,27136.337961
-102.0,103,27136.550001
-133.0,134,27137.314431
-114.0,115,27142.381537
-51.0,52,27143.227236
-167.0,168,27144.324507
-234.0,235,27145.735917
-104.0,105,27148.269899
-104.0,105,27148.5166
-184.0,185,27148.725241
-67.0,68,27150.968961
-89.0,90,27152.673301
-91.0,92,27154.738469
-50.0,51,27156.698602
-96.0,97,27159.542751
-134.0,135,27161.083297
-42.0,43,27161.760396
-119.0,120,27162.436768
-84.0,85,27164.34421
-72.0,73,27167.727299
-58.0,59,27168.241617
-149.0,150,27169.600331
-67.0,68,27169.910637
-69.0,70,27171.952595
-218.0,219,27172.703859
-48.0,49,27174.917166
-45.0,46,27177.435165
-56.0,57,27177.853976
-105.0,106,27180.704976
-36.0,37,27181.891359
-58.0,59,27183.915603
-215.0,216,27184.403287
-175.0,176,27186.524056
-608.0,509,27187.206311
-20.0,21,27189.464464
-50.0,51,27189.904624
-201.0,202,27189.904694
-125.0,126,27194.808628
-58.0,59,27196.78167
-205.0,206,27197.816972
-136.0,137,27199.418948
-180.0,181,27202.364603
-185.0,186,27207.690004
-159.0,160,27208.204563
-126.0,127,27210.902262
-149.0,150,27211.560895
-118.0,119,27212.524976
-49.0,50,27216.204309
-176.0,177,27217.147976
-69.0,70,27218.857008
-381.0,282,27220.527335
-173.0,174,27220.977633
-132.0,133,27221.631762
-59.0,60,27223.447033
-167.0,68,27226.249082
-60.0,61,27227.204842
-180.0,181,27227.423414
-169.0,170,27230.613113
-55.0,56,27233.549212
-164.0,165,27276.488467
-159.0,160,27277.737042
-102.0,103,27278.63579
-245.0,246,27279.432543
-217.0,218,27281.28061
-47.0,48,27281.387593
-191.0,192,27283.574029
-128.0,129,27283.985793
-52.0,53,27284.917694
-66.0,67,27288.645092
-85.0,86,27290.67603
-131.0,132,27291.953462
-104.0,105,27295.509106
-98.0,99,27295.829452
-180.0,181,27297.99676
-163.0,164,27301.243787
-122.0,123,27303.828735
-91.0,92,27305.678583
-159.0,160,27305.882845
-136.0,137,27306.524751
-168.0,169,27313.523854
-162.0,163,27315.662934
-144.0,145,27317.133907
-107.0,108,27318.411822
-147.0,148,27321.773532
-177.0,178,27323.098957
-25.0,26,27324.477789
-202.0,203,27327.690118
-600.0,600,27328.571764
-142.0,143,27328.980833
-82.0,83,27331.961007
-179.0,180,27334.862684
-67.0,68,27334.973372
-161.0,162,27335.489931
-116.0,117,27341.21213
-119.0,120,27341.932427
-114.0,115,27344.195423
-93.0,94,27344.921295
-292.0,293,27348.350685
-147.0,148,27350.702025
-251.0,252,27351.210992
-84.0,85,27352.996017
-118.0,119,27353.524171
-174.0,175,27353.933949
-131.0,132,27358.587281
-85.0,86,27361.866043
-132.0,133,27361.973843
-131.0,132,27364.303826
-229.0,230,27365.782182
-111.0,12,27367.038468
-160.0,161,27367.910568
-107.0,108,27370.043894
-155.0,156,27370.417393
-171.0,172,27371.621028
-203.0,104,27375.413149
-86.0,87,27376.330222
-171.0,172,27380.244017
-116.0,117,27380.453447
-106.0,107,27381.74501
-146.0,147,27385.862263
-97.0,98,27387.084007
-263.0,264,27390.650335
-212.0,113,27393.093374
-163.0,164,27393.516575
-72.0,73,27395.17591
-141.0,142,27397.533901
-168.0,169,27398.900507
-150.0,151,27402.226693
-75.0,76,27403.142897
-96.0,97,27403.67919
-142.0,143,27405.807927
-121.0,122,27405.914603
-30.0,31,27409.286304
-109.0,110,27410.555016
-166.0,167,27415.249541
-48.0,49,27415.753297
-231.0,132,27417.825675
-127.0,128,27419.464788
-157.0,158,27419.977539
-41.0,42,27423.841254
-197.0,198,27430.302634
-148.0,149,27430.994987
-93.0,94,27434.167531
-600.0,600,27436.334652
-197.0,198,27437.092683
-183.0,184,27437.838852
-186.0,187,27440.554733
-30.0,31,27440.6625
-94.0,95,27441.694902
-49.0,50,27441.898937
-122.0,123,27444.009081
-139.0,140,27449.348516
-114.0,115,27450.070506
-58.0,59,27450.18059
-101.0,2,27450.388216
-448.0,449,27450.493886
-158.0,159,27457.64571
-156.0,157,27458.612193
-155.0,156,27458.724359
-85.0,86,27460.000065
-191.0,192,27461.376311
-100.0,101,27461.689565
-48.0,49,27462.978585
-127.0,128,27464.206768
-64.0,65,27465.690807
-130.0,31,27467.531664
-49.0,50,27468.495362
-206.0,207,27471.982416
-58.0,59,27473.894368
-146.0,147,27474.622874
-135.0,136,27476.271218
-174.0,175,27478.706135
-111.0,112,27480.302279
-87.0,88,27483.914478
-81.0,82,27484.945188
-189.0,190,27485.987653
-48.0,49,27490.385939
-191.0,192,27492.643595
-177.0,178,27493.071692
-301.0,302,27493.9353
-193.0,194,27501.079994
-219.0,220,27502.286505
-159.0,160,27503.115812
-179.0,180,27503.225734
-127.0,128,27506.4458
-158.0,159,27507.165586
-143.0,144,27507.724093
-79.0,80,27509.481101
-158.0,159,27510.511677
-47.0,48,27511.436961
-51.0,52,27513.144994
-200.0,101,27513.835317
-110.0,111,27514.768303
-45.0,46,27516.351052
-51.0,52,27519.564386
-45.0,46,27521.480651
-72.0,73,27522.748693
-128.0,129,27523.440326
-165.0,166,27525.109304
-151.0,152,27527.151993
-58.0,59,27534.056692
-96.0,97,27536.257895
-210.0,211,27536.842881
-123.0,124,27537.600511
-137.0,138,27538.479349
-28.0,29,27539.520105
-168.0,169,27540.607285
-63.0,64,27543.760146
-37.0,38,27547.96774
-101.0,102,27549.607829
-112.0,113,27549.920456
-439.0,440,27550.426104
-104.0,105,27550.832802
-57.0,58,27555.718109
-144.0,145,27556.133595
-214.0,215,27557.316877
-373.0,374,27560.770665
-108.0,109,27561.691674
-112.0,113,27563.117659
-78.0,79,27566.25856
-107.0,108,27567.857754
-132.0,133,27571.145004
-86.0,87,27571.587371
-192.0,193,27571.875158
-130.0,131,27575.341473
-256.0,257,27576.11492
-50.0,51,27576.944008
-143.0,144,27578.964535
-74.0,75,27579.081584
-125.0,126,27579.942299
-58.0,59,27582.290826
-160.0,161,27584.95921
-129.0,130,27585.370793
-53.0,54,27587.877982
-149.0,150,27592.58507
-165.0,166,27592.705616
-129.0,130,27593.438066
-87.0,88,27594.571249
-159.0,160,27595.637465
-162.0,163,27596.065059
-283.0,184,27604.328962
-95.0,96,27606.161721
-139.0,140,27608.271221
-135.0,136,27609.097795
-209.0,210,27610.307602
-105.0,6,27611.015671
-179.0,180,27611.996458
-187.0,188,27613.041659
-207.0,108,27616.228709
-191.0,192,27616.465323
-35.0,36,27620.001402
-117.0,118,27621.200716
-138.0,139,27621.411686
-89.0,90,27622.618982
-49.0,50,27626.559426
-61.0,62,27626.676252
-153.0,154,27627.622592
-187.0,188,27629.532907
-177.0,178,27631.052744
-152.0,153,27632.681056
-75.0,76,27634.721641
-87.0,88,27637.122947
-121.0,22,27637.231951
-99.0,100,27637.543716
-140.0,141,27637.891211
-179.0,180,27640.736085
-34.0,35,27640.84344
-39.0,40,27641.982346
-47.0,48,27642.094613
-162.0,163,27647.218304
-144.0,145,27648.50637
-168.0,169,27649.329123
-88.0,89,27650.384579
-202.0,103,27651.906617
-30.0,31,27652.530714
-98.0,99,27652.739185
-185.0,186,27657.287543
-151.0,152,27658.339084
-73.0,74,27660.775555
-162.0,163,27664.31632
-175.0,176,27667.032635
-167.0,168,27668.069293
-169.0,170,27670.534326
-217.0,118,27670.739881
-132.0,133,27671.437737
-298.0,199,27673.123988
-43.0,44,27675.21673
-112.0,113,27676.271429
-166.0,167,27678.234124
-108.0,109,27679.645048
-93.0,94,27680.718833
-189.0,90,27682.522065
-156.0,157,27683.689019
-120.0,121,27684.258617
-55.0,56,27690.015081
-88.0,89,27690.50771
-58.0,59,27690.813259
-135.0,136,27691.016221
-105.0,106,27691.218744
-168.0,169,27693.375495
-171.0,172,27696.742646
-136.0,137,27697.296746
-69.0,70,27698.327746
-78.0,79,27699.478843
-80.0,81,27702.12091
-66.0,67,27705.617324
-143.0,144,27706.121014
-154.0,155,27706.459041
-126.0,127,27710.991625
-123.0,124,27712.901853
-74.0,75,27713.640674
-113.0,114,27714.253055
-173.0,174,27715.404128
-80.0,81,27719.701385
-43.0,44,27720.201243
-130.0,131,27720.514083
-71.0,72,27722.071841
-90.0,91,27722.72816
-54.0,55,27726.080433
-187.0,188,27726.286071
-80.0,81,27728.259101
-168.0,69,27729.936867
-40.0,41,27730.553958
-83.0,84,27734.924984
-216.0,217,27736.696547
-167.0,168,27738.338907
-549.0,450,27738.487199
-121.0,122,27743.733272
-212.0,213,27744.751554
-147.0,148,27745.781199
-96.0,97,27747.309944
-95.0,96,27748.889644
-48.0,49,27749.004239
-212.0,213,27751.115557
-39.0,40,27753.200155
-62.0,63,27753.910544
-147.0,148,27754.218775
-96.0,97,27755.032112
-38.0,39,27757.181289
-22.0,23,27757.389608
-74.0,75,27758.846006
-226.0,127,27759.153494
-101.0,102,27759.460856
-54.0,55,27759.595752
-72.0,73,27761.863779
-63.0,64,27765.663429
-91.0,92,27769.323811
-117.0,118,27769.643196
-105.0,106,27772.973572
-156.0,157,27774.059448
-108.0,109,27777.250542
-174.0,175,27777.81292
-46.0,47,27778.132184
-101.0,102,27780.545663
-72.0,73,27785.431129
-49.0,50,27785.810155
-581.0,482,27786.178691
-160.0,161,27786.537117
-31.0,32,27788.975932
-277.0,278,27789.087227
-28.0,29,27789.6076
-109.0,110,27789.814377
-171.0,172,27792.448091
-35.0,36,27792.856847
-72.0,73,27793.718933
-168.0,169,27795.240432
-68.0,69,27796.376181
-67.0,68,27796.996268
-81.0,82,27801.415104
-166.0,167,27803.941849
-132.0,133,27806.624976
-99.0,100,27807.207459
-174.0,175,27868.359894
-131.0,132,27871.407496
-157.0,158,27872.340681
-96.0,97,27874.794018
-210.0,211,27876.633822
-85.0,86,27878.047883
-96.0,97,27878.04794
-103.0,104,27878.295445
-62.0,63,27878.53327
-161.0,162,27879.48099
-40.0,41,27881.216725
-119.0,120,27887.791914
-64.0,65,27888.138326
-99.0,100,27889.021408
-31.0,32,27891.18603
-105.0,6,27891.801297
-129.0,130,27891.925322
-140.0,141,27893.048155
-193.0,194,27893.388379
-139.0,140,27893.388435
-38.0,39,27895.888863
-47.0,48,27896.940026
-174.0,175,27898.001653
-165.0,66,27900.483755
-100.0,101,27904.192246
-170.0,171,27907.137434
-181.0,182,27907.451401
-139.0,140,27912.153834
-177.0,178,27912.27242
-144.0,145,27913.805937
-127.0,128,27914.36058
-174.0,175,27914.890138
-113.0,114,27916.635844
-58.0,59,27920.168301
-75.0,76,27920.508412
-159.0,160,27924.917058
-130.0,131,27926.589081
-61.0,62,27927.415687
-185.0,186,27927.922559
-49.0,50,27930.016875
-40.0,41,27930.799024
-154.0,155,27931.108475
-142.0,43,27934.545521
-68.0,69,27934.54559
-54.0,55,27936.48686
-194.0,195,27937.409204
-172.0,173,27938.560386
-240.0,241,27940.55611
-64.0,65,27941.361444
-129.0,130,27941.46985
-114.0,15,27942.199002
-170.0,171,27949.279835
-162.0,163,27951.905062
-108.0,109,27953.898329
-162.0,163,27955.94185
-159.0,160,27958.597563
-119.0,120,27962.38556
-234.0,235,27962.979311
-106.0,7,27963.760462
-217.0,218,27965.095829
-181.0,182,27971.634936
-146.0,147,27972.047791
-349.0,350,27974.098814
-160.0,161,27982.187612
-265.0,266,27982.620405
-106.0,107,27983.526331
-246.0,247,27985.508887
-131.0,132,27986.006058
-133.0,34,27986.559471
-36.0,37,27989.430793
-292.0,293,27995.419633
-119.0,120,27998.921904
-143.0,144,27999.275807
-126.0,127,28000.232012
-270.0,271,28003.499337
-80.0,81,28003.919744
-210.0,211,28005.090886
-147.0,148,28005.409717
-521.0,422,28007.659256
-27.0,28,28007.997918
-41.0,42,28008.341878
-36.0,37,28011.648191
-87.0,88,28012.773303
-147.0,148,28014.510125
-144.0,145,28014.510186
-139.0,140,28014.928124
-81.0,82,28016.56344
-240.0,141,28020.265323
-56.0,57,28020.62583
-61.0,62,28023.42176
-120.0,121,28025.942945
-167.0,168,28026.500159
-182.0,183,28031.326903
-157.0,158,28031.632112
-161.0,162,28032.439394
-141.0,142,28035.749927
-112.0,113,28038.045952
-137.0,138,28038.400845
-175.0,176,28039.891394
-83.0,84,28040.602016
-135.0,36,28042.448299
-161.0,162,28044.106608
-106.0,107,28044.366237
-61.0,62,28045.01285
-89.0,90,28045.847135
-42.0,43,28050.198625
-172.0,173,28050.413106
-101.0,102,28050.834496
-40.0,41,28055.308153
-143.0,144,28056.062785
-120.0,121,28057.059328
-134.0,135,28059.527515
-163.0,164,28061.892939
-187.0,188,28062.609106
-69.0,70,28062.817852
-71.0,72,28063.770474
-129.0,130,28064.219805
-143.0,144,28065.891893
-91.0,92,28069.300322
-67.0,68,28070.12414
-89.0,90,28071.495522
-91.0,92,28072.540853
-163.0,164,28074.784487
-111.0,112,28076.058971
-124.0,25,28077.628036
-116.0,117,28078.920434
-166.0,167,28082.405859
-172.0,173,28087.875932
-151.0,152,28087.876002
-143.0,144,28088.02525
-103.0,104,28089.855983
-115.0,116,28089.967435
-94.0,95,28092.592792
-170.0,171,28094.552482
-79.0,80,28096.775866
-260.0,261,28098.530033
-165.0,166,28106.541735
-100.0,101,28107.962142
-173.0,174,28109.089051
-202.0,203,28112.380414
-127.0,128,28112.751752
-167.0,168,28113.115957
-195.0,196,28114.38288
-238.0,239,28114.489562
-181.0,82,28117.10502
-93.0,94,28119.584588
-70.0,71,28122.339373
-85.0,86,28122.456469
-72.0,73,28125.284788
-172.0,173,28125.693097
-138.0,139,28127.706532
-140.0,141,28128.529786
-83.0,84,28133.971237
-86.0,87,28134.766105
-164.0,165,28137.158264
-217.0,218,28137.945514
-104.0,105,28139.629294
-175.0,176,28141.040618
-195.0,196,28143.07027
-124.0,25,28143.718115
-91.0,92,28143.849169
-28.0,29,28146.326477
-99.0,100,28148.86038
-298.0,199,28149.0669
-131.0,132,28149.06696
-112.0,13,28150.200296
-113.0,114,28151.947408
-35.0,36,28153.89175
-105.0,6,28154.506586
-127.0,128,28157.498793
-116.0,117,28158.620723
-150.0,151,28159.785101
-75.0,76,28159.930335
-222.0,223,28160.956489
-170.0,171,28167.052443
-136.0,137,28169.066694
-204.0,205,28170.617166
-137.0,138,28172.115093
-120.0,121,28173.80667
-150.0,151,28174.661912
-41.0,42,28175.145196
-168.0,169,28177.945043
-180.0,181,28179.468174
-145.0,146,28185.2296
-101.0,102,28185.340337
-105.0,106,28186.724559
-21.0,22,28187.808178
-142.0,143,28188.289706
-192.0,93,28188.642983
-198.0,199,28189.270078
-124.0,125,28189.513677
-72.0,73,28197.325422
-184.0,185,28199.964376
-140.0,141,28204.163655
-182.0,183,28205.66565
-176.0,177,28207.816128
-79.0,80,28209.113624
-181.0,182,28209.364461
-200.0,201,28210.177534
-99.0,100,28215.673249
-167.0,168,28216.460428
-96.0,97,28216.944822
-292.0,293,28219.694739
-49.0,50,28221.911805
-126.0,127,28223.571465
-142.0,143,28225.155843
-161.0,162,28226.013243
-98.0,99,28227.748184
-119.0,120,28232.999453
-71.0,72,28234.296938
-120.0,121,28235.525413
-184.0,185,28236.397253
-25.0,26,28239.448007
-164.0,165,28242.451622
-175.0,176,28245.176761
-177.0,178,28247.672039
-84.0,85,28248.501677
-133.0,134,28249.014935
-145.0,146,28249.124865
-151.0,152,28252.186268
-150.0,151,28258.794432
-121.0,122,28262.049844
-122.0,123,28262.70181
-166.0,167,28263.370521
-153.0,154,28264.755225
-152.0,153,28269.162144
-209.0,210,28272.229872
-157.0,158,28276.1676
-600.0,600,28276.826444
-133.0,134,28277.428985
-144.0,145,28277.946363
-145.0,146,28280.508859
-167.0,168,28281.581715
-87.0,88,28281.789766
-134.0,135,28283.653384
-62.0,63,28283.96697
-74.0,75,28288.718987
-71.0,72,28289.760116
-80.0,81,28290.549286
-58.0,59,28290.664651
-149.0,150,28292.604537
-142.0,143,28293.623138
-33.0,34,28294.324607
-172.0,173,28295.645077
-49.0,50,28296.054933
-70.0,71,28297.513733
-89.0,90,28298.652761
-45.0,46,28300.726188
-161.0,162,28301.568653
-113.0,114,28304.772111
-117.0,118,28306.104615
-76.0,77,28308.697224
-101.0,102,28309.320497
-51.0,52,28310.208184
-131.0,132,28311.622784
-179.0,180,28313.694777
-156.0,157,28318.399762
-56.0,57,28319.90127
-102.0,103,28321.638802
-241.0,242,28322.334287
-159.0,160,28323.727508
-121.0,122,28325.087121
-66.0,67,28327.2444
-180.0,181,28328.691173
-185.0,186,28329.917958
-93.0,94,28332.006073
-52.0,53,28334.41335
-161.0,162,28336.22339
-72.0,73,28337.782541
-144.0,145,28338.101484
-102.0,103,28345.335808
-169.0,170,28345.442855
-86.0,87,28346.937617
-230.0,231,28349.716238
-111.0,112,28349.829471
-43.0,44,28350.034304
-183.0,184,28351.379256
-180.0,181,28355.169086
-62.0,63,28356.727355
-213.0,114,28357.324694
-117.0,118,28359.337773
-362.0,363,28362.252189
-132.0,133,28363.687515
-117.0,118,28363.799898
-147.0,148,28365.385728
-110.0,111,28368.933064
-73.0,74,28371.512973
-96.0,97,28374.224339
-191.0,192,28375.693574
-154.0,155,28379.199974
-187.0,188,28379.781245
-141.0,142,28381.11886
-52.0,53,28381.746064
-26.0,27,28382.187637
-25.0,26,28382.621432
-250.0,251,28383.811107
-125.0,126,28385.479122
-43.0,44,28387.306007
-182.0,183,28389.150023
-176.0,177,28393.433965
-104.0,105,28395.099154
-163.0,164,28399.219585
-101.0,102,28399.942318
-188.0,189,28402.20235
-141.0,142,28402.342932
-76.0,77,28403.203976
-111.0,112,28405.429385
-68.0,69,28409.708205
-67.0,68,28410.509861
-245.0,246,28461.859251
-289.0,290,28462.113887
-124.0,125,28463.504313
-128.0,129,28466.500117
-164.0,165,28467.113741
-106.0,107,28467.214104
-35.0,36,28467.470105
-63.0,64,28469.035705
-86.0,87,28469.359149
-149.0,50,28472.078465
-51.0,52,28472.926803
-117.0,118,28473.775314
-23.0,24,28476.483957
-160.0,161,28480.228221
-116.0,117,28480.479517
-143.0,144,28485.439708
-147.0,148,28488.662302
-180.0,181,28489.373759
-196.0,197,28489.60997
-159.0,160,28494.660052
-216.0,217,28497.491464
-164.0,165,28499.093402
-86.0,87,28499.312307
-114.0,115,28502.686172
-124.0,125,28502.894672
-86.0,87,28504.243735
-49.0,50,28504.75867
-170.0,171,28504.758726
-28.0,29,28505.684956
-65.0,66,28511.712231
-161.0,62,28512.270611
-118.0,119,28515.606355
-191.0,192,28518.120274
-132.0,133,28518.330393
-138.0,139,28519.486125
-481.0,382,28522.273599
-231.0,232,28524.390437
-133.0,134,28526.816321
-73.0,74,28526.816377
-62.0,63,28527.036287
-157.0,158,28529.937906
-76.0,77,28532.869912
-166.0,167,28534.035311
-142.0,143,28534.356169
-69.0,70,28534.465535
-109.0,110,28538.693788
-146.0,47,28539.640123
-170.0,171,28541.38392
-161.0,162,28544.694327
-131.0,132,28549.540938
-155.0,156,28551.978651
-177.0,178,28553.212394
-132.0,133,28555.169235
-239.0,240,28557.151908
-160.0,161,28557.400932
-127.0,128,28559.34278
-39.0,40,28561.636161
-182.0,183,28562.250651
-109.0,110,28564.085656
-111.0,112,28565.56469
-163.0,164,28567.787528
-115.0,116,28567.905644
-113.0,114,28569.699975
-100.0,101,28570.712842
-86.0,87,28571.424424
-68.0,69,28573.257619
-110.0,111,28576.49372
-95.0,96,28578.452259
-99.0,100,28578.975691
-151.0,152,28579.121349
-73.0,74,28579.472523
-93.0,94,28580.966536
-111.0,112,28582.095225
-78.0,79,28588.093039
-138.0,139,28591.600724
-123.0,124,28592.00388
-148.0,149,28595.51469
-203.0,204,28595.731343
-71.0,72,28596.087147
-167.0,168,28597.560973
-61.0,62,28598.658202
-31.0,32,28600.976054
-198.0,199,28602.804766
-111.0,112,28604.58888
-103.0,104,28606.878844
-64.0,65,28610.096253
-80.0,81,28610.096308
-109.0,110,28610.967549
-161.0,162,28614.12688
-167.0,168,28614.441553
-96.0,97,28615.305236
-73.0,74,28615.305294
-80.0,81,28618.992839
-103.0,104,28621.346729
-74.0,75,28623.20414
-54.0,55,28624.720457
-100.0,101,28625.132383
-133.0,134,28629.492887
-50.0,51,28630.20884
-161.0,162,28631.50756
-458.0,459,28632.301479
-42.0,43,28634.890667
-120.0,121,28636.310714
-242.0,243,28637.029845
-188.0,189,28641.471514
-95.0,96,28641.582754
-176.0,77,28643.051445
-186.0,187,28645.368633
-246.0,147,28645.5122
-122.0,23,28645.722098
-36.0,37,28649.911376
-127.0,128,28651.032254
-173.0,174,28651.139967
-111.0,12,28652.361539
-71.0,72,28653.353011
-128.0,129,28655.601259
-285.0,186,28656.38085
-159.0,160,28659.213743
-167.0,168,28663.607319
-146.0,147,28667.136451
-163.0,164,28667.911209
-107.0,108,28668.625956
-147.0,148,28669.939377
-173.0,174,28671.894928
-267.0,168,28674.925622
-181.0,182,28680.184967
-151.0,152,28681.292315
-51.0,52,28685.616464
-161.0,162,28687.863643
-121.0,122,28688.107372
-65.0,66,28688.223234
-199.0,200,28690.37646
-173.0,174,28691.286258
-218.0,219,28691.871157
-46.0,47,28693.491642
-79.0,80,28698.742372
-123.0,124,28701.421869
-140.0,141,28703.023464
-109.0,110,28705.107022
-183.0,184,28705.327604
-236.0,137,28706.290218
-259.0,160,28708.203706
-36.0,37,28709.229761
-52.0,53,28710.718459
-67.0,68,28713.52955
-50.0,51,28713.647938
-117.0,118,28715.701641
-169.0,170,28716.960082
-25.0,26,28719.631968
-173.0,174,28719.9838
-117.0,118,28723.195762
-42.0,43,28724.120119
-127.0,128,28726.952861
-174.0,175,28727.684681
-147.0,148,28731.2834
-119.0,120,28732.781252
-600.0,600,28733.624498
-189.0,190,28733.971716
-116.0,117,28736.081694
-58.0,59,28738.140829
-52.0,53,28739.991458
-179.0,180,28744.394313
-164.0,165,28745.751228
-173.0,174,28747.436788
-131.0,132,28747.924874
-111.0,112,28748.803736
-80.0,81,28749.234611
-63.0,64,28752.697796
-169.0,170,28752.807581
-50.0,51,28754.744321
-185.0,186,28759.106381
-132.0,133,28759.227738
-77.0,78,28761.785898
-144.0,145,28763.919363
-92.0,93,28765.613133
-83.0,84,28769.030329
-178.0,179,28769.262636
-149.0,150,28770.082259
-50.0,51,28771.520125
-64.0,65,28776.041304
-164.0,165,28777.631501
-150.0,151,28778.587332
-171.0,172,28783.130493
-126.0,127,28783.249398
-29.0,30,28786.527313
-88.0,89,28788.77915
-168.0,169,28788.779227
-68.0,69,28790.924826
-211.0,212,28794.922046
-161.0,162,28795.772928
-180.0,181,28796.236305
-67.0,68,28796.236362
-131.0,32,28798.577635
-189.0,90,28798.789909
-104.0,105,28802.791544
-89.0,90,28805.869179
-189.0,190,28807.524098
-148.0,149,28812.614404
-164.0,165,28814.39922
-600.0,600,28814.900256
-165.0,166,28817.07747
-185.0,186,28819.091919
-123.0,124,28819.600867
-153.0,154,28819.719491
-65.0,66,28820.180078
-116.0,117,28820.655886
-112.0,113,28827.834437
-108.0,109,28829.422327
-109.0,110,28831.346107
-135.0,136,28835.160156
-139.0,140,28835.984192
-191.0,192,28836.199734
-179.0,180,28840.944453
-123.0,124,28841.76738
-196.0,197,28841.881485
-41.0,42,28846.803109
-182.0,183,28850.070458
-32.0,33,28850.182386
-82.0,83,28850.288061
-167.0,168,28850.535691
-146.0,147,28851.645105
-49.0,50,28855.85708
-181.0,182,28856.379024
-49.0,50,28857.07479
-36.0,37,28860.235244
-95.0,96,28860.587713
-238.0,239,28862.729431
-75.0,76,28864.152311
-216.0,217,28865.995173
-81.0,82,28866.252101
-144.0,145,28866.631073
-161.0,162,28868.198245
-32.0,33,28870.296544
-86.0,87,28870.549045
-58.0,59,28871.219047
-105.0,106,28873.043156
-89.0,90,28873.352213
-41.0,42,28875.102863
-111.0,112,28878.982039
-66.0,67,28880.938369
-95.0,96,28881.926873
-117.0,118,28883.374122
-175.0,176,28886.498948
-165.0,166,28886.865564
-136.0,137,28888.095346
-71.0,72,28889.643538
-66.0,67,28893.782728
-62.0,63,28894.602456
-189.0,190,28895.673455
-123.0,24,28898.16815
-183.0,184,28898.509433
-118.0,119,28898.953105
-202.0,203,28902.251018
-180.0,181,28902.457622
-118.0,119,28906.233378
-111.0,112,28910.326819
-92.0,93,28912.276602
-230.0,231,28914.228996
-199.0,200,28915.926955
-160.0,161,28916.139192
-36.0,37,28918.16038
-150.0,151,28918.927015
-24.0,25,28921.567862
-156.0,157,28923.290219
-54.0,55,28924.030584
-86.0,87,28925.32654
-256.0,257,28925.764825
-128.0,129,28926.177754
-38.0,39,28930.244265
-62.0,63,28930.347697
-111.0,112,28936.263396
-142.0,143,28937.012126
-78.0,79,28938.701782
-226.0,227,28940.739683
-292.0,293,28942.180315
-62.0,63,28947.881613
-182.0,183,28950.247618
-138.0,139,28951.543396
-52.0,53,28953.480803
-144.0,145,28954.512243
-162.0,163,28954.749444
-52.0,53,28957.045509
-150.0,151,28958.506212
-83.0,84,28958.953841
-70.0,71,28960.898791
-68.0,69,28961.972459
-51.0,52,28964.699754
-109.0,110,28966.620078
-383.0,384,28967.315852
-105.0,106,28970.332604
-144.0,145,28972.977557
-113.0,114,28973.628344
-449.0,450,28975.206155
-120.0,121,28975.419531
-149.0,150,28983.29505
-134.0,135,28984.762825
-186.0,187,28985.005137
-201.0,202,28988.482906
-141.0,142,28989.088772
-51.0,52,28989.203217
-177.0,178,28992.41447
-82.0,83,28993.936112
-179.0,180,28994.771514
-180.0,181,28995.082551
-112.0,113,29001.512185
-159.0,160,29002.704965
-106.0,107,29004.034967
-37.0,38,29006.591219
-154.0,155,29011.425975
-152.0,153,29011.534229
-164.0,165,29011.640476
-81.0,82,29071.503175
-237.0,238,29073.124261
-122.0,123,29073.442311
-34.0,35,29076.789114
-303.0,304,29080.651932
-90.0,91,29081.162944
-117.0,118,29082.874464
-64.0,65,29083.477533
-175.0,176,29083.991372
-142.0,143,29085.320547
-69.0,70,29088.31434
-84.0,85,29089.386782
-168.0,169,29090.965538
-99.0,100,29094.031529
-224.0,225,29094.269819
-47.0,48,29094.58897
-61.0,62,29095.04855
-103.0,104,29096.482842
-41.0,42,29098.716513
-143.0,144,29099.225209
-85.0,86,29100.185875
-76.0,77,29102.208432
-196.0,197,29103.631392
-106.0,107,29107.657396
-107.0,108,29111.451889
-164.0,165,29111.87124
-130.0,131,29112.386946
-180.0,181,29114.12238
-157.0,158,29116.108385
-237.0,138,29118.688353
-178.0,179,29121.696671
-135.0,136,29122.679842
-107.0,108,29123.64556
-167.0,68,29123.750815
-125.0,126,29126.660753
-251.0,152,29129.133364
-61.0,62,29130.87541
-74.0,75,29132.286465
-166.0,167,29133.251544
-32.0,33,29136.962459
-93.0,94,29137.507175
-184.0,185,29139.618876
-165.0,166,29140.527635
-167.0,168,29141.616098
-142.0,143,29144.979709
-124.0,125,29145.913696
-87.0,88,29146.367606
-161.0,62,29148.154375
-39.0,40,29149.195668
-44.0,45,29150.722011
-103.0,104,29151.448959
-204.0,205,29153.135527
-98.0,99,29157.163573
-118.0,119,29161.330967
-201.0,202,29161.538038
-225.0,226,29162.080547
-130.0,131,29165.115439
-47.0,48,29167.05146
-157.0,158,29168.664444
-131.0,132,29171.419566
-171.0,172,29171.995303
-68.0,69,29176.512245
-150.0,151,29177.895059
-85.0,86,29181.683943
-150.0,51,29183.296905
-170.0,171,29183.821054
-222.0,223,29185.755746
-187.0,188,29187.594026
-167.0,168,29189.652369
-176.0,177,29195.309176
-109.0,110,29195.415313
-151.0,152,29197.619164
-29.0,30,29198.458413
-107.0,108,29198.978936
-37.0,38,29199.421768
-145.0,146,29201.138834
-39.0,40,29201.95148
-116.0,117,29212.107512
-105.0,106,29213.922994
-138.0,139,29214.032162
-600.0,600,29214.758729
-133.0,134,29216.165415
-34.0,35,29217.626122
-260.0,261,29218.133943
-83.0,84,29223.213707
-48.0,49,29223.634055
-85.0,86,29225.515493
-245.0,246,29226.512142
-39.0,40,29227.337683
-176.0,177,29231.55193
-56.0,57,29234.068566
-140.0,141,29239.75876
-120.0,121,29240.670852
-84.0,85,29241.580145
-212.0,213,29241.854629
-341.0,242,29241.970612
-542.0,543,29243.314178
-160.0,161,29244.141005
-29.0,30,29245.266752
-142.0,43,29248.915039
-89.0,90,29249.891263
-146.0,147,29250.79721
-117.0,118,29253.693101
-117.0,118,29254.548509
-74.0,75,29256.902114
-47.0,48,29258.871954
-168.0,169,29261.795844
-66.0,67,29261.90177
-191.0,192,29262.988945
-42.0,43,29263.82617
-64.0,65,29264.275963
-52.0,53,29268.167095
-157.0,158,29268.506575
-179.0,180,29269.882002
-91.0,92,29273.250633
-92.0,93,29274.576037
-51.0,52,29275.428992
-47.0,48,29278.30135
-154.0,155,29278.814836
-98.0,99,29278.923842
-108.0,109,29279.68358
-54.0,55,29284.158376
-195.0,196,29285.081527
-89.0,90,29288.749219
-98.0,99,29289.882463
-142.0,143,29290.091915
-52.0,53,29290.196607
-51.0,52,29290.89154
-118.0,119,29292.652281
-184.0,185,29295.285691
-58.0,59,29296.036434
-600.0,501,29299.742554
-120.0,121,29302.722511
-99.0,100,29303.028577
-134.0,135,29304.874422
-63.0,64,29306.293805
-157.0,158,29306.404579
-173.0,174,29306.802628
-80.0,81,29311.200991
-160.0,161,29312.121321
-156.0,157,29312.482496
-46.0,47,29317.447268
-134.0,135,29317.674641
-97.0,98,29317.674697
-109.0,110,29318.54387
-53.0,54,29318.543927
-125.0,126,29318.699546
-140.0,141,29326.471815
-121.0,122,29330.3336
-223.0,224,29330.445109
-130.0,131,29331.523958
-48.0,49,29331.731887
-135.0,136,29332.926364
-153.0,154,29333.967764
-69.0,70,29337.713847
-184.0,185,29338.030996
-197.0,198,29339.48452
-95.0,96,29340.513595
-94.0,95,29341.421068
-87.0,88,29342.069475
-171.0,172,29349.917031
-96.0,97,29350.877136
-187.0,188,29353.990171
-160.0,161,29355.025339
-125.0,126,29355.13669
-147.0,148,29355.474876
-136.0,137,29357.179528
-183.0,184,29358.0748
-119.0,120,29363.468623
-102.0,103,29369.578029
-125.0,126,29369.693302
-144.0,145,29371.421899
-166.0,167,29373.84894
-210.0,211,29374.534383
-57.0,58,29377.593536
-193.0,194,29378.549926
-138.0,139,29378.667052
-223.0,224,29378.899629
-102.0,103,29380.792277
-82.0,83,29382.848987
-63.0,64,29384.604775
-170.0,171,29388.49112
-74.0,75,29389.403272
-175.0,176,29398.825701
-180.0,181,29399.048424
-190.0,191,29400.322635
-30.0,31,29402.67693
-250.0,251,29402.786809
-175.0,176,29403.043434
-138.0,139,29404.414629
-176.0,177,29404.956579
-47.0,48,29405.772963
-35.0,36,29406.693655
-188.0,189,29410.956998
-77.0,78,29414.77788
-151.0,152,29416.104695
-92.0,93,29417.205438
-126.0,127,29417.30515
-21.0,22,29418.632724
-132.0,133,29419.513943
-163.0,164,29423.605898
-182.0,183,29423.605957
-83.0,84,29424.361826
-136.0,137,29426.617431
-85.0,86,29427.198051
-42.0,43,29429.206757
-108.0,109,29431.082992
-44.0,45,29432.168276
-150.0,51,29432.277333
-133.0,134,29432.648477
-30.0,31,29435.728776
-134.0,135,29438.843511
-71.0,72,29440.863508
-153.0,154,29441.111113
-133.0,134,29444.327632
-233.0,234,29445.859654
-141.0,142,29446.938427
-136.0,137,29447.630743
-224.0,125,29449.831643
-234.0,135,29454.342454
-90.0,91,29454.874115
-99.0,100,29457.54165
-67.0,68,29457.75729
-150.0,151,29458.25402
-179.0,180,29461.236697
-35.0,36,29461.674254
-47.0,48,29462.735809
-79.0,80,29463.157063
-155.0,156,29465.152729
-202.0,203,29469.311023
-145.0,146,29470.237955
-78.0,79,29470.758303
-144.0,145,29473.29423
-88.0,89,29474.250164
-140.0,141,29475.742127
-125.0,126,29476.051873
-29.0,30,29477.447347
-155.0,156,29477.793973
-83.0,84,29478.104084
-114.0,115,29482.20325
-76.0,77,29483.769573
-74.0,75,29483.875283
-172.0,173,29488.69167
-80.0,81,29490.601097
-167.0,168,29490.826799
-135.0,136,29492.148488
-163.0,164,29494.588526
-162.0,163,29494.806906
-147.0,148,29499.708093
-110.0,111,29500.795392
-59.0,60,29501.510009
-176.0,177,29502.875436
-135.0,136,29505.4268
-135.0,136,29507.104345
-131.0,132,29509.021518
-167.0,168,29509.130639
-80.0,81,29509.604991
-78.0,79,29511.451067
-75.0,76,29513.989912
-139.0,140,29515.212577
-57.0,58,29515.700301
-60.0,61,29516.590509
-112.0,113,29524.592058
-80.0,81,29524.701168
-88.0,89,29526.038295
-282.0,183,29528.069755
-181.0,182,29530.036813
-138.0,139,29532.521599
-170.0,171,29533.505196
-79.0,80,29534.861112
-80.0,81,29537.021409
-434.0,335,29539.28513
-121.0,122,29544.034334
-106.0,107,29544.861211
-179.0,180,29545.098068
-119.0,120,29548.8197
-45.0,46,29549.229534
-326.0,227,29550.367872
-127.0,128,29553.535947
-78.0,79,29553.536011
-194.0,195,29555.218644
-110.0,111,29560.47454
-111.0,112,29561.043675
-158.0,159,29562.000523
-78.0,79,29562.11396
-85.0,86,29562.897552
-232.0,233,29562.89761
-79.0,80,29569.158659
-133.0,134,29569.718997
-205.0,206,29572.479331
-96.0,97,29572.589307
-106.0,107,29573.505876
-113.0,114,29575.152533
-154.0,155,29577.809784
-81.0,82,29578.635355
-78.0,79,29583.597856
-99.0,100,29589.335246
-172.0,173,29592.288689
-183.0,184,29592.505286
-140.0,141,29599.155496
-67.0,68,29599.779778
-227.0,228,29602.683705
-40.0,41,29603.53118
-134.0,135,29604.233255
-344.0,345,29606.870357
-73.0,74,29607.93107
-40.0,41,29608.167537
-57.0,58,29609.087881
-454.0,355,29611.144469
-43.0,44,29611.597572
-454.0,455,29612.451208
-194.0,195,29614.13091
-127.0,128,29677.665183
-107.0,108,29678.918998
-175.0,176,29679.02986
-153.0,154,29681.562666
-114.0,115,29682.13318
-67.0,68,29685.158875
-197.0,198,29685.158939
-69.0,70,29689.070955
-214.0,215,29691.211375
-336.0,237,29692.393254
-107.0,108,29693.559087
-115.0,116,29697.383453
-184.0,185,29698.865407
-63.0,64,29699.170588
-134.0,135,29699.418996
-111.0,112,29705.976101
-162.0,163,29709.390495
-199.0,200,29711.15242
-122.0,123,29711.390851
-426.0,327,29715.111762
-58.0,59,29717.726433
-178.0,179,29719.113706
-126.0,127,29720.21102
-55.0,56,29721.161765
-165.0,166,29729.755912
-280.0,281,29730.895331
-196.0,197,29731.113381
-57.0,58,29737.355271
-156.0,157,29737.564455
-170.0,171,29737.971041
-192.0,193,29739.017565
-91.0,92,29739.952869
-488.0,389,29742.982676
-114.0,115,29744.262401
-214.0,215,29745.260079
-68.0,69,29745.569338
-112.0,113,29752.756511
-160.0,161,29755.310749
-96.0,97,29755.724571
-112.0,113,29757.739095
-191.0,192,29759.224515
-185.0,186,29759.53951
-151.0,152,29760.654289
-29.0,30,29760.973408
-165.0,166,29760.973466
-94.0,95,29762.841917
-52.0,53,29765.474268
-50.0,51,29766.270273
-101.0,102,29770.247417
-72.0,73,29770.691433
-42.0,43,29770.799661
-166.0,167,29773.224004
-185.0,186,29775.683212
-59.0,60,29776.605217
-138.0,139,29780.453858
-179.0,180,29780.560239
-77.0,78,29781.814172
-108.0,109,29782.703948
-92.0,93,29785.890064
-142.0,143,29786.202098
-87.0,88,29789.80027
-132.0,133,29790.943889
-315.0,316,29794.834726
-157.0,158,29797.050763
-123.0,124,29798.844353
-119.0,20,29799.151426
-125.0,126,29799.358409
-172.0,173,29799.990415
-176.0,177,29801.245815
-68.0,69,29802.196658
-115.0,116,29803.367912
-77.0,78,29807.868768
-172.0,173,29808.344259
-88.0,89,29808.89481
-99.0,100,29812.35382
-115.0,116,29814.868625
-179.0,180,29819.862198
-169.0,170,29822.005005
-223.0,224,29823.325956
-90.0,91,29824.867494
-33.0,34,29825.731678
-153.0,154,29825.838618
-153.0,154,29829.284733
-295.0,196,29829.499388
-100.0,101,29830.875066
-48.0,49,29831.082514
-220.0,221,29832.541059
-48.0,49,29836.349365
-118.0,119,29838.805684
-99.0,100,29840.494827
-68.0,69,29847.009612
-168.0,169,29848.500981
-224.0,225,29848.849621
-169.0,170,29850.264809
-176.0,177,29852.90785
-180.0,181,29857.060779
-146.0,147,29857.310422
-109.0,110,29859.276794
-107.0,108,29860.606551
-113.0,114,29862.726768
-57.0,58,29863.626831
-107.0,108,29864.635203
-179.0,80,29865.923315
-46.0,47,29865.923376
-477.0,378,29867.338753
-40.0,41,29869.227496
-79.0,80,29871.57633
-117.0,118,29872.221558
-45.0,46,29872.221621
-290.0,291,29880.59415
-152.0,153,29882.758477
-102.0,103,29883.68398
-175.0,176,29885.365985
-122.0,123,29885.949877
-129.0,130,29886.085249
-158.0,159,29886.93382
-332.0,233,29889.738624
-142.0,143,29896.652051
-126.0,127,29897.098843
-102.0,103,29897.588047
-128.0,129,29898.211372
-128.0,129,29899.896608
-288.0,189,29907.175256
-194.0,95,29908.78145
-185.0,186,29910.194827
-132.0,133,29912.313942
-142.0,143,29913.040354
-60.0,61,29914.036245
-253.0,254,29915.279213
-156.0,157,29917.619277
-188.0,189,29917.959263
-65.0,66,29920.477521
-60.0,61,29920.888415
-36.0,37,29921.785514
-146.0,147,29926.468126
-162.0,163,29926.679254
-80.0,81,29930.470158
-53.0,54,29932.321645
-140.0,141,29932.670783
-130.0,131,29934.993334
-81.0,82,29935.679493
-200.0,201,29937.297425
-158.0,159,29937.752784
-54.0,55,29938.860374
-49.0,50,29940.79644
-367.0,268,29942.024452
-162.0,63,29942.926728
-117.0,118,29943.840159
-52.0,53,29943.84022
-30.0,31,29945.673439
-45.0,46,29946.13215
-104.0,105,29949.593766
-158.0,159,29950.749587
-76.0,77,29952.937176
-178.0,179,29959.817523
-59.0,60,29959.935714
-132.0,133,29961.160817
-163.0,164,29962.02106
-162.0,163,29962.854975
-159.0,160,29964.697114
-150.0,151,29968.03832
-178.0,179,29970.045297
-103.0,104,29973.038674
-78.0,79,29973.686638
-113.0,114,29975.027565
-107.0,108,29975.134029
-154.0,155,29977.424656
-56.0,57,29980.086272
-115.0,116,29983.256612
-111.0,112,29987.958207
-143.0,144,29989.498372
-267.0,268,29990.404085
-63.0,64,29990.750326
-141.0,142,29991.343323
-208.0,209,29992.061626
-138.0,139,29993.610288
-133.0,134,29995.673442
-57.0,58,29997.443817
-104.0,105,30001.512151
-90.0,91,30002.396339
-132.0,133,30003.173301
-124.0,125,30004.742933
-118.0,119,30010.975091
-158.0,159,30011.720575
-191.0,192,30013.357521
-109.0,110,30014.179631
-101.0,102,30015.017275
-190.0,191,30017.378324
-153.0,154,30022.228105
-71.0,72,30025.434198
-130.0,131,30025.792368
-140.0,141,30029.310814
-154.0,155,30029.310871
-135.0,136,30029.561278
-254.0,255,30031.461109
-177.0,178,30034.804475
-154.0,155,30039.534419
-127.0,128,30040.121824
-98.0,99,30040.46151
-84.0,85,30040.776407
-57.0,58,30041.360142
-126.0,127,30043.397431
-176.0,177,30045.369096
-81.0,82,30050.832987
-202.0,103,30051.421165
-80.0,81,30054.748255
-142.0,143,30056.639079
-241.0,242,30056.780665
-140.0,141,30057.106447
-132.0,133,30058.813141
-36.0,37,30060.940461
-184.0,185,30061.73403
-97.0,98,30062.64679
-62.0,63,30063.820329
-126.0,127,30065.476225
-95.0,96,30068.22607
-62.0,63,30068.387738
-86.0,87,30068.905149
-50.0,51,30069.876888
-142.0,143,30071.382703
-41.0,42,30073.718513
-108.0,109,30074.445952
-121.0,122,30076.697104
-115.0,116,30078.709735
-92.0,93,30080.287767
-134.0,135,30083.425301
-83.0,84,30083.740183
-31.0,32,30083.845289
-145.0,146,30084.752558
-150.0,151,30088.368716
-140.0,141,30089.57612
-115.0,116,30089.821525
-158.0,159,30096.93097
-115.0,116,30097.183669
-74.0,75,30098.480528
-132.0,133,30099.144269
-215.0,116,30101.741901
-164.0,165,30102.424379
-163.0,164,30103.628584
-89.0,90,30107.197461
-83.0,84,30108.088971
-43.0,44,30108.686462
-110.0,111,30109.902925
-196.0,197,30112.247516
-103.0,104,30114.291095
-71.0,72,30115.462081
-152.0,153,30116.69236
-36.0,37,30118.423302
-57.0,58,30121.583789
-144.0,145,30124.439852
-164.0,165,30126.024538
-48.0,49,30126.648891
-157.0,158,30126.866575
-255.0,256,30129.786866
-109.0,110,30129.894189
-171.0,172,30130.625704
-38.0,39,30131.046676
-54.0,55,30132.684065
-29.0,30,30133.170131
-169.0,170,30134.960624
-61.0,62,30137.569939
-76.0,77,30143.317668
-117.0,118,30144.103606
-170.0,71,30145.215466
-143.0,144,30145.633808
-199.0,200,30146.17352
-136.0,137,30148.17933
-43.0,44,30148.988697
-155.0,156,30150.000795
-57.0,58,30152.968035
-243.0,244,30153.080933
-70.0,71,30153.839669
-79.0,80,30157.102525
-64.0,65,30159.855269
-155.0,156,30160.40286
-127.0,128,30163.085479
-70.0,71,30164.928352
-149.0,150,30166.58681
-131.0,132,30167.632507
-126.0,127,30167.839751
-81.0,82,30169.586443
-241.0,242,30171.950531
-120.0,121,30173.14469
-220.0,121,30176.27711
-33.0,34,30180.079863
-142.0,143,30180.493138
-130.0,131,30180.700401
-69.0,70,30180.807136
-107.0,108,30181.220489
-44.0,45,30184.909607
-159.0,160,30185.032073
-51.0,52,30186.918617
-68.0,69,30192.685946
-193.0,194,30193.37667
-133.0,134,30195.461088
-158.0,159,30198.51925
-118.0,119,30198.519308
-45.0,46,30198.664046
-172.0,173,30200.343078
-80.0,81,30202.029198
-413.0,314,30202.372971
-174.0,175,30206.865724
-47.0,48,30207.721515
-35.0,36,30211.448529
-117.0,118,30211.559378
-146.0,147,30211.77709
-127.0,128,30212.723027
-119.0,120,30214.932232
-31.0,32,30214.93229
-250.0,151,30216.650993
-60.0,61,30219.177689
-158.0,159,30223.605414
-120.0,121,30227.888209
-151.0,152,30295.781867
-140.0,141,30296.317447
-303.0,204,30298.02123
-135.0,136,30298.233423
-251.0,252,30302.579982
-72.0,73,30303.732469
-75.0,76,30306.001758
-177.0,178,30306.821796
-91.0,92,30307.46298
-147.0,148,30307.811972
-419.0,420,30307.914333
-163.0,164,30312.710767
-27.0,28,30315.550593
-84.0,85,30315.661294
-137.0,138,30318.095103
-148.0,149,30318.09517
-121.0,122,30320.880217
-124.0,125,30321.113563
-65.0,66,30322.946653
-170.0,171,30324.482834
-185.0,186,30327.668411
-131.0,132,30332.872754
-159.0,160,30333.385384
-111.0,112,30333.500757
-102.0,103,30335.577683
-155.0,156,30337.927436
-181.0,182,30338.133276
-170.0,171,30341.398606
-99.0,100,30344.272902
-169.0,170,30346.241304
-84.0,85,30347.624457
-117.0,118,30348.537135
-38.0,39,30350.351885
-70.0,71,30351.986509
-177.0,178,30352.860004
-190.0,191,30353.583439
-115.0,116,30354.29637
-58.0,59,30354.943872
-62.0,63,30357.313832
-179.0,180,30357.732386
-119.0,120,30360.753279
-35.0,36,30361.256293
-94.0,95,30365.16338
-119.0,120,30367.151468
-151.0,152,30368.286312
-76.0,77,30368.701811
-148.0,149,30368.811964
-158.0,159,30370.649434
-56.0,57,30374.51049
-158.0,159,30374.715504
-63.0,64,30375.885505
-91.0,92,30381.02461
-152.0,153,30381.92644
-147.0,148,30383.522343
-68.0,69,30383.653332
-338.0,239,30387.438515
-119.0,120,30388.093787
-139.0,140,30390.46831
-75.0,76,30392.135966
-223.0,224,30393.653378
-63.0,64,30394.996157
-126.0,127,30394.996216
-138.0,139,30397.28744
-133.0,134,30401.787669
-117.0,118,30403.085873
-116.0,117,30404.456547
-128.0,129,30408.675916
-160.0,161,30410.686453
-21.0,22,30410.989696
-155.0,156,30411.543685
-106.0,107,30414.393274
-165.0,166,30414.820793
-156.0,157,30421.184315
-106.0,107,30422.422298
-119.0,120,30424.308022
-128.0,129,30428.446357
-136.0,137,30428.862262
-113.0,114,30433.104101
-49.0,50,30433.75909
-125.0,126,30437.51135
-612.0,513,30438.363966
-153.0,154,30438.614062
-122.0,123,30442.192762
-298.0,299,30442.651423
-498.0,399,30444.443449
-118.0,119,30446.988633
-105.0,106,30449.462132
-101.0,102,30449.919906
-153.0,154,30455.888719
-212.0,213,30456.633533
-138.0,139,30457.565882
-121.0,122,30457.886003
-164.0,165,30460.891731
-114.0,115,30462.129719
-153.0,154,30463.809398
-102.0,103,30467.853935
-62.0,63,30468.889495
-178.0,179,30469.44005
-26.0,27,30470.702593
-78.0,79,30472.384585
-143.0,144,30473.68764
-159.0,160,30475.102536
-133.0,134,30475.505522
-186.0,187,30476.19289
-117.0,18,30477.377306
-92.0,93,30478.973972
-65.0,66,30479.482788
-103.0,104,30480.676322
-57.0,58,30485.380565
-60.0,61,30486.246701
-94.0,95,30487.744725
-133.0,134,30489.459541
-179.0,180,30490.209918
-67.0,68,30492.477223
-119.0,120,30493.655006
-41.0,42,30494.688598
-171.0,72,30495.30962
-180.0,181,30495.625472
-210.0,211,30496.264286
-49.0,50,30498.868186
-160.0,161,30503.48261
-134.0,135,30504.070155
-125.0,126,30506.416552
-138.0,139,30510.861123
-91.0,92,30513.796705
-178.0,179,30515.345887
-199.0,200,30516.596617
-65.0,66,30520.782963
-331.0,232,30521.641263
-314.0,215,30522.627822
-218.0,119,30523.724184
-190.0,191,30525.191429
-55.0,56,30527.02097
-125.0,126,30530.282295
-81.0,82,30530.591537
-226.0,227,30531.000354
-82.0,83,30531.576502
-160.0,161,30532.740976
-44.0,45,30536.688858
-150.0,51,30538.51596
-118.0,119,30540.196467
-261.0,162,30541.669661
-53.0,54,30542.860497
-177.0,178,30544.825931
-49.0,50,30545.786098
-153.0,154,30547.458476
-155.0,156,30548.38312
-116.0,117,30551.398988
-224.0,225,30555.532381
-110.0,111,30556.901444
-130.0,131,30557.106109
-150.0,151,30558.167015
-103.0,104,30558.945144
-139.0,140,30561.193293
-79.0,80,30565.922178
-192.0,93,30568.44352
-79.0,80,30569.912101
-195.0,196,30570.032451
-133.0,134,30571.915298
-196.0,197,30576.955503
-175.0,176,30577.908624
-134.0,135,30580.085929
-287.0,288,30582.591643
-143.0,144,30584.975497
-67.0,68,30584.975552
-128.0,129,30585.291166
-175.0,176,30586.821705
-35.0,36,30588.938255
-136.0,137,30591.718591
-106.0,107,30596.798296
-257.0,258,30597.679097
-145.0,146,30598.52993
-174.0,175,30599.034791
-95.0,96,30599.448626
-218.0,119,30600.01553
-146.0,147,30607.378846
-213.0,214,30608.408016
-135.0,136,30613.061527
-147.0,148,30615.000565
-170.0,171,30615.219667
-60.0,61,30615.219721
-77.0,78,30615.95929
-203.0,204,30619.513748
-186.0,187,30620.070309
-207.0,208,30621.710179
-70.0,71,30622.850991
-112.0,113,30628.209808
-167.0,168,30631.197205
-151.0,152,30631.510625
-162.0,163,30632.472775
-122.0,123,30632.779853
-121.0,122,30633.22808
-212.0,113,30634.905553
-83.0,84,30640.532551
-89.0,90,30644.476722
-217.0,218,30645.121134
-132.0,133,30647.312182
-252.0,153,30647.422822
-150.0,151,30648.490877
-79.0,80,30648.906363
-70.0,71,30651.867882
-77.0,78,30653.233566
-216.0,217,30655.58959
-371.0,272,30656.851514
-187.0,88,30658.192499
-114.0,115,30659.564993
-128.0,129,30661.019596
-154.0,155,30665.245169
-104.0,105,30667.436473
-141.0,142,30669.047581
-158.0,159,30669.50309
-154.0,155,30675.733183
-169.0,170,30676.088181
-67.0,68,30676.780644
-70.0,71,30677.594096
-110.0,111,30677.938401
-182.0,183,30680.449968
-71.0,72,30685.101531
-214.0,215,30685.649238
-78.0,79,30686.636946
-175.0,176,30687.521478
-101.0,102,30689.491217
-130.0,131,30690.92276
-234.0,135,30695.556085
-182.0,183,30696.29679
-65.0,66,30696.713681
-112.0,113,30697.446467
-125.0,126,30699.349129
-131.0,132,30701.093139
-63.0,64,30702.521937
-146.0,147,30703.538612
-124.0,125,30704.60262
-56.0,57,30705.745456
-50.0,51,30706.754267
-107.0,108,30708.224708
-102.0,103,30708.88639
-68.0,69,30711.290389
-51.0,52,30711.503123
-68.0,69,30715.522539
-179.0,180,30716.26957
-54.0,55,30717.096186
-57.0,58,30717.670901
-128.0,129,30718.623527
-121.0,122,30720.060478
-171.0,172,30721.334537
-64.0,65,30724.317316
-92.0,93,30727.971056
-86.0,87,30728.300237
-114.0,115,30729.092329
-193.0,194,30730.078393
-140.0,141,30731.267125
-123.0,124,30733.852537
-110.0,111,30736.713746
-79.0,80,30736.923891
-91.0,92,30739.331894
-173.0,174,30740.705937
-125.0,126,30742.408002
-112.0,113,30742.723251
-48.0,49,30747.74499
-103.0,104,30748.364303
-163.0,164,30749.328082
-121.0,122,30750.053036
-88.0,89,30752.220881
-135.0,136,30754.210135
-66.0,67,30755.7214
-75.0,76,30757.877211
-75.0,76,30761.090982
-206.0,207,30763.907299
-122.0,123,30768.184507
-111.0,112,30768.431376
-65.0,66,30768.431434
-168.0,169,30769.08509
-351.0,352,30772.717418
-137.0,138,30773.027122
-123.0,24,30775.541394
-93.0,94,30778.375025
-95.0,96,30779.345156
-104.0,105,30779.724199
-156.0,157,30780.901674
-50.0,51,30781.387104
-120.0,121,30781.387183
-334.0,335,30784.93956
-71.0,72,30786.835338
-97.0,98,30792.481317
-116.0,117,30792.69297
-115.0,116,30792.904071
-74.0,75,30793.346752
-118.0,119,30794.843755
-172.0,173,30800.494393
-78.0,79,30801.761035
-106.0,107,30804.523954
-100.0,101,30804.772112
-165.0,166,30805.453548
-298.0,299,30806.347049
-61.0,62,30807.594914
-130.0,131,30807.59497
-57.0,58,30808.518589
-153.0,154,30812.502925
-45.0,46,30812.954436
-87.0,88,30815.665112
-93.0,94,30818.50439
-166.0,167,30823.444341
-57.0,58,30824.662385
-115.0,116,30825.363224
-181.0,182,30827.004354
-166.0,167,30827.374154
-208.0,209,30828.521103
-53.0,54,30829.609405
-165.0,166,30831.572589
-44.0,45,30832.196933
-128.0,129,30838.852715
-125.0,126,30894.509128
-95.0,96,30895.266484
-117.0,118,30895.777497
-163.0,164,30896.753355
-359.0,260,30897.710261
-150.0,151,30898.362987
-44.0,45,30899.513526
-132.0,133,30899.900618
-100.0,101,30903.590067
-82.0,83,30904.581298
-81.0,82,30905.009724
-69.0,70,30906.229295
-120.0,121,30910.36355
-139.0,140,30913.228405
-92.0,93,30914.614926
-87.0,88,30915.608626
-155.0,156,30916.446931
-113.0,114,30917.180235
-174.0,175,30918.809647
-157.0,158,30920.351127
-51.0,52,30921.863806
-91.0,92,30927.210302
-177.0,178,30929.518154
-97.0,98,30929.777622
-68.0,69,30929.777675
-85.0,86,30930.119483
-137.0,138,30930.730295
-172.0,173,30932.000463
-58.0,59,30936.258214
-209.0,210,30937.892614
-75.0,76,30939.464251
-92.0,93,30942.593146
-139.0,140,30943.179261
-155.0,156,30947.71014
-91.0,92,30949.761102
-177.0,178,30949.878906
-111.0,112,30950.50625
-65.0,66,30950.638649
-81.0,82,30951.905328
-185.0,186,30957.185639
-85.0,86,30960.068063
-120.0,121,30964.089918
-140.0,141,30965.598195
-163.0,164,30966.149997
-150.0,151,30966.795984
-124.0,125,30971.145891
-54.0,55,30972.287826
-87.0,88,30974.078213
-88.0,89,30976.879556
-144.0,45,30977.420955
-166.0,167,30978.867198
-155.0,156,30982.870506
-99.0,100,30987.917979
-157.0,158,30988.783218
-102.0,103,30990.320021
-150.0,151,30990.920818
-107.0,108,30995.210503
-168.0,169,30996.385242
-600.0,600,30997.411905
-511.0,412,30998.240084
-139.0,40,31002.898261
-75.0,76,31004.159818
-143.0,144,31004.588679
-81.0,82,31005.920659
-163.0,164,31007.837906
-154.0,155,31008.324902
-63.0,64,31011.440685
-86.0,87,31012.861733
-69.0,70,31014.035826
-199.0,200,31014.035886
-151.0,152,31014.939081
-47.0,48,31020.36194
-73.0,74,31021.245378
-127.0,128,31022.377383
-78.0,79,31023.024943
-101.0,102,31023.157724
-168.0,169,31023.934722
-27.0,28,31024.495043
-104.0,105,31025.949672
-32.0,33,31026.745898
-185.0,186,31029.391179
-61.0,62,31031.449174
-138.0,139,31036.163987
-135.0,136,31037.914017
-67.0,68,31039.308732
-141.0,142,31039.308785
-130.0,131,31041.52077
-145.0,146,31042.481991
-52.0,53,31045.327898
-190.0,191,31045.633567
-52.0,53,31047.754584
-117.0,118,31051.192194
-206.0,207,31052.699219
-103.0,104,31056.643323
-84.0,85,31056.887768
-187.0,188,31057.12278
-162.0,163,31057.385316
-52.0,53,31058.579259
-122.0,123,31059.127193
-164.0,165,31060.806471
-44.0,45,31062.153289
-69.0,70,31066.877355
-97.0,98,31069.368361
-131.0,132,31071.341226
-123.0,124,31074.610765
-255.0,156,31074.728378
-185.0,186,31077.679573
-243.0,244,31078.182048
-61.0,62,31078.292181
-162.0,163,31080.0915
-132.0,133,31081.479732
-77.0,78,31083.103455
-132.0,133,31084.056664
-108.0,109,31086.613117
-95.0,96,31088.623551
-111.0,112,31089.82337
-32.0,33,31090.301371
-77.0,78,31092.843666
-38.0,39,31093.051339
-106.0,107,31093.490639
-143.0,144,31094.115098
-93.0,94,31100.436745
-67.0,68,31100.642701
-92.0,93,31100.750952
-168.0,169,31101.848588
-91.0,92,31104.36754
-141.0,142,31108.393996
-157.0,158,31110.644782
-106.0,107,31112.238317
-111.0,112,31112.648207
-119.0,120,31113.330369
-322.0,323,31115.649459
-88.0,89,31118.084573
-142.0,143,31119.839708
-70.0,71,31120.5171
-198.0,199,31123.705158
-60.0,61,31124.844924
-144.0,145,31126.615404
-64.0,65,31127.005126
-120.0,121,31129.140051
-170.0,171,31131.454534
-42.0,43,31132.121733
-74.0,75,31133.539934
-188.0,189,31134.643634
-117.0,118,31137.027817
-61.0,62,31138.959186
-54.0,55,31140.498671
-189.0,190,31141.604578
-127.0,128,31143.142077
-201.0,102,31144.244602
-123.0,124,31144.679214
-58.0,59,31146.816115
-33.0,34,31146.959904
-45.0,46,31149.626333
-130.0,31,31150.445227
-217.0,218,31151.040677
-141.0,142,31152.522988
-129.0,130,31153.134969
-26.0,27,31153.345397
-65.0,66,31154.299252
-119.0,120,31154.87357
-81.0,82,31158.424493
-124.0,125,31158.538839
-85.0,86,31162.808133
-109.0,110,31163.065192
-121.0,122,31165.735586
-65.0,66,31165.73564
-108.0,109,31166.743651
-37.0,38,31166.85379
-156.0,157,31170.062717
-111.0,112,31170.730505
-187.0,188,31174.956642
-87.0,88,31176.625548
-68.0,69,31178.725175
-143.0,144,31178.946099
-122.0,123,31179.454441
-129.0,130,31180.157516
-153.0,154,31183.86081
-81.0,82,31183.971719
-73.0,74,31184.640244
-91.0,92,31188.760551
-40.0,41,31189.160755
-107.0,108,31191.118667
-227.0,128,31193.968535
-48.0,49,31194.309528
-102.0,103,31194.958315
-163.0,164,31196.672949
-44.0,45,31198.832461
-263.0,264,31199.044348
-96.0,97,31199.044402
-159.0,160,31201.330912
-76.0,77,31205.08896
-146.0,147,31207.052207
-73.0,74,31207.159836
-79.0,80,31209.965997
-145.0,146,31210.174982
-107.0,108,31210.810582
-39.0,40,31211.470474
-222.0,223,31219.961128
-84.0,85,31220.876012
-87.0,88,31221.840401
-108.0,109,31222.773642
-156.0,157,31223.025513
-151.0,152,31224.843558
-33.0,34,31224.971832
-229.0,230,31225.08846
-150.0,151,31228.085212
-118.0,119,31236.380171
-78.0,79,31236.591344
-117.0,118,31237.921495
-33.0,34,31241.526097
-194.0,195,31241.647267
-153.0,154,31241.647327
-168.0,169,31243.398895
-215.0,216,31246.238815
-45.0,46,31246.344875
-325.0,226,31246.454413
-105.0,106,31252.865113
-61.0,62,31253.082586
-166.0,167,31254.247257
-182.0,183,31255.658413
-93.0,94,31256.272673
-115.0,116,31258.838659
-65.0,66,31259.776779
-178.0,179,31260.398714
-177.0,178,31262.197323
-93.0,94,31262.959446
-62.0,63,31265.520091
-126.0,127,31267.636725
-135.0,136,31270.963598
-100.0,101,31271.454752
-79.0,80,31276.45117
-123.0,124,31276.451232
-169.0,170,31278.289225
-117.0,118,31278.505445
-90.0,91,31281.524173
-175.0,176,31281.643751
-249.0,250,31283.004427
-113.0,14,31283.249919
-67.0,68,31284.262649
-90.0,91,31286.673139
-155.0,156,31295.604255
-119.0,120,31297.011662
-150.0,151,31297.760514
-103.0,104,31297.760573
-182.0,183,31298.182741
-147.0,148,31299.03839
-50.0,51,31302.363589
-289.0,290,31302.363649
-197.0,198,31304.074405
-65.0,66,31305.128523
-109.0,110,31307.067834
-93.0,94,31312.451704
-121.0,122,31315.521484
-101.0,102,31316.154714
-181.0,182,31318.545773
-195.0,196,31318.830313
-212.0,213,31320.685023
-133.0,134,31321.724841
-69.0,70,31323.060515
-193.0,194,31324.878482
-84.0,85,31325.195152
-96.0,97,31329.089873
-152.0,153,31329.08993
-37.0,38,31329.504801
-106.0,107,31330.33932
-69.0,70,31336.382046
-125.0,126,31336.494224
-166.0,167,31339.428239
-127.0,128,31342.97401
-142.0,143,31345.453084
-340.0,241,31346.274948
-99.0,100,31349.991932
-235.0,236,31349.991988
-152.0,153,31352.644012
-233.0,234,31353.66113
-83.0,84,31354.182927
-73.0,74,31357.753552
-150.0,151,31358.7883
-84.0,85,31361.477092
-61.0,62,31364.505009
-104.0,105,31365.556981
-102.0,3,31365.924261
-44.0,45,31366.778696
-135.0,136,31368.641284
-19.0,20,31370.817562
-122.0,123,31372.504067
-210.0,211,31373.003828
-357.0,258,31374.324755
-142.0,143,31382.251494
-136.0,137,31382.393061
-104.0,105,31385.166813
-34.0,35,31386.349747
-140.0,141,31387.05686
-136.0,137,31390.187379
-165.0,166,31391.817613
-245.0,246,31392.887631
-71.0,72,31393.639466
-76.0,77,31395.314613
-642.0,543,31396.53997
-48.0,49,31397.483451
-137.0,138,31398.320398
-114.0,115,31402.88149
-154.0,155,31404.263802
-113.0,114,31405.834599
-119.0,120,31405.834662
-99.0,100,31407.209071
-87.0,88,31407.661625
-28.0,29,31409.11304
-129.0,130,31411.388299
-171.0,172,31413.833315
-88.0,89,31416.931281
-94.0,95,31417.967294
-76.0,77,31419.604623
-137.0,138,31420.719577
-159.0,160,31421.463465
-77.0,78,31426.086051
-123.0,124,31426.912751
-183.0,184,31428.61462
-90.0,91,31430.308291
-136.0,137,31434.085078
-164.0,165,31434.367488
-147.0,148,31437.429195
-106.0,107,31438.564634
-103.0,104,31439.902184
-66.0,67,31441.560726
-106.0,107,31441.869439
-150.0,151,31442.313148
-93.0,94,31444.295415
-68.0,69,31444.695004
-43.0,44,31491.500074
-74.0,75,31493.028651
-82.0,83,31498.029077
-143.0,144,31498.74223
-129.0,130,31501.025659
-615.0,516,31502.844458
-182.0,183,31506.364822
-97.0,98,31508.592249
-187.0,188,31511.217638
-175.0,176,31511.514155
-123.0,124,31514.179972
-106.0,107,31514.286796
-185.0,186,31518.814632
-115.0,116,31520.926628
-59.0,60,31520.926693
-198.0,199,31527.378319
-153.0,154,31527.788771
-106.0,107,31529.816778
-104.0,105,31541.249557
-202.0,203,31542.682068
-504.0,505,31543.724691
-212.0,213,31543.832097
-162.0,163,31545.762175
-42.0,43,31546.189589
-198.0,199,31549.34407
-430.0,331,31550.252433
-190.0,91,31553.960788
-104.0,105,31554.536811
-73.0,74,31557.915929
-80.0,81,31564.015826
-179.0,180,31564.521895
-190.0,191,31572.416955
-94.0,95,31575.112035
-151.0,152,31575.532734
-186.0,187,31575.784582
-263.0,264,31576.744415
-600.0,600,31578.236983
-297.0,298,31580.181938
-166.0,167,31583.432476
-75.0,76,31584.891097
-114.0,115,31587.426023
-190.0,191,31592.919231
-58.0,59,31593.590037
-182.0,183,31595.138517
-189.0,190,31595.686504
-165.0,166,31597.450006
-56.0,57,31599.035732
-135.0,136,31599.144706
-178.0,179,31602.250138
-100.0,101,31604.484064
-82.0,83,31606.575515
-109.0,110,31607.72598
-128.0,129,31609.279665
-138.0,39,31610.789297
-127.0,128,31613.029989
-127.0,128,31616.044812
-146.0,147,31620.459848
-131.0,132,31622.147404
-159.0,160,31628.794962
-213.0,114,31629.351878
-83.0,84,31632.004723
-166.0,167,31632.144965
-122.0,123,31634.944221
-245.0,246,31637.014288
-101.0,102,31640.387754
-398.0,399,31643.886939
-600.0,600,31644.151958
-118.0,119,31648.346394
-146.0,147,31648.723358
-75.0,76,31649.061132
-175.0,176,31649.427737
-139.0,140,31652.970619
-59.0,60,31655.603954
-86.0,87,31659.441891
-37.0,38,31659.990913
-142.0,143,31660.233948
-117.0,118,31662.003029
-165.0,166,31663.12805
-138.0,139,31665.075157
-49.0,50,31666.036543
-72.0,73,31668.42263
-46.0,47,31673.733038
-123.0,124,31676.17937
-47.0,48,31679.149931
-139.0,140,31680.879858
-255.0,256,31682.002065
-154.0,155,31683.279172
-201.0,202,31685.761949
-304.0,305,31693.590007
-171.0,172,31695.066414
-123.0,124,31695.787527
-126.0,127,31697.52677
-174.0,175,31698.565655
-599.0,600,31700.048995
-193.0,194,31702.574428
-93.0,94,31704.384681
-87.0,88,31705.822961
-65.0,66,31707.391652
-123.0,124,31709.174081
-113.0,114,31710.427943
-59.0,60,31711.145362
-65.0,66,31714.881176
-42.0,43,31715.909253
-119.0,120,31719.015947
-142.0,43,31720.445126
-211.0,212,31722.258826
-118.0,119,31723.639504
-197.0,198,31724.709845
-133.0,134,31729.849004
-75.0,76,31730.885236
-103.0,104,31732.395375
-122.0,123,31733.059246
-226.0,227,31734.620079
-103.0,104,31735.422643
-94.0,95,31735.422704
-553.0,454,31736.734572
-100.0,101,31741.775924
-83.0,84,31744.137432
-154.0,155,31746.420713
-140.0,141,31747.862253
-81.0,82,31750.253788
-185.0,186,31751.940135
-153.0,154,31752.68404
-173.0,174,31753.566793
-186.0,187,31754.189906
-22.0,23,31754.412024
-54.0,55,31760.265363
-92.0,93,31762.531287
-143.0,144,31763.052194
-165.0,166,31763.866104
-195.0,196,31764.683353
-154.0,155,31766.578453
-63.0,64,31766.892311
-36.0,37,31767.748513
-139.0,140,31768.889355
-41.0,42,31772.102817
-187.0,188,31773.239218
-109.0,110,31774.473123
-112.0,113,31776.462984
-94.0,95,31778.715132
-83.0,84,31780.982388
-77.0,78,31781.612917
-193.0,194,31787.530009
-293.0,194,31787.842724
-92.0,93,31789.154362
-122.0,123,31789.972933
-80.0,81,31790.492157
-32.0,33,31790.906507
-383.0,284,31792.73597
-174.0,175,31793.363514
-87.0,88,31796.941014
-69.0,70,31797.277731
-108.0,109,31800.530036
-189.0,190,31801.354276
-76.0,77,31805.274571
-214.0,115,31805.38465
-153.0,54,31806.933897
-93.0,94,31810.285247
-146.0,147,31812.262836
-220.0,221,31815.815783
-103.0,104,31816.163549
-99.0,100,31817.404092
-274.0,275,31819.598191
-74.0,75,31820.114509
-33.0,34,31823.123257
-139.0,140,31824.907995
-192.0,193,31825.593657
-403.0,404,31832.773446
-235.0,136,31834.427643
-169.0,170,31835.249545
-184.0,185,31835.593847
-109.0,110,31836.546025
-41.0,42,31837.232374
-220.0,121,31838.536826
-49.0,50,31839.942442
-180.0,181,31842.505493
-58.0,59,31843.666269
-267.0,268,31844.281239
-209.0,110,31847.071593
-128.0,129,31849.659499
-93.0,94,31850.165716
-177.0,178,31855.806078
-166.0,167,31856.436222
-121.0,122,31860.484662
-199.0,200,31864.124903
-292.0,193,31865.144533
-158.0,159,31867.117239
-63.0,64,31867.225806
-166.0,167,31867.538897
-120.0,121,31869.392107
-70.0,71,31871.500401
-40.0,41,31871.500463
-366.0,267,31872.326517
-47.0,48,31874.673502
-44.0,45,31877.565465
-160.0,61,31878.577624
-208.0,209,31878.681075
-145.0,146,31881.321083
-164.0,165,31886.191928
-178.0,179,31887.36541
-149.0,150,31888.773428
-99.0,100,31888.984807
-63.0,64,31893.028077
-159.0,160,31896.215823
-179.0,180,31898.433296
-163.0,164,31899.164367
-70.0,71,31900.557942
-236.0,237,31900.88506
-51.0,52,31904.722391
-271.0,172,31906.888815
-169.0,170,31906.888873
-187.0,188,31907.210369
-33.0,34,31910.802709
-124.0,125,31911.623335
-120.0,121,31913.58022
-114.0,115,31916.766972
-199.0,200,31921.54331
-246.0,247,31922.163902
-70.0,71,31924.158741
-172.0,173,31925.015653
-172.0,173,31925.015709
-137.0,138,31925.24843
-117.0,118,31925.97661
-52.0,53,31931.328904
-213.0,214,31934.981207
-134.0,135,31936.593059
-58.0,59,31937.861149
-162.0,163,31940.213494
-147.0,148,31940.658805
-148.0,149,31941.739536
-30.0,31,31943.774793
-167.0,168,31943.916594
-196.0,197,31948.425482
-93.0,94,31948.672505
-63.0,64,31951.532734
-167.0,168,31954.017869
-114.0,115,31954.129006
-91.0,92,31954.580274
-182.0,183,31957.551399
-137.0,138,31957.768382
-37.0,38,31958.897491
-105.0,106,31960.87069
-65.0,66,31965.378554
-139.0,140,31967.436948
-187.0,188,31970.040803
-128.0,129,31973.437781
-176.0,177,31974.008658
-139.0,140,31976.652474
-203.0,204,31977.289197
-37.0,38,31977.875938
-179.0,180,31977.992411
-120.0,121,31978.948763
-113.0,114,31980.280675
-58.0,59,31983.083596
-72.0,73,31985.1458
-51.0,52,31985.843333
-83.0,84,31987.998511
-128.0,129,31988.268934
-174.0,175,31989.300477
-42.0,43,31992.78826
-35.0,36,31993.194692
-73.0,74,31993.905044
-87.0,88,31994.72381
-160.0,161,31995.362683
-137.0,138,31997.928979
-37.0,38,31998.642469
-99.0,100,31998.877999
-200.0,201,31999.400979
-201.0,102,32003.82216
-59.0,60,32004.23421
-138.0,139,32008.357354
-131.0,132,32009.07708
-131.0,132,32012.651804
-193.0,194,32013.030177
-166.0,167,32017.104023
-40.0,41,32017.224036
-122.0,123,32021.835069
-172.0,173,32022.453561
-178.0,179,32023.503762
-91.0,92,32027.29287
-171.0,172,32027.985449
-109.0,110,32029.467712
-75.0,76,32031.889539
-125.0,126,32035.591923
-209.0,210,32036.198279
-81.0,82,32036.317327
-142.0,143,32084.410545
-478.0,379,32086.030895
-83.0,84,32087.691124
-74.0,75,32091.196306
-177.0,78,32091.438763
-147.0,148,32092.402205
-161.0,162,32092.507464
-60.0,61,32093.164472
-25.0,26,32094.391433
-50.0,51,32098.173253
-50.0,51,32098.774018
-168.0,169,32103.204654
-145.0,146,32103.646472
-122.0,123,32104.51934
-148.0,149,32108.722553
-152.0,153,32111.270271
-155.0,156,32115.419904
-107.0,108,32116.009503
-113.0,114,32116.220624
-92.0,93,32119.41264
-228.0,229,32124.701154
-151.0,152,32128.429426
-119.0,120,32129.640147
-140.0,141,32131.10698
-237.0,238,32131.318338
-117.0,118,32132.309523
-54.0,55,32134.185913
-116.0,117,32137.178179
-75.0,76,32138.023368
-59.0,60,32139.036591
-52.0,53,32143.725783
-600.0,600,32148.477789
-181.0,182,32150.775247
-185.0,186,32151.425973
-170.0,171,32152.658934
-50.0,51,32153.851939
-148.0,149,32154.890107
-185.0,186,32157.209552
-72.0,73,32160.957469
-187.0,188,32164.414062
-121.0,122,32168.554601
-171.0,172,32169.936276
-128.0,129,32171.914261
-195.0,196,32173.455671
-120.0,121,32178.046597
-215.0,216,32178.442152
-600.0,600,32182.840527
-40.0,41,32183.293621
-195.0,196,32183.413966
-137.0,138,32184.631367
-20.0,21,32185.240624
-73.0,74,32186.773426
-149.0,150,32187.468752
-136.0,37,32187.579109
-142.0,143,32190.148072
-47.0,48,32190.853264
-98.0,99,32195.927527
-64.0,65,32197.431159
-243.0,244,32199.859754
-119.0,120,32200.893378
-157.0,158,32201.212754
-134.0,135,32201.827401
-147.0,148,32204.106477
-113.0,114,32208.724754
-101.0,102,32208.866307
-160.0,161,32208.866365
-24.0,25,32211.653218
-96.0,97,32211.919585
-44.0,45,32213.976119
-120.0,121,32218.006032
-53.0,54,32218.114716
-141.0,42,32218.768841
-167.0,168,32218.898528
-189.0,190,32222.70743
-152.0,153,32225.982703
-218.0,219,32226.587761
-162.0,163,32229.903735
-104.0,105,32230.304762
-131.0,132,32232.466561
-94.0,95,32233.067199
-190.0,191,32239.037548
-124.0,125,32240.351073
-133.0,134,32240.721211
-129.0,130,32244.214516
-110.0,111,32245.470334
-138.0,139,32245.682314
-51.0,52,32246.133494
-143.0,144,32248.283269
-86.0,87,32248.599995
-71.0,72,32252.931976
-44.0,45,32253.23552
-142.0,143,32255.826606
-23.0,24,32258.293904
-135.0,136,32258.404264
-125.0,126,32259.166372
-79.0,80,32261.589698
-163.0,164,32262.795783
-64.0,65,32265.562562
-435.0,436,32266.152251
-190.0,191,32268.554164
-113.0,114,32271.527071
-127.0,128,32275.682241
-77.0,78,32277.114137
-228.0,229,32277.656725
-201.0,202,32280.267922
-159.0,160,32283.148536
-111.0,112,32288.303383
-159.0,160,32289.495721
-238.0,239,32292.571081
-95.0,96,32293.813939
-124.0,125,32294.363592
-67.0,68,32296.942485
-191.0,192,32298.540792
-105.0,106,32299.954645
-65.0,66,32301.0513
-79.0,80,32301.2579
-66.0,67,32304.056236
-59.0,60,32306.174629
-55.0,56,32310.232285
-36.0,37,32310.340654
-119.0,120,32311.447639
-99.0,100,32312.050171
-170.0,171,32312.926678
-29.0,30,32314.603546
-120.0,21,32316.81036
-44.0,45,32317.635376
-128.0,129,32324.423617
-428.0,429,32324.725371
-226.0,227,32325.699476
-132.0,133,32326.63915
-166.0,167,32328.562514
-600.0,600,32328.836711
-128.0,129,32331.319884
-124.0,125,32331.769455
-84.0,85,32335.264145
-120.0,121,32337.711531
-69.0,70,32338.75509
-121.0,122,32341.653451
-179.0,180,32344.153963
-180.0,181,32346.096545
-168.0,169,32346.819285
-150.0,151,32347.738191
-86.0,87,32347.951701
-121.0,122,32350.638056
-164.0,165,32352.698107
-115.0,116,32354.049645
-58.0,59,32354.297265
-97.0,98,32354.708016
-106.0,107,32357.685412
-57.0,58,32361.383758
-126.0,127,32361.821512
-138.0,139,32362.235571
-99.0,100,32363.868285
-132.0,133,32365.415669
-39.0,40,32366.566134
-122.0,123,32367.879682
-72.0,73,32369.431557
-102.0,103,32373.486206
-196.0,97,32375.062529
-193.0,194,32376.474211
-171.0,172,32377.522683
-115.0,116,32380.152111
-104.0,105,32381.722034
-120.0,121,32381.975686
-143.0,144,32382.086672
-74.0,75,32382.198687
-75.0,76,32388.507715
-99.0,100,32388.61231
-164.0,165,32393.521359
-159.0,160,32399.374651
-159.0,160,32399.482122
-218.0,219,32400.412498
-119.0,120,32401.339292
-190.0,191,32402.328213
-220.0,221,32405.682539
-60.0,61,32408.82421
-79.0,80,32408.965998
-147.0,148,32409.218145
-204.0,205,32410.574855
-105.0,106,32410.68259
-114.0,115,32413.544951
-89.0,90,32415.229079
-43.0,44,32415.229138
-57.0,58,32416.572876
-164.0,165,32416.889921
-80.0,81,32417.617859
-86.0,87,32417.935947
-104.0,105,32420.085553
-115.0,116,32429.895067
-108.0,109,32429.895137
-169.0,170,32432.443817
-118.0,119,32433.564187
-254.0,155,32433.99936
-151.0,152,32435.111367
-76.0,77,32438.517912
-209.0,210,32438.661664
-230.0,231,32441.086058
-135.0,136,32445.347965
-117.0,118,32445.792495
-76.0,77,32447.369255
-115.0,116,32448.317289
-79.0,80,32450.092964
-153.0,154,32450.810179
-62.0,63,32452.1427
-135.0,136,32453.704463
-65.0,66,32455.132959
-78.0,79,32455.645658
-97.0,98,32462.30338
-73.0,74,32462.821244
-169.0,170,32463.646889
-28.0,29,32465.333956
-118.0,119,32466.094028
-99.0,100,32466.096584
-169.0,170,32468.81757
-192.0,193,32470.487111
-55.0,56,32471.573679
-51.0,52,32471.889014
-36.0,37,32474.659436
-139.0,140,32479.317534
-150.0,151,32479.627023
-71.0,72,32479.785172
-111.0,112,32481.409325
-168.0,169,32484.848184
-63.0,64,32486.457992
-77.0,78,32487.662566
-614.0,515,32490.352379
-125.0,126,32493.614245
-117.0,118,32494.311042
-177.0,178,32494.431962
-125.0,126,32498.667382
-128.0,129,32500.531723
-261.0,262,32500.638793
-113.0,114,32506.239353
-54.0,55,32506.344795
-135.0,136,32508.552044
-174.0,175,32509.037357
-202.0,203,32509.580827
-159.0,160,32510.707059
-159.0,160,32515.616327
-159.0,60,32515.954392
-58.0,59,32516.85404
-103.0,104,32517.619175
-120.0,121,32519.39689
-178.0,179,32519.742691
-41.0,42,32520.308496
-122.0,123,32522.593888
-65.0,66,32527.355499
-95.0,96,32527.82448
-111.0,112,32528.804341
-201.0,202,32531.23876
-135.0,136,32533.376083
-122.0,123,32533.766551
-86.0,87,32537.945567
-191.0,192,32542.140314
-99.0,100,32544.675086
-209.0,210,32546.334136
-178.0,179,32548.839761
-179.0,180,32551.310189
-130.0,131,32552.331279
-101.0,102,32556.255022
-272.0,273,32558.075058
-104.0,105,32560.609678
-179.0,180,32562.177401
-148.0,149,32562.77037
-99.0,100,32563.32123
-121.0,122,32564.910205
-80.0,81,32565.151248
-71.0,72,32569.941952
-70.0,71,32570.497447
-133.0,134,32575.143373
-46.0,47,32575.750466
-118.0,119,32576.390156
-59.0,60,32576.604166
-175.0,176,32577.248534
-130.0,131,32579.26939
-152.0,153,32581.426339
-88.0,89,32586.419611
-107.0,108,32587.022231
-114.0,115,32592.028523
-157.0,158,32593.796458
-114.0,115,32594.245116
-103.0,104,32597.790638
-600.0,600,32599.322227
-29.0,30,32600.859334
-152.0,153,32603.447144
-97.0,98,32604.112402
-82.0,83,32608.01443
-412.0,313,32609.683944
-147.0,148,32610.008507
-178.0,179,32611.223096
-91.0,92,32614.250874
-112.0,113,32615.921793
-176.0,177,32620.224663
-110.0,111,32620.426286
-399.0,400,32620.840281
-101.0,102,32620.948866
-98.0,99,32622.200002
-30.0,31,32624.313144
-90.0,91,32624.313203
-170.0,171,32628.98132
-49.0,50,32629.829675
-86.0,87,32631.820196
-104.0,105,32632.053869
-84.0,85,32633.777709
-54.0,55,32730.963078
-177.0,178,32731.508156
-179.0,180,32735.921906
-105.0,106,32739.684469
-152.0,153,32742.435607
-120.0,121,32742.74242
-144.0,145,32743.452153
-175.0,176,32750.283738
-69.0,70,32750.869938
-185.0,186,32750.869992
-159.0,160,32753.159319
-44.0,45,32755.993541
-167.0,168,32760.890653
-53.0,54,32761.815189
-197.0,198,32763.923375
-225.0,126,32764.737274
-110.0,111,32765.319163
-54.0,55,32766.927352
-363.0,264,32768.217849
-51.0,52,32769.75206
-216.0,217,32774.411987
-71.0,72,32777.731698
-111.0,112,32777.836755
-137.0,138,32780.049316
-174.0,175,32781.199636
-41.0,42,32782.539946
-600.0,600,32782.812745
-159.0,160,32784.842155
-71.0,72,32787.996513
-93.0,94,32787.996583
-64.0,65,32788.314338
-182.0,183,32788.425181
-175.0,176,32793.737377
-64.0,65,32795.217921
-105.0,106,32796.543652
-74.0,75,32796.758171
-178.0,179,32801.988124
-76.0,77,32802.093661
-137.0,138,32803.092103
-151.0,152,32805.009522
-55.0,56,32808.414657
-121.0,122,32808.785601
-235.0,236,32808.785671
-108.0,109,32808.785691
-155.0,156,32813.917511
-103.0,104,32814.023583
-107.0,108,32815.38422
-71.0,72,32816.736397
-124.0,125,32822.143923
-162.0,163,32823.226502
-131.0,132,32823.226563
-142.0,143,32824.379382
-84.0,85,32825.953833
-99.0,100,32826.204611
-227.0,128,32827.774826
-42.0,43,32827.883476
-167.0,168,32831.833108
-92.0,93,32835.68039
-140.0,141,32838.07918
-180.0,181,32841.287107
-168.0,169,32842.29095
-102.0,103,32842.779861
-149.0,150,32843.615022
-171.0,172,32844.336333
-46.0,47,32846.354785
-27.0,28,32847.280763
-207.0,208,32849.951346
-149.0,150,32852.021799
-101.0,102,32853.526017
-177.0,178,32857.374545
-115.0,116,32860.046076
-165.0,166,32860.867412
-90.0,91,32861.940003
-106.0,107,32869.248368
-81.0,82,32869.972878
-218.0,219,32870.591629
-193.0,194,32871.509063
-150.0,151,32876.799544
-72.0,73,32877.343126
-94.0,95,32880.341254
-103.0,104,32881.767864
-113.0,114,32883.819656
-203.0,204,32884.279318
-76.0,77,32885.177368
-100.0,101,32888.429418
-67.0,68,32889.318409
-472.0,473,32895.223689
-138.0,139,32895.329773
-99.0,100,32895.847938
-122.0,123,32897.444365
-54.0,55,32901.523072
-60.0,61,32902.665474
-128.0,129,32903.266805
-86.0,87,32906.838675
-57.0,58,32907.459249
-497.0,498,32907.575461
-179.0,180,32907.575521
-145.0,46,32912.501582
-96.0,97,32912.853272
-158.0,59,32913.162082
-172.0,173,32913.835575
-88.0,89,32917.360618
-57.0,58,32920.456465
-120.0,121,32920.889969
-176.0,77,32921.194321
-178.0,179,32922.676817
-43.0,44,32926.006814
-81.0,82,32931.895235
-106.0,107,32932.312423
-141.0,142,32933.212082
-180.0,181,32933.450462
-68.0,69,32933.797112
-121.0,122,32934.422785
-114.0,115,32946.128466
-118.0,119,32946.341378
-128.0,129,32948.469296
-324.0,325,32948.78048
-600.0,600,32949.296661
-170.0,171,32950.461373
-44.0,45,32950.976309
-30.0,31,32952.559939
-194.0,195,32953.387836
-68.0,69,32956.004476
-95.0,96,32956.117773
-69.0,70,32958.330823
-85.0,86,32962.43055
-271.0,272,32962.875205
-118.0,119,32962.983306
-155.0,156,32965.000539
-39.0,40,32967.024748
-148.0,149,32972.924944
-131.0,132,32973.534454
-167.0,168,32975.05543
-89.0,90,32975.563485
-108.0,109,32975.563542
-123.0,124,32977.232867
-246.0,247,32979.944173
-41.0,42,32980.149926
-107.0,108,32985.28633
-57.0,58,32986.597019
-128.0,129,32987.061698
-192.0,193,32989.001809
-150.0,151,32992.027696
-108.0,109,32992.401631
-52.0,53,32992.822212
-170.0,171,32996.378383
-49.0,50,32998.064403
-215.0,216,32999.519977
-121.0,122,33000.537024
-143.0,144,33001.15018
-97.0,98,33002.686857
-105.0,106,33007.847206
-149.0,150,33008.159981
-76.0,77,33011.224524
-211.0,212,33012.130713
-109.0,110,33013.263011
-33.0,34,33016.044382
-108.0,109,33020.18761
-200.0,201,33021.902978
-133.0,134,33026.587076
-255.0,256,33026.708628
-185.0,186,33029.345297
-190.0,91,33030.596803
-274.0,275,33031.48011
-54.0,55,33032.825216
-63.0,64,33033.926452
-183.0,184,33034.243279
-169.0,170,33035.283132
-79.0,80,33038.164243
-61.0,62,33041.033754
-133.0,34,33041.949717
-155.0,156,33048.031082
-136.0,137,33049.273116
-127.0,128,33049.753703
-167.0,168,33050.298802
-256.0,257,33050.915473
-107.0,108,33054.215351
-48.0,49,33055.344316
-144.0,145,33057.703049
-91.0,92,33059.964056
-32.0,33,33063.731522
-141.0,142,33064.450144
-30.0,31,33067.228194
-152.0,153,33067.907693
-152.0,153,33068.517714
-161.0,162,33073.010285
-53.0,54,33073.47371
-361.0,362,33073.990776
-183.0,184,33076.43422
-140.0,141,33084.026381
-175.0,176,33084.486511
-104.0,105,33085.374421
-81.0,82,33085.796402
-178.0,179,33088.950998
-52.0,53,33090.109495
-50.0,51,33091.788046
-66.0,67,33093.163742
-197.0,198,33095.61341
-190.0,191,33095.836679
-85.0,86,33098.759061
-144.0,145,33100.911223
-104.0,105,33101.954479
-162.0,163,33111.168771
-88.0,89,33111.700404
-100.0,101,33112.019098
-174.0,175,33114.968609
-220.0,221,33116.231237
-83.0,84,33120.910795
-82.0,83,33121.12412
-217.0,218,33122.577631
-90.0,91,33124.825011
-600.0,600,33125.164898
-32.0,33,33126.175298
-96.0,97,33126.692242
-22.0,23,33127.210008
-76.0,77,33129.27792
-172.0,173,33129.791796
-111.0,112,33138.348429
-397.0,398,33138.791894
-98.0,99,33139.707261
-183.0,184,33140.416637
-137.0,138,33141.760253
-172.0,173,33143.270967
-171.0,172,33144.277915
-140.0,141,33144.739339
-59.0,60,33146.161579
-75.0,76,33146.960724
-52.0,53,33151.943221
-106.0,107,33156.01502
-150.0,151,33156.73617
-126.0,127,33158.484934
-194.0,195,33159.436286
-166.0,167,33159.781986
-168.0,169,33161.706722
-51.0,52,33162.420068
-68.0,69,33163.636136
-70.0,71,33166.397499
-153.0,154,33168.902679
-202.0,203,33169.352679
-98.0,99,33170.816893
-51.0,52,33172.0991
-120.0,21,33173.1242
-146.0,47,33173.913602
-212.0,113,33174.11489
-102.0,3,33174.501868
-36.0,37,33177.260813
-148.0,149,33178.787908
-73.0,74,33180.120193
-201.0,202,33181.592516
-178.0,179,33182.918749
-56.0,57,33184.664917
-163.0,164,33186.787732
-99.0,100,33187.714739
-130.0,131,33187.959096
-156.0,157,33191.654706
-154.0,55,33193.360716
-155.0,156,33197.32845
-181.0,182,33201.553305
-188.0,189,33205.509953
-207.0,208,33205.720169
-160.0,161,33205.720229
-33.0,34,33209.308639
-61.0,62,33212.032561
-190.0,191,33212.149107
-234.0,235,33213.371737
-314.0,215,33216.331036
-138.0,139,33216.474086
-182.0,183,33216.941567
-34.0,35,33217.256728
-165.0,166,33223.704707
-72.0,73,33224.496725
-127.0,128,33226.161601
-161.0,162,33226.956897
-126.0,127,33230.959746
-151.0,152,33233.047132
-22.0,23,33233.350915
-70.0,71,33234.866077
-199.0,200,33239.485797
-128.0,129,33240.690819
-150.0,151,33240.690878
-217.0,218,33248.819507
-109.0,110,33252.718009
-172.0,173,33252.718073
-177.0,178,33254.872903
-493.0,394,33256.055655
-205.0,206,33256.267294
-105.0,106,33260.45709
-192.0,193,33260.763984
-200.0,201,33262.80281
-221.0,122,33269.008503
-77.0,78,33269.116307
-120.0,121,33269.116363
-168.0,169,33271.006853
-169.0,170,33272.92359
-189.0,190,33273.131601
-152.0,153,33276.594266
-134.0,135,33276.910143
-78.0,79,33277.353353
-108.0,109,33338.249787
-80.0,81,33339.636094
-113.0,114,33340.889567
-54.0,55,33344.329521
-170.0,171,33348.942667
-137.0,138,33349.489278
-219.0,220,33350.245147
-166.0,167,33352.240656
-137.0,138,33354.410099
-180.0,181,33354.659358
-159.0,160,33358.207612
-55.0,56,33358.507355
-186.0,87,33359.73821
-163.0,164,33361.815727
-123.0,124,33362.368085
-142.0,143,33364.919075
-46.0,47,33366.90443
-82.0,83,33367.013262
-53.0,54,33368.151294
-128.0,129,33368.4497
-54.0,55,33374.234405
-70.0,71,33374.647791
-143.0,144,33375.339643
-193.0,194,33375.44826
-185.0,186,33378.678432
-123.0,124,33380.738559
-141.0,142,33384.214068
-103.0,104,33386.39066
-102.0,103,33387.084229
-115.0,116,33387.325382
-213.0,214,33388.815556
-124.0,125,33389.529534
-99.0,100,33395.582687
-62.0,63,33395.796741
-163.0,64,33396.545152
-171.0,172,33397.953737
-98.0,99,33398.270409
-170.0,171,33399.707097
-121.0,122,33400.458578
-35.0,36,33402.164743
-154.0,155,33403.434664
-182.0,83,33404.632885
-102.0,103,33406.975066
-31.0,32,33406.975137
-132.0,133,33410.954028
-128.0,129,33413.722295
-88.0,89,33414.137704
-102.0,103,33418.048439
-171.0,172,33419.129894
-203.0,204,33419.965712
-124.0,125,33420.4068
-91.0,92,33420.851398
-198.0,199,33423.594389
-30.0,31,33423.702779
-78.0,79,33431.889502
-174.0,175,33432.823852
-149.0,150,33435.267003
-144.0,145,33436.501725
-127.0,128,33437.572345
-191.0,192,33438.769326
-63.0,64,33439.137649
-181.0,182,33439.779543
-43.0,44,33441.439631
-274.0,275,33443.482938
-30.0,31,33444.697909
-59.0,60,33445.759006
-76.0,77,33448.259256
-168.0,169,33454.113227
-174.0,175,33457.28244
-179.0,80,33457.40061
-135.0,136,33460.207418
-252.0,153,33460.861667
-177.0,178,33466.01779
-55.0,56,33466.548519
-112.0,113,33469.72993
-144.0,145,33470.228886
-82.0,83,33474.542623
-163.0,164,33475.056848
-90.0,91,33479.361517
-171.0,172,33479.361589
-137.0,138,33481.266767
-126.0,127,33484.050752
-49.0,50,33485.055061
-33.0,34,33489.120264
-52.0,53,33490.261826
-158.0,159,33492.762224
-179.0,180,33495.438486
-164.0,165,33498.058851
-600.0,600,33499.454119
-39.0,40,33499.658744
-103.0,104,33503.522386
-600.0,600,33504.896586
-139.0,140,33505.103013
-176.0,177,33507.931223
-86.0,87,33508.650035
-73.0,74,33512.927186
-151.0,152,33514.139196
-91.0,92,33518.099781
-139.0,140,33518.750787
-72.0,73,33522.259882
-238.0,139,33524.143809
-233.0,234,33524.788596
-409.0,410,33526.306143
-198.0,199,33527.064528
-100.0,101,33529.539586
-83.0,84,33531.772811
-63.0,64,33533.665094
-89.0,90,33535.181495
-150.0,151,33535.988734
-40.0,41,33538.491214
-126.0,127,33538.889399
-105.0,106,33539.476817
-51.0,52,33541.341042
-101.0,102,33541.4491
-73.0,74,33546.615913
-136.0,137,33547.260344
-115.0,116,33551.861772
-110.0,111,33553.075226
-74.0,75,33555.486806
-184.0,185,33556.452935
-177.0,178,33558.18209
-177.0,178,33560.448899
-91.0,92,33561.796622
-63.0,64,33562.100904
-20.0,21,33562.616747
-35.0,36,33565.52341
-70.0,71,33565.523463
-38.0,39,33566.74283
-140.0,141,33568.09549
-32.0,33,33569.03168
-126.0,127,33569.683685
-36.0,37,33572.877686
-39.0,40,33573.867159
-285.0,286,33577.114033
-600.0,600,33578.640243
-125.0,126,33578.953955
-126.0,127,33580.202269
-36.0,37,33580.919474
-76.0,77,33582.1399
-119.0,120,33585.747264
-70.0,71,33586.204449
-176.0,177,33586.920129
-60.0,61,33587.508145
-92.0,93,33588.941534
-51.0,52,33594.810491
-123.0,124,33595.860847
-152.0,153,33597.13415
-22.0,23,33597.478666
-106.0,107,33599.077924
-119.0,120,33599.283179
-34.0,35,33599.877722
-49.0,50,33602.675599
-49.0,50,33603.002232
-149.0,150,33603.002286
-145.0,146,33603.851936
-60.0,61,33605.66869
-47.0,48,33609.180827
-61.0,62,33609.847296
-460.0,461,33612.198731
-84.0,85,33612.351641
-23.0,24,33612.463323
-121.0,122,33613.295034
-64.0,65,33616.579194
-138.0,139,33618.379871
-54.0,55,33618.768101
-178.0,179,33619.44475
-131.0,32,33620.313716
-77.0,78,33621.460073
-105.0,106,33624.591021
-114.0,15,33626.448046
-49.0,50,33627.301528
-75.0,76,33627.414163
-206.0,207,33629.237213
-124.0,125,33632.627961
-172.0,173,33633.156086
-122.0,123,33634.321164
-150.0,151,33636.571033
-57.0,58,33639.782027
-148.0,149,33644.313475
-102.0,3,33644.697663
-143.0,144,33645.89778
-188.0,189,33648.210309
-205.0,206,33651.1115
-62.0,63,33651.920824
-172.0,173,33652.431903
-68.0,69,33655.474365
-174.0,175,33656.255872
-162.0,163,33657.933917
-212.0,213,33658.14232
-135.0,136,33660.544828
-92.0,93,33660.754825
-119.0,120,33665.246359
-81.0,82,33669.814908
-114.0,115,33670.504501
-185.0,186,33671.850079
-145.0,146,33672.059576
-64.0,65,33672.273182
-266.0,167,33673.525904
-124.0,125,33674.134405
-196.0,197,33679.269485
-64.0,65,33680.893273
-120.0,121,33682.439387
-150.0,151,33686.171013
-155.0,156,33688.328258
-186.0,187,33691.817189
-195.0,196,33692.347163
-123.0,124,33693.926466
-53.0,54,33694.037553
-201.0,202,33694.664284
-187.0,188,33699.028247
-124.0,125,33699.438037
-168.0,169,33700.4092
-61.0,62,33700.613308
-120.0,121,33705.097391
-121.0,122,33705.830387
-115.0,116,33707.552693
-79.0,80,33708.122024
-91.0,92,33710.822701
-167.0,168,33712.503412
-120.0,121,33712.968715
-85.0,86,33714.648665
-36.0,37,33717.247397
-158.0,159,33718.272151
-63.0,64,33719.901086
-152.0,153,33722.795702
-144.0,145,33723.605198
-157.0,158,33725.434886
-68.0,69,33725.644116
-90.0,91,33727.072942
-79.0,80,33728.39425
-134.0,135,33729.354806
-178.0,179,33730.555015
-73.0,74,33731.486307
-76.0,77,33733.818829
-82.0,83,33736.020469
-106.0,107,33737.259107
-74.0,75,33739.628014
-180.0,181,33742.083324
-28.0,29,33742.605124
-124.0,125,33743.906323
-97.0,98,33744.222357
-92.0,93,33745.899824
-33.0,34,33746.212806
-181.0,182,33747.903138
-180.0,181,33748.784731
-58.0,59,33750.508409
-36.0,37,33751.73992
-102.0,103,33754.834321
-126.0,127,33755.551546
-52.0,53,33756.092302
-207.0,208,33759.455011
-56.0,57,33761.201782
-127.0,128,33762.676979
-155.0,156,33762.933572
-109.0,110,33763.943322
-34.0,35,33765.297894
-176.0,177,33765.708469
-74.0,75,33768.019693
-105.0,106,33768.1285
-46.0,47,33769.199823
-51.0,52,33770.872387
-47.0,48,33770.872439
-86.0,87,33772.210588
-28.0,29,33772.210647
-105.0,6,33772.828981
-167.0,168,33774.108787
-135.0,36,33774.630467
-21.0,22,33775.186592
-77.0,78,33776.414368
-152.0,153,33779.797764
-56.0,57,33780.64762
-54.0,55,33781.001501
-79.0,80,33781.20859
-83.0,84,33784.836027
-130.0,131,33785.572372
-191.0,192,33789.08751
-133.0,134,33791.237277
-97.0,98,33791.860386
-69.0,70,33792.312005
-125.0,126,33793.573001
-134.0,135,33795.630332
-49.0,50,33796.627987
-68.0,69,33800.86999
-150.0,151,33801.599072
-194.0,195,33801.724697
-92.0,93,33802.325061
-65.0,66,33802.768775
-128.0,129,33802.986239
-108.0,109,33803.603937
-42.0,43,33808.458145
-67.0,68,33809.403072
-69.0,70,33809.515191
-115.0,116,33809.515252
-62.0,63,33810.10764
-74.0,75,33810.799693
-19.0,20,33812.943305
-112.0,113,33813.590732
-94.0,95,33819.678545
-68.0,69,33820.199532
-81.0,82,33822.236118
-181.0,182,33822.54715
-250.0,151,33825.800521
-161.0,162,33826.05998
-60.0,61,33829.616345
-183.0,184,33830.339813
-193.0,194,33830.829383
-98.0,99,33830.940796
-42.0,43,33831.190916
-161.0,162,33838.301166
-170.0,171,33841.120509
-97.0,98,33841.370431
-152.0,153,33842.635593
-144.0,145,33846.534485
-96.0,97,33851.317626
-96.0,97,33852.967667
-230.0,231,33855.458999
-234.0,235,33855.459058
-170.0,171,33856.425158
-167.0,168,33859.242066
-133.0,134,33860.870469
-117.0,118,33864.002442
-99.0,100,33871.659697
-173.0,174,33871.659763
-182.0,183,33875.015728
-61.0,62,33878.22767
-204.0,205,33878.362233
-189.0,190,33879.591544
-229.0,230,33880.078027
-23.0,24,33880.877732
-167.0,168,33882.397757
