#{"t_start": 1769887389.2763064, "env_id": "None"}
r,l,t
-83.29368,363,44.525372
-101.38709,429,51.876375
-109.32159,491,58.739686
-36.69048,177,64.219583
-106.594604,600,70.989316
-120.31458,600,70.989369
-108.488434,600,70.989379
-112.80739,600,70.989387
-104.62996,600,70.989394
-109.5242,600,70.989401
-109.62093,600,70.989408
-112.653435,600,70.989415
-120.04797,600,70.989422
-37.1681,184,72.438852
-13.430654,36,74.900788
-24.402973,88,80.750666
-25.37867,94,82.770487
-36.854347,137,86.062331
-27.710892,114,87.591773
-36.39618,181,90.932052
-45.76483,215,94.730085
-68.70657,371,99.874285
-53.07373,287,102.56399
-25.10936,133,105.598563
-19.685299,63,112.535353
-15.173649,51,118.139803
-86.564125,600,130.660478
-95.821976,600,137.335503
-89.98663,600,137.335569
-86.73691,600,137.335588
-84.31285,600,147.12752
-82.22874,600,149.221625
-90.14405,600,152.522002
-86.15939,600,153.901262
-88.22516,600,160.97805
-87.76654,600,166.188482
-90.98974,600,168.91662
-44.506195,227,177.546223
-76.27648,600,184.669658
-83.53279,600,196.949701
-84.90726,600,203.84739
-83.154594,600,203.847449
-74.89034,600,203.847461
-92.33146,600,213.676918
-74.51409,491,215.687554
-81.82391,600,215.82238
-81.428894,600,220.564045
-17.04989,67,223.0902
-80.84819,600,232.946057
-84.5144,600,235.725913
-77.65275,600,244.353415
-79.70484,600,251.567975
-40.630775,201,255.439862
-84.74779,524,255.544295
-50.25807,333,260.226283
-81.56948,600,270.534936
-74.296936,600,270.534993
-79.52908,600,270.535003
-15.260532,38,274.655611
-68.49019,600,280.236864
-78.43558,600,282.331455
-74.28995,600,287.251524
-79.33863,600,302.439571
-74.97333,600,310.942117
-66.064545,600,318.119094
-70.09706,600,321.876197
-76.034805,600,321.977555
-64.17677,600,326.583065
-78.26467,600,336.856574
-61.732437,600,336.85665
-68.75678,600,341.039296
-69.007515,600,346.67656
-66.68668,600,348.803247
-63.944897,600,353.633694
-62.346367,600,368.774681
-69.64924,600,377.478198
-69.83688,600,384.566355
-60.791046,600,388.38816
-67.20775,600,388.502435
-69.088806,600,393.178309
-64.18979,600,403.891308
-61.436832,600,403.89138
-64.70544,600,408.084501
-61.35847,600,413.662365
-60.792904,600,415.755918
-59.100742,600,420.59405
-63.580704,600,435.867364
-61.077946,600,444.392142
-60.57138,600,451.559401
-59.44875,600,455.573341
-54.963314,600,455.702012
-63.651615,600,460.377165
-53.601788,600,470.915933
-53.695778,600,470.915992
-60.0286,600,475.151495
-58.250645,600,480.633678
-55.871525,600,482.775667
-60.02071,600,487.567746
-59.02281,600,502.96754
-50.11895,600,511.680421
-57.508522,600,518.867175
-53.56182,600,522.827496
-49.501522,600,522.932925
-51.773277,600,527.541727
-50.80532,600,538.044905
-52.24246,600,538.04497
-50.69081,600,542.292992
-47.206257,600,547.951412
-47.384098,600,550.088936
-48.826733,600,554.824852
-49.470623,600,758.82413
-48.65502,600,767.457047
-51.78949,600,774.616845
-46.545235,600,778.572119
-47.32826,600,778.678349
-42.487602,600,783.32725
-43.083572,600,793.896737
-45.008713,600,793.896794
-44.372684,600,798.138004
-45.06673,600,803.865144
-44.05557,600,805.996439
-43.25008,600,810.802219
-37.580418,600,826.257563
-39.061546,600,834.726951
-44.498886,600,841.987317
-40.78171,600,845.942656
-45.501274,600,846.050761
-42.019466,600,850.856359
-41.21709,600,861.544689
-41.202087,600,861.544752
-38.130463,600,865.776248
-41.30444,600,871.409134
-36.473198,600,873.632459
-41.773438,600,878.441802
-40.810463,600,893.766139
-39.64015,600,902.507505
-35.022453,600,909.780344
-35.588436,600,913.807026
-36.103672,600,913.933046
-33.55677,600,918.720475
-32.412903,600,929.306396
-37.839233,600,929.30647
-35.77651,600,933.583636
-31.065432,600,939.085094
-36.243828,600,941.245049
-35.15053,600,946.130009
-33.361717,600,961.595797
-33.46652,600,970.099416
-31.49522,600,977.272021
-32.067146,600,981.231234
-31.718344,600,981.356248
-32.059334,600,986.01657
-30.908705,600,996.667623
-29.833942,600,996.667682
-32.251133,600,1000.942267
-28.582003,600,1006.44501
-25.662542,600,1008.64634
-30.439346,600,1013.505454
-28.41611,600,1029.018629
-10.00074,469,1030.114057
-25.87709,600,1037.677925
-26.81004,600,1048.722145
-30.513996,600,1048.829054
-23.76711,600,1053.618991
-27.480122,600,1064.238272
-26.19359,600,1064.238333
-24.003723,600,1068.49178
-24.686535,600,1074.028522
-24.324675,600,1076.208726
-25.668915,600,1081.045879
-21.51902,600,1096.409933
-24.67133,600,1097.545301
-23.730623,600,1105.305341
-22.086012,600,1116.578742
-22.296837,600,1116.682946
-22.425457,600,1121.437311
-23.266272,600,1132.15684
-24.480322,600,1132.156919
-19.308245,600,1136.363344
-19.24492,600,1142.097338
-21.711464,600,1144.200774
-23.648876,600,1149.062898
-21.930176,600,1164.487255
-21.121277,600,1165.598697
-19.59818,600,1173.09533
-18.38198,600,1184.230227
-17.870697,600,1184.337471
-20.053366,600,1189.087923
-19.455727,600,1199.700591
-16.353115,600,1199.700649
-20.471298,600,1203.96052
-19.540005,600,1209.667208
-18.872044,600,1211.844041
-14.419713,600,1216.649766
-16.783594,600,1232.216367
-3.2500591,597,1233.010774
-19.259151,600,1240.985374
-15.64925,600,1252.322074
-19.314472,600,1252.432797
-17.769117,600,1257.188251
-16.969542,600,1267.652915
-13.160368,600,1267.652975
-15.172869,600,1271.799442
-16.491623,600,1277.537617
-13.714978,600,1279.671443
-15.802171,600,1284.579138
-15.1843,600,1299.966725
-14.292255,600,1300.805726
-13.237312,600,1308.814214
-14.349451,600,1513.746799
-14.31512,600,1513.851275
-15.149331,600,1518.565239
-12.773053,600,1529.047632
-13.863458,600,1529.047707
-11.906233,600,1533.287737
-12.676562,600,1538.81356
-12.524758,600,1540.959761
-12.825935,600,1545.695068
-9.709674,600,1561.181015
-13.079297,600,1561.972558
-11.655856,600,1569.734408
-9.44199,600,1580.915093
-5.355191,600,1581.0241
-12.839115,600,1585.60358
-11.48704,600,1596.120661
-8.810206,600,1596.120724
-11.097094,600,1600.45322
-9.09534,600,1606.133546
-8.371012,600,1608.293979
-10.905831,600,1613.29082
4.5561438,384,1624.437384
-9.130037,600,1628.876799
-9.25566,600,1629.741739
-9.257011,600,1637.647671
-10.21737,600,1648.793916
-10.39723,600,1653.735948
-8.798818,600,1664.377102
-8.6409445,600,1664.377176
-9.751969,600,1668.66365
-8.959148,600,1674.303205
-7.994907,600,1676.438882
-5.8452387,600,1681.375224
-8.294277,600,1692.443326
-7.662507,600,1696.808432
-8.164073,600,1697.593226
-6.1329412,600,1705.494269
-5.5959263,600,1716.613333
-7.719763,600,1721.453466
-7.5425878,600,1732.209343
-4.4606376,600,1732.209403
-6.36806,600,1736.575917
-8.608378,600,1742.182002
-6.674834,600,1744.296808
-5.273832,600,1749.224128
-8.261766,600,1760.188463
-6.723588,600,1764.467388
-0.2113325,600,1765.311295
-7.6824574,600,1773.333162
-12.086764,212,1784.19572
-6.881212,600,1784.573551
-6.952348,600,1789.452108
-7.027435,600,1799.932578
-5.5487576,600,1799.932644
-3.4610972,600,1804.316256
-5.723026,600,1810.053277
-4.8752384,600,1812.245641
-1.6100769,600,1817.21822
9.921859,180,1830.586158
-6.942064,600,1832.671563
-3.6394007,600,1833.401623
-3.7544706,600,1841.45951
-3.4395757,600,1852.325141
-5.4558887,600,1852.668363
-3.9550986,600,1857.476971
-4.088409,600,1868.182491
-6.3142676,600,1868.182558
-4.969456,600,1872.536406
-10.9821005,67,1875.731287
-5.4600716,600,1880.156825
-2.880387,600,1884.960338
-1.4610319,600,1898.475227
-4.639545,600,1900.654461
-7.8980317,600,1901.425914
-3.649593,600,1909.148696
-4.5275407,600,1919.970493
-4.416881,600,1920.311754
-5.3273516,600,1925.307178
-4.686114,600,1935.884202
9.551228,171,1939.782818
-4.630709,600,1940.268517
-8.991018,288,1941.852194
-5.8103824,600,1943.490818
-4.135554,600,1947.965683
-4.302659,600,1952.83743
-10.406233,114,1965.791597
-3.0292048,600,1966.247079
-4.8053083,600,1968.350245
-1.8154621,600,1969.144419
-4.093406,600,1987.598517
-7.8739862,229,1991.301534
-0.1749149,600,1992.757102
-12.255491,505,1996.557478
-1.6307398,600,2003.316875
-2.784607,600,2007.551912
-3.8996317,600,2009.210066
-3.2563994,600,2010.879085
-2.158747,600,2015.452891
-2.719472,600,2033.725427
-1.3982759,600,2035.814519
-3.5521464,600,2036.573372
-1.9648885,600,2055.272643
-0.07611976,600,2058.952786
-2.227673,600,2060.366348
9.554455,455,2060.471231
-1.8681631,600,2064.098177
-1.4622017,600,2070.836372
-1.7483256,600,2267.06539
-2.0347674,600,2270.289512
-1.6887724,600,2274.729574
-10.128496,200,2285.020374
-1.4707853,600,2292.527019
-2.116565,600,2294.660148
-3.4598846,600,2295.439468
12.287298,101,2306.863065
-10.609603,580,2312.00154
-2.7786655,600,2317.977782
-2.954076,600,2319.429359
0.24028555,600,2319.548636
3.7517667,600,2323.130612
-11.065292,360,2325.469041
15.279512,164,2330.367346
-11.41173,566,2333.625545
-3.7414503,600,2334.143904
10.305346,181,2339.740498
-7.35445,133,2340.297013
-0.5893849,600,2341.882704
-9.6675825,190,2355.476885
1.0798265,600,2359.915862
-0.8172054,600,2361.980623
0.42888418,600,2374.213285
16.33501,222,2384.859656
-0.858731,600,2385.186905
2.6418397,600,2386.645863
1.1883681,600,2390.271052
9.965558,372,2397.228928
0.3860482,600,2397.676158
13.2773485,98,2397.67623
-1.9587059,600,2401.020779
-9.952123,71,2405.725739
-3.054123,600,2407.179472
-1.7170104,600,2407.773284
-0.42645246,600,2409.304744
-8.388357,56,2412.063712
-0.19601266,600,2429.520684
-3.446091,600,2441.497745
-7.5585504,388,2450.490204
2.230554,600,2452.05759
-1.8459235,600,2452.391333
-0.34348735,600,2457.524574
-8.170055,91,2462.641857
0.037789755,600,2464.417995
1.0837466,600,2464.881313
-8.163823,516,2466.989598
-1.0945845,600,2468.069706
-0.96380943,600,2474.836263
-7.7797203,95,2478.851003
3.2526355,600,2479.187485
15.337933,160,2482.889078
16.789143,201,2485.202368
0.013630176,600,2496.684216
-0.28750834,600,2508.870547
1.9054519,600,2518.109601
0.015532886,600,2519.688421
0.9629852,600,2525.157563
-1.7058728,600,2532.003846
-1.621121,600,2534.581013
1.8187335,600,2542.402315
3.6051257,600,2546.413055
-1.901104,600,2546.766006
3.3347375,600,2550.489059
-1.3896955,600,2552.87187
15.769413,170,2553.737661
13.162922,161,2560.62328
-0.74669033,600,2564.316891
-8.1384735,147,2567.029559
-0.44802183,600,2576.509049
-0.41052425,600,2585.551096
1.1092056,600,2587.147591
13.327576,344,2592.455541
-2.0402582,600,2592.670651
2.0794816,600,2599.663094
11.3371105,237,2612.601488
-0.33335817,600,2614.335513
-1.3108906,600,2614.643328
11.486009,44,2619.298118
-1.6728204,600,2620.805827
12.540493,86,2624.458666
13.924904,425,2624.796113
5.160084,600,2628.672208
-8.24666,75,2629.318899
-7.6775846,157,2630.401392
13.496618,339,2631.098251
14.21599,574,2632.093447
1.4395397,600,2632.323775
10.900578,39,2635.593046
12.403473,71,2643.646112
-9.600622,128,2644.96337
-9.395706,120,2645.744312
10.790174,23,2648.35133
12.130055,454,2651.275639
4.772084,600,2655.28474
1.1761544,600,2660.722891
15.614662,153,2660.722963
10.125831,345,2683.728467
1.6724497,600,2686.958709
-1.7422034,600,2692.1105
-1.4691105,600,2692.454987
2.39073,600,2696.314426
2.102702,600,2696.984887
11.717701,50,2698.129213
3.4298904,600,2700.096896
9.708464,482,2702.699072
11.224217,98,2709.416349
1.6627208,600,2719.160213
3.0879428,600,2723.192248
10.542564,233,2723.510774
-0.33439893,600,2728.699949
-0.66948265,600,2728.700006
13.611686,131,2733.912133
-1.8395334,600,2751.593908
15.841162,260,2752.396929
1.9925655,600,2754.935908
10.64748,203,2756.707814
1.0233594,600,2759.971712
-0.5461968,600,2764.114867
4.1303344,600,2767.888925
-0.16824995,600,2770.492021
13.756819,176,2776.615669
-0.739475,600,2777.059998
12.8710165,177,2780.007996
14.001309,475,2782.164198
14.764141,332,2788.97468
-0.67967486,600,2790.954446
14.328918,572,2793.035795
12.926333,217,2794.843941
13.465885,237,2803.735852
-10.033127,96,2805.77802
13.337196,149,2809.896041
13.897241,217,2815.285532
-0.31304926,600,2819.823903
1.4372083,600,2822.372815
14.921717,501,2824.19882
13.729438,104,2990.86328
13.649349,442,2993.296222
13.9457445,593,2994.612524
-5.8457284,435,2994.839658
15.226469,212,2997.445704
14.611385,298,3001.004694
13.272021,189,3005.002142
1.4413209,600,3007.711839
10.744679,525,3011.76476
10.817112,391,3013.390929
11.07833,197,3019.504392
10.949008,166,3019.50445
14.715692,354,3025.85254
15.252388,200,3027.331345
12.1962805,94,3030.129864
14.478323,328,3031.417274
-8.477451,77,3040.097608
-8.951323,177,3045.827505
12.415441,186,3048.214752
13.074374,164,3048.479586
-10.845433,350,3052.694134
-1.6437067,600,3055.476491
-0.8147588,600,3058.298332
0.569023,600,3060.739343
1.9746609,600,3062.197155
14.911861,167,3067.407236
13.500321,563,3071.140104
14.645371,230,3074.282888
12.72143,123,3074.70318
-1.8067828,600,3079.333956
10.300334,111,3079.918811
14.527907,219,3080.148979
-12.47978,587,3085.673495
12.491527,238,3089.124142
12.167119,137,3089.635213
11.474523,166,3089.736149
12.969675,145,3090.975494
-9.586896,332,3095.594579
12.353379,157,3097.666763
11.920782,84,3105.079931
14.839102,237,3105.852269
-1.2468448,600,3107.538093
11.78104,184,3110.459535
11.612767,195,3111.556639
-1.8601627,600,3113.347722
-9.179062,39,3114.811871
11.277344,89,3115.172373
12.140793,159,3115.607262
14.696182,241,3116.172008
-1.310842,600,3120.351457
-8.270342,71,3124.34834
13.042836,131,3126.531746
11.650942,119,3128.476737
-10.087495,33,3130.309353
-9.332324,206,3131.107966
12.597759,148,3132.580012
12.47023,177,3135.453437
5.8578043,558,3142.925052
15.557325,177,3144.341625
12.187315,154,3149.894713
13.434287,328,3150.576032
14.140251,271,3151.03971
-2.0754929,600,3153.455047
14.908516,206,3154.431657
-2.0213413,600,3158.897918
12.296452,97,3160.961926
12.954488,176,3164.314273
12.352428,122,3164.875832
-9.519368,154,3167.994771
14.945072,226,3168.426749
10.705866,43,3169.108103
-2.7356582,600,3173.909065
16.211437,249,3182.485601
12.856892,143,3185.304032
14.733239,184,3188.828792
10.749255,44,3190.306093
-12.022362,287,3191.31441
-1.5502927,600,3196.40475
13.655493,325,3197.801659
-0.839862,600,3198.256972
15.573463,219,3198.822693
12.290468,123,3202.931
-3.108944,600,3203.367692
12.51221,199,3205.184196
11.796556,160,3208.575042
12.888924,181,3218.360666
11.620514,143,3219.126375
13.179087,186,3219.389938
-0.11360807,600,3221.509291
10.440516,61,3226.075943
12.11811,168,3227.639171
-1.6132303,600,3232.968386
11.751425,124,3233.404349
10.992582,67,3235.244078
1.7055198,600,3236.584925
11.003651,35,3236.914894
12.791698,453,3242.937384
12.460119,130,3248.263916
11.890541,459,3248.62882
10.8071,80,3252.137955
14.178133,172,3254.940687
11.100089,368,3260.304781
12.897408,123,3262.675854
0.02355213,600,3266.97011
14.199648,367,3267.694423
-2.8981128,600,3271.323265
-2.1653068,600,3273.155225
14.522579,205,3274.98584
12.943732,194,3276.545159
12.096339,128,3276.77604
-11.601738,359,3277.428886
11.242837,31,3280.178444
13.4191475,137,3282.144591
13.522746,215,3284.137772
12.186245,111,3285.490165
-3.1983478,600,3289.127634
10.739221,124,3290.37299
10.966686,96,3290.965676
12.224394,215,3299.088138
11.384731,124,3299.442136
-1.2469518,600,3304.171545
12.727623,183,3304.737855
12.539006,126,3305.138519
14.658968,171,3309.809718
11.479644,62,3312.393791
-5.4179792,600,3315.857178
13.056839,170,3318.489245
14.595537,269,3319.727735
11.373704,94,3320.487531
13.076233,139,3320.588324
13.988489,210,3323.181762
12.354751,142,3328.199501
12.249137,507,3328.323503
12.4708185,88,3330.332021
-0.57542235,600,3335.218158
11.430751,281,3335.985434
13.253431,189,3337.058775
-9.590176,220,3344.473229
-2.7939925,600,3345.205827
14.306191,143,3346.644176
13.3606615,164,3346.984382
12.001436,120,3348.857723
13.568917,185,3349.338015
-3.146221,600,3349.98554
12.308382,70,3355.027774
13.13987,136,3362.240606
11.206422,126,3364.244825
14.797736,188,3366.590654
13.316664,125,3369.149578
12.388851,198,3371.377203
10.47837,93,3372.74603
-8.432993,103,3383.121978
-7.1425996,600,3386.515453
9.311531,205,3387.657828
-2.784246,600,3388.61225
0.13683578,600,3391.392314
10.613931,33,3392.289775
-10.131254,398,3394.54239
13.018662,202,3395.663839
-4.3942537,600,3404.089286
0.46599323,600,3405.197456
11.672214,130,3405.986079
11.079541,115,3407.427965
-4.5111365,600,3412.599071
11.457051,91,3417.723197
11.8829,218,3420.214056
11.566315,134,3427.493871
-10.043514,559,3429.722468
11.517722,135,3432.816544
-8.766193,582,3434.792752
11.553583,115,3440.508333
13.398072,131,3444.508904
12.114926,120,3446.516237
-5.8366003,600,3450.798008
-3.4973772,600,3454.208262
-0.36017382,600,3455.346512
-9.367441,217,3459.415396
-1.5451021,600,3459.903626
11.736243,138,3462.072143
14.491538,181,3464.993468
9.969709,71,3468.03963
-2.732147,600,3471.869793
-1.6162452,600,3473.00159
-2.1275196,600,3473.756083
14.513826,220,3475.706251
10.920588,101,3476.483282
12.668552,153,3479.40851
15.040732,274,3485.176479
15.0060005,162,3486.24908
-9.950628,10,3487.41063
-0.012529513,600,3487.989269
12.47916,170,3492.179761
11.5032425,196,3493.955847
10.555586,80,3497.001934
11.171342,358,3499.876322
12.015831,112,3504.699278
12.495543,257,3505.368072
-1.6626034,600,3508.408852
13.157431,137,3509.36956
11.366594,293,3512.471995
11.767753,241,3514.610936
-2.621159,600,3523.176301
12.404249,184,3526.365209
8.422617,162,3526.85902
15.361059,242,3527.433313
9.21274,238,3531.844943
10.765364,213,3533.645437
-11.311162,538,3534.63918
8.995132,118,3536.521509
10.912766,248,3540.545074
12.506322,130,3541.48088
11.338767,400,3542.302143
13.783716,136,3542.766107
2.0664728,600,3543.563131
15.504889,275,3545.787375
11.600987,87,3546.345081
11.481651,90,3550.695889
-4.9079704,600,3553.040913
11.786509,211,3693.556733
10.301684,94,3694.849946
11.336025,149,3697.321718
12.444921,141,3699.467864
-8.936068,186,3700.263242
12.362551,129,3703.083105
14.90143,291,3714.120789
12.695427,199,3719.643948
14.709055,245,3720.898925
12.153614,505,3721.009303
-9.80951,15,3721.341414
-10.083046,194,3722.028424
15.38803,278,3725.844136
13.318994,211,3726.665673
10.257285,80,3730.916049
13.510733,165,3732.488837
14.243454,482,3734.153827
11.16463,68,3738.44015
-1.7045845,600,3738.67415
15.302806,161,3738.775695
1.624722,600,3739.709194
13.978777,149,3742.518761
14.9051695,156,3744.080721
-7.909498,80,3747.808429
9.931484,262,3750.330905
13.670297,125,3756.612026
14.097021,161,3756.612093
14.407272,227,3757.979712
-1.8929497,600,3758.085226
13.984502,175,3758.444607
14.221751,172,3759.176697
-11.499803,553,3761.531529
16.301342,250,3762.336698
12.851687,110,3770.633527
15.403124,218,3772.655466
12.351491,101,3773.875756
16.477695,211,3774.342991
12.131689,297,3777.733854
14.45251,189,3778.092065
13.374924,189,3779.873013
16.458654,235,3783.226772
11.40709,52,3783.915221
0.14038157,600,3788.831487
17.065397,210,3796.153266
14.476004,147,3796.384208
16.69166,223,3802.748163
16.157595,192,3804.769814
-7.647149,305,3804.76989
15.550258,223,3808.967772
14.292517,369,3815.217438
11.6013,94,3815.349776
15.158637,173,3815.827508
10.95582,155,3820.218783
12.232679,116,3822.042572
2.1654828,600,3825.719164
11.0954485,92,3826.1712
0.88255835,600,3826.742944
0.29750374,600,3829.196863
14.592744,151,3832.38207
16.850786,187,3841.578715
-0.2491833,600,3842.022214
14.258701,147,3843.061067
16.41171,416,3843.293188
13.458421,133,3844.471151
-7.6901107,231,3848.440129
-9.329299,190,3848.544509
13.88515,218,3850.693537
0.6216703,600,3856.852914
16.500967,236,3859.26436
10.615173,79,3859.592184
-8.892676,487,3860.060884
-8.853824,115,3861.378068
13.459513,166,3862.01193
16.54065,183,3862.248882
12.426417,63,3867.218782
16.902037,215,3867.448828
12.110207,215,3868.789098
11.759944,145,3873.150338
13.585896,106,3874.136744
-7.7166586,130,3877.023172
14.540409,153,3878.696409
12.516182,189,3880.579915
-9.93523,20,3880.948953
-1.0205112,600,3883.4732
11.821042,98,3884.260622
14.195534,382,3885.307115
11.038558,41,3885.620803
11.768689,175,3887.19006
10.906976,38,3889.559548
13.999656,281,3891.432269
-10.055586,7,3892.200586
10.850879,77,3894.417264
11.446862,74,3895.644318
15.4889965,207,3900.531519
16.395008,299,3901.127531
13.514483,133,3904.773749
16.79315,226,3906.370085
13.120703,111,3907.069281
11.423651,55,3912.710128
-1.5426668,600,3916.735332
12.81625,151,3918.458215
15.643914,207,3924.152457
12.687981,194,3926.854712
14.823896,181,3927.657569
-10.00109,488,3929.671151
15.3883,168,3931.729214
14.72323,325,3932.619552
15.896624,370,3934.342955
1.9803962,600,3937.059286
16.556355,192,3946.08449
0.8597068,600,3951.727131
-1.5860044,600,3952.513563
14.02206,189,3955.777334
16.64952,179,3966.362782
11.469778,144,3972.212395
15.714466,412,3973.685339
11.462151,70,3974.257267
11.27439,77,3982.993232
13.324739,107,3984.421734
0.7363079,600,3984.889596
-2.8978596,600,3986.535491
17.055613,181,3994.023703
-4.0096545,600,3995.623463
1.1009282,600,3997.517395
3.0488038,600,3999.682659
13.05889,123,4000.239084
-0.6632733,600,4000.59514
10.999203,449,4003.262258
15.549286,588,4003.458491
11.517404,65,4004.828246
-10.311367,124,4009.557992
13.965908,248,4010.86079
13.995174,233,4010.965746
-10.106195,178,4014.090031
1.3204418,600,4019.658259
15.386547,148,4020.338964
15.8605995,183,4020.438696
13.82476,118,4023.103876
14.389054,122,4024.945062
13.410737,124,4025.047489
-10.173748,98,4025.381306
14.468397,204,4028.175866
17.141468,262,4033.108808
13.356775,93,4035.918123
15.209958,148,4039.924281
16.038782,181,4041.073951
15.83624,143,4041.288882
11.260739,34,4043.868457
12.302675,80,4050.359424
0.23530808,600,4052.230291
13.265328,156,4053.588583
12.708162,88,4060.324432
11.446606,94,4062.961703
-0.69614214,600,4068.46692
16.2305,242,4068.604362
1.4608914,600,4068.84318
-8.349483,167,4072.735557
-9.2531595,471,4078.532099
-8.784785,91,4078.90022
13.073256,168,4079.575536
14.565496,158,4081.056978
5.083419,561,4083.519953
13.7724085,133,4083.725376
13.070952,119,4086.178971
15.597296,374,4086.305442
-1.9279653,600,4088.623087
14.363453,115,4092.620451
13.406462,110,4096.270504
15.044636,555,4096.270556
0.45252922,600,4096.397501
15.569298,156,4096.658602
15.326391,155,4103.917279
16.344126,201,4106.381381
14.150027,157,4106.486447
14.54769,126,4106.946441
16.125488,149,4113.254572
12.154904,426,4117.28298
16.877022,188,4117.725501
14.0909,139,4119.701243
13.504019,127,4120.856088
15.861073,155,4124.152754
11.211351,58,4126.301346
15.710939,178,4133.555859
12.980987,146,4133.999874
12.657021,92,4134.698673
-5.106608,260,4136.705734
16.471027,186,4139.072087
10.292583,206,4144.448674
11.900513,91,4145.134976
-6.7433987,600,4146.956969
12.176361,118,4147.556264
11.453012,186,4147.665288
8.7450695,542,4148.204329
1.9611413,600,4149.497809
10.951104,25,4151.075172
13.1498,107,4151.309847
14.664643,152,4154.088475
13.867146,109,4156.921358
11.64181,128,4159.846049
-0.56502444,600,4164.843984
-0.9848184,600,4165.167843
16.763763,174,4166.863374
13.418951,164,4168.22605
-8.232385,118,4170.338105
13.464772,143,4170.338164
15.524313,177,4171.184019
14.302589,175,4171.184078
12.588388,76,4173.313536
15.805918,279,4179.157411
10.2719965,81,4180.277072
16.01113,150,4183.662431
14.552449,453,4185.057371
-9.623232,170,4187.303987
15.519912,249,4187.855466
12.649115,145,4189.794811
13.252901,86,4190.130707
14.213902,176,4190.264672
16.206139,182,4190.922949
12.120709,125,4193.433686
10.68518,55,4194.227926
11.122837,50,4195.440798
12.008168,58,4196.675389
14.301321,283,4197.0887
-9.791838,38,4200.860356
16.088829,171,4202.932067
11.985281,83,4203.349136
11.767897,81,4204.36518
16.554031,179,4205.146743
11.577996,70,4208.586023
-10.001027,170,4209.157809
16.366966,190,4212.113381
14.292774,182,4213.687152
-1.98351,600,4215.393484
13.458544,112,4215.500309
13.2927475,128,4217.696416
12.237757,86,4218.846932
13.658623,109,4220.986887
15.726857,142,4221.191826
13.8480835,103,4223.764324
10.785965,77,4224.23125
11.325872,106,4227.462485
-9.414047,39,4228.743286
15.135453,134,4233.10676
12.79019,99,4235.191056
11.632,424,4235.297474
12.716797,71,4235.627318
14.449058,143,4237.340796
-2.8621738,600,4239.075125
15.860911,280,4245.54156
13.910221,148,4245.541619
13.257641,256,4250.273836
14.454004,144,4251.502362
14.390744,163,4255.773917
17.036259,193,4256.958411
11.296076,45,4332.633955
15.311253,144,4333.639731
14.301192,119,4335.550177
-1.8429658,600,4336.648242
15.551582,283,4336.884719
-2.699039,600,4344.035936
15.293968,209,4346.815653
14.052183,263,4346.917402
10.768879,95,4347.292093
14.90296,155,4349.947589
15.0478115,147,4350.048887
14.933611,196,4350.715932
15.945093,148,4352.07302
-1.3748343,600,4358.418133
14.23186,117,4360.225494
12.2212515,128,4360.981534
16.042973,172,4363.09847
15.814253,150,4363.569198
14.592432,130,4364.310827
12.234701,113,4364.514811
13.96594,146,4366.261805
11.222336,84,4367.746119
12.06492,70,4368.050457
16.776165,161,4368.594805
13.152153,79,4372.395828
12.439211,75,4372.725504
-1.9495271,600,4374.637039
13.183369,83,4375.572599
14.022816,116,4376.134696
11.772114,78,4376.482571
11.293266,112,4377.150752
-3.0952973,600,4378.046046
11.710764,90,4378.154466
11.216005,33,4379.235592
11.381173,399,4381.411825
12.509499,110,4384.655908
11.285845,56,4385.42046
15.162238,252,4389.118544
13.44334,137,4391.665917
15.751801,197,4394.768803
-6.279134,208,4397.894078
16.162773,190,4398.359103
13.031409,138,4400.189521
14.554411,292,4401.29393
15.209844,229,4401.749217
12.991066,118,4402.429171
14.561067,203,4404.114256
11.337174,178,4411.907994
14.64526,123,4414.108274
15.531969,152,4415.584158
14.370753,275,4416.480626
14.279502,133,4419.258883
15.154291,191,4419.597903
14.895942,157,4420.269822
13.430144,401,4423.304767
14.33626,135,4430.993865
14.309114,110,4432.146559
14.745003,144,4432.987636
15.693029,290,4434.378247
15.055397,128,4434.934388
16.875471,204,4435.162502
16.119385,330,4439.396496
15.073065,150,4440.562495
10.959449,58,4441.872725
16.063925,245,4442.205669
-0.88954216,600,4445.96213
12.7350645,73,4447.639312
16.600283,201,4453.904259
12.007612,74,4454.343117
16.138542,191,4454.683142
10.078904,315,4455.122444
11.857991,231,4458.371427
1.5696576,600,4462.899418
14.167842,139,4470.08064
14.739571,283,4472.604177
14.792847,246,4475.55501
13.755953,367,4476.012704
17.016312,215,4479.026437
15.766451,244,4481.502969
11.723877,62,4482.983385
11.297693,121,4486.304893
14.517984,397,4486.75363
15.978313,214,4487.189939
10.540441,60,4488.337418
14.808684,324,4491.849956
13.207539,153,4496.346512
10.2945175,113,4499.075871
14.50954,368,4500.090312
11.743402,167,4501.956949
0.71438575,600,4502.969502
14.7592945,142,4504.470741
13.033026,80,4505.475336
11.560534,148,4508.673547
1.1849824,600,4510.172829
12.882366,213,4510.976591
12.778854,66,4512.038249
16.991158,231,4513.477836
11.4713545,356,4515.97085
13.771679,143,4518.258658
11.59787,69,4518.858493
13.62937,103,4520.530714
13.584816,128,4528.125173
11.299185,298,4534.16272
14.97842,139,4534.775439
12.9626255,282,4537.732002
2.3000588,600,4538.420774
14.305208,256,4539.453369
14.975698,210,4542.25275
14.246531,394,4544.067344
14.751658,367,4544.903675
15.221177,316,4548.074786
14.143878,156,4552.532194
12.251915,163,4552.768327
11.9322195,122,4553.330755
13.674263,289,4553.466611
15.386468,144,4554.106742
10.448896,92,4555.42628
16.964252,184,4563.07877
13.152718,108,4564.669153
11.095651,109,4566.381545
12.188903,179,4568.178778
15.622288,214,4568.178833
10.564935,72,4576.293014
-8.555953,248,4580.592271
3.8591065,600,4583.957038
12.733687,236,4589.618136
-10.34117,332,4592.649469
16.38581,226,4593.672403
14.6775465,246,4593.976565
-0.25885597,600,4595.914518
15.308847,383,4596.505955
11.574635,154,4597.978352
12.388702,246,4604.212768
12.01061,131,4604.545955
12.645235,74,4605.005291
11.501682,109,4605.117893
-1.5324439,600,4606.263098
12.362876,124,4607.891779
15.417216,404,4610.383367
12.790945,175,4613.936673
11.083038,60,4614.647895
12.825611,139,4620.237715
11.107399,59,4620.569966
-0.15796196,600,4620.999459
14.512107,170,4625.424539
15.247727,195,4627.041541
15.002843,285,4628.310072
12.687301,109,4632.643963
14.752487,265,4634.201411
13.3945465,180,4635.014714
15.177019,151,4637.721712
13.205387,244,4637.964051
11.001083,292,4638.176705
11.175184,33,4638.751429
13.238853,120,4639.11318
11.244279,107,4639.229201
12.368277,69,4646.950391
14.348085,192,4650.151182
13.492081,120,4651.77976
12.52754,126,4652.019387
0.13190949,600,4652.019445
11.370335,129,4652.597363
13.691402,280,4652.81393
13.858509,167,4653.18549
12.710402,198,4655.087762
11.341881,186,4659.908936
11.465569,90,4660.361811
15.995682,200,4661.965951
-6.705876,600,4666.157192
10.312048,64,4667.17092
14.18446,163,4670.504207
15.238862,210,4670.737551
13.044901,87,4671.724453
14.187601,172,4672.607824
10.224204,48,4676.12148
14.962776,152,4677.53926
16.27983,227,4678.321412
12.882597,73,4678.758572
15.988954,241,4680.118849
11.796375,257,4681.075404
13.297233,126,4681.339834
10.546775,59,4685.096426
12.392105,68,4686.619108
11.742285,67,4689.099397
14.654991,150,4689.786042
12.414057,89,4691.376734
13.2090025,123,4691.608106
14.728954,175,4696.123482
13.985897,273,4697.111647
10.6673565,67,4697.355275
11.343624,61,4698.253683
11.880996,388,4699.120198
11.987402,145,4705.251123
14.654955,125,4705.467053
15.980736,255,4708.858854
12.800476,120,4709.480528
15.376045,170,4716.119046
13.188319,100,4716.549678
16.027596,166,4717.679849
-4.6833634,600,4719.589072
9.738792,429,4720.164133
11.8116,62,4723.111154
14.173296,160,4723.572535
15.463469,246,4724.908661
12.04617,69,4725.448188
11.400925,59,4726.254991
11.336465,100,4731.297677
11.164031,58,4731.841698
11.533965,261,4738.715998
15.111888,146,4739.849292
13.130402,143,4740.781492
13.9773245,315,4744.135102
14.6690445,119,4745.143402
11.420492,235,4749.327744
16.377625,171,4750.482317
12.461241,91,4751.053504
15.897074,312,4751.478211
-0.33632937,600,4752.397523
10.779655,74,4753.522694
0.589905,600,4753.88133
12.656474,78,4759.770723
15.634008,157,4761.776619
11.949447,332,4763.306423
13.9653845,94,4764.296384
-1.469406,600,4765.339501
12.127287,118,4765.583025
13.195994,89,4769.961339
16.010149,175,4770.299907
10.859238,47,4770.842483
15.443357,292,4771.61815
10.261501,86,4773.210678
14.505556,313,4775.083133
12.0026,86,4775.445974
13.002811,83,4781.082654
16.429804,169,4783.692168
12.46254,132,4784.925359
14.537618,114,4786.125881
13.413768,173,4790.411402
16.317612,258,4791.128316
11.501953,53,4792.161
13.341703,186,4796.604209
15.676535,190,4796.72172
12.814844,170,4803.047071
10.746742,436,4803.04713
12.073368,168,4804.040677
13.905741,113,4805.065881
14.941116,188,4812.59928
14.30015,109,4815.503768
14.660629,168,4815.947213
10.808642,36,4816.767238
-30.842455,600,4817.569157
-3.6801276,600,4819.798625
11.767707,69,4823.336451
16.320707,195,4825.245081
12.860318,79,4826.475033
14.752966,202,4827.031328
11.635103,92,4830.0395
13.007265,104,4835.061835
14.583134,184,4837.610138
-0.74957895,600,4838.51067
13.632471,160,4845.200037
13.978313,194,4847.247895
11.070797,88,4847.577174
-20.529133,600,4849.249917
15.355715,164,4853.643768
8.18162,600,4858.487454
12.817597,196,4860.558041
15.464579,169,4864.149078
-5.8388667,600,4864.58619
15.440234,163,4865.500575
12.551529,110,4865.996591
13.179814,87,4870.390855
14.08906,360,4870.727771
-2.0724368,600,4872.98842
14.041616,131,4873.332976
14.161552,223,4874.357661
14.795966,246,4875.296629
10.795886,110,4877.059755
12.943875,122,4879.72525
11.725641,61,4882.145164
-3.6990726,600,4883.718623
14.500369,137,4886.254614
12.83751,95,4887.778869
14.638746,200,4888.1352
11.047916,141,4890.323526
-4.374895,600,4894.252911
15.898529,170,4995.864731
12.728058,340,4999.38357
14.728783,167,4999.383631
11.159577,80,5000.082542
13.985809,211,5002.721962
15.111141,205,5006.120174
10.805387,62,5006.383323
13.531539,188,5008.325526
15.436824,234,5011.386518
14.08448,371,5012.102668
12.306358,146,5015.814692
13.258119,130,5017.392818
4.334618,456,5018.59311
13.851671,120,5021.723766
10.884539,31,5022.071385
10.759974,467,5022.42769
13.36969,206,5029.179889
14.69871,209,5029.707896
13.320764,142,5031.622105
10.735789,109,5033.874429
11.286919,104,5040.836891
10.942052,71,5041.84233
13.046856,230,5047.897543
10.485546,347,5050.956678
14.003677,180,5051.966216
-12.260995,600,5052.069077
11.073664,56,5058.23839
8.129442,384,5060.528825
3.7829165,591,5062.185222
-11.371236,600,5067.465916
13.159582,140,5067.807601
10.651948,53,5068.138228
11.38183,185,5068.740053
12.144649,105,5070.070991
12.6591835,299,5074.599113
6.730932,466,5074.856311
12.701397,216,5075.323669
-9.261685,600,5078.772954
7.8395615,336,5079.827525
11.637478,52,5084.649004
9.962784,177,5088.697214
13.395617,125,5088.697273
11.340748,186,5088.827819
10.797916,221,5095.017066
12.1895685,98,5095.655048
11.302216,63,5095.880747
10.645417,143,5095.880796
14.837452,200,5097.332919
-9.796605,600,5097.332973
12.517325,234,5101.530235
11.4700775,120,5102.105455
5.8437133,376,5102.702736
11.352412,56,5103.461653
11.8265705,87,5105.436573
16.522287,176,5108.202399
12.475733,119,5108.746027
15.520172,178,5114.720169
10.351571,22,5117.280316
13.061334,140,5118.376867
14.234308,123,5122.078678
13.655822,168,5122.31806
16.5831,157,5123.101854
-18.749651,209,5125.48089
11.811296,68,5126.050937
9.45033,71,5130.38718
10.165578,203,5131.74159
11.016002,79,5132.080605
-12.00801,600,5134.871866
-9.104927,600,5135.508913
10.639594,57,5136.754924
-11.85866,356,5137.207595
-11.03334,55,5138.212357
11.231374,129,5140.511225
9.798681,136,5140.743779
13.863047,214,5141.303419
11.049145,55,5144.347215
12.820913,114,5149.951776
12.165223,93,5150.953921
14.602327,174,5155.022614
9.664439,135,5155.971096
14.850473,174,5156.321605
10.119697,30,5159.748314
-13.202656,600,5163.309743
15.358452,200,5163.992188
10.235226,38,5164.107423
10.99205,120,5164.671659
-44.372486,600,5169.129766
10.684631,52,5170.100366
11.936464,72,5171.539171
15.550205,171,5174.676292
13.625354,175,5176.007648
10.982268,60,5176.007716
10.861438,121,5177.851104
6.900092,71,5178.181038
11.927908,128,5179.308084
11.253642,80,5180.624661
9.516429,86,5184.355767
11.23523,48,5186.094535
11.455136,79,5187.099723
-27.593914,600,5190.119359
13.293125,134,5191.252129
11.076446,63,5193.264935
15.137104,152,5195.042359
14.481873,182,5196.621355
-15.036519,600,5199.611598
-29.65822,600,5202.840046
13.187574,187,5205.52344
13.195667,129,5205.768477
16.127022,192,5211.75317
-20.051304,600,5212.479638
11.647379,175,5213.018564
12.474365,152,5216.7918
13.817061,128,5217.252538
-8.57798,600,5218.046556
13.249028,156,5223.038133
12.866208,159,5229.572261
10.571283,59,5229.694488
14.419971,125,5230.801493
14.167435,175,5237.023776
12.633484,122,5243.405397
-5.4774384,600,5247.016776
15.103033,160,5247.776398
12.8792,107,5249.118634
12.605892,401,5250.978428
14.871159,178,5250.978488
12.262207,82,5252.689367
-13.898873,600,5254.831272
12.907949,74,5256.190745
10.261963,61,5257.946455
10.050904,79,5258.04896
12.0754175,121,5260.746631
-5.04228,600,5262.832538
11.483757,94,5263.409445
-22.999142,600,5264.44712
11.512581,42,5265.571143
10.067439,69,5265.902932
13.729197,113,5269.048523
11.995227,127,5269.271906
12.305598,99,5274.028028
14.566887,174,5277.671331
12.062525,135,5278.727295
-4.4022903,600,5280.287651
-2.7867754,600,5280.832157
13.58625,136,5284.415227
12.82137,101,5285.394565
-3.1781225,600,5285.848492
10.553966,54,5286.887225
12.332849,79,5287.553209
-12.7779255,247,5292.192834
10.105584,68,5294.441778
10.770906,83,5295.129194
13.971659,249,5297.316978
12.586396,83,5304.295388
11.771985,64,5304.295442
10.634266,97,5305.209989
13.718778,179,5305.322814
14.590952,161,5305.425603
13.598299,194,5305.995914
12.692637,147,5308.522143
11.360671,54,5311.273842
10.980965,86,5315.738397
11.554225,107,5317.576078
-5.0134506,600,5318.641442
11.480142,101,5320.148605
10.901257,46,5323.902753
10.406016,546,5326.998568
11.939133,86,5327.335788
14.23758,196,5327.559228
-14.642294,448,5327.960861
9.801402,156,5328.949805
14.996849,246,5332.1029
14.369379,154,5333.121524
-3.8167427,600,5333.328794
14.304573,128,5334.521399
14.512211,148,5343.567019
14.522703,144,5343.684359
12.625856,106,5344.008693
15.742768,171,5347.13676
-4.513026,600,5347.596609
-12.8853,168,5347.803606
15.483692,191,5348.694152
11.771689,84,5353.547702
13.68695,103,5355.265861
16.31541,205,5356.246456
10.581791,28,5356.695504
12.976731,85,5356.803466
15.122456,210,5357.038476
12.585798,92,5358.245662
11.531869,38,5359.577517
14.266283,101,5360.238368
10.078487,507,5361.618536
-10.80968,46,5363.522605
12.4367,62,5363.867702
10.923607,143,5363.867755
12.617199,183,5364.464532
12.642307,81,5365.480977
11.484431,56,5365.946679
12.708486,96,5367.967993
11.74504,93,5374.430318
-12.087534,356,5374.759992
12.559212,132,5375.202189
12.604325,126,5375.87364
-8.225516,142,5379.553752
12.712766,211,5380.526047
14.248109,137,5381.297613
14.979404,179,5384.065426
10.832868,92,5385.545435
8.802279,559,5386.878115
-7.9466424,134,5389.486802
11.98068,241,5392.620365
15.572342,160,5392.73083
15.919055,150,5392.730887
10.744549,104,5393.099298
11.0734005,75,5394.020223
13.061394,236,5394.603299
11.810116,55,5400.854975
10.157813,72,5401.367758
14.90014,160,5402.25303
12.81592,107,5405.017663
10.9665785,150,5406.619639
14.641511,129,5407.400807
12.933611,120,5407.771592
15.131071,135,5408.224483
11.006752,68,5408.666916
14.630819,282,5412.635292
12.756217,231,5413.204272
12.407585,345,5418.771573
12.565306,93,5419.226205
11.769652,130,5419.794497
14.340838,112,5420.450666
14.075958,162,5420.686572
13.439236,128,5421.145431
14.776772,135,5422.675809
12.5051155,519,5423.239442
15.327003,155,5425.784721
13.130514,115,5426.190414
10.738301,48,5428.065947
11.77921,70,5428.52653
13.17787,80,5428.756008
13.427126,98,5429.796791
10.912876,38,5434.015405
8.640219,100,5436.927318
12.3086605,128,5437.66215
-9.925632,83,5438.115301
11.808384,178,5439.253075
14.159897,162,5439.356536
14.432713,170,5439.579021
13.242547,348,5440.740448
11.651331,68,5441.787358
12.942399,120,5442.128111
12.130123,83,5447.120503
16.255203,200,5448.809521
8.530017,65,5449.507452
15.615461,190,5449.638929
14.276356,121,5454.584407
10.400845,168,5456.090534
14.528768,144,5458.155016
15.68993,203,5461.297771
13.862635,229,5465.365695
15.398556,162,5465.575908
13.679245,233,5466.182706
11.142688,75,5466.716164
-10.525238,17,5467.512764
16.674442,161,5467.97271
14.513287,116,5469.289084
15.733315,185,5470.514285
11.687918,292,5472.588798
15.93417,239,5475.94261
10.065009,86,5476.374256
12.427468,135,5476.498716
-15.859477,566,5476.729457
11.306942,124,5479.289083
11.322362,80,5481.553243
12.083971,114,5482.145016
10.719972,61,5483.558563
14.66861,146,5483.913822
15.504345,146,5484.35153
16.00411,195,5488.009605
15.103176,128,5490.82306
16.057392,148,5492.92979
15.605261,205,5493.527152
10.750687,95,5494.510576
12.452419,87,5497.680221
14.11927,146,5498.409614
9.766163,158,5499.172494
11.620783,72,5500.974668
15.387853,225,5501.085603
-9.673002,158,5501.191437
-12.397845,103,5502.328863
15.284599,166,5502.883168
11.170502,41,5505.603082
12.998302,126,5508.650083
10.79868,35,5509.504257
14.577288,120,5511.104147
10.961276,178,5513.260724
13.902178,179,5519.032839
-10.202688,7,5519.778898
14.360274,160,5520.626968
15.493016,167,5520.834643
12.12438,107,5521.272824
-16.118412,600,5521.716323
13.213146,224,5523.276881
-10.2880745,25,5524.118986
14.572751,122,5524.695389
13.125654,222,5525.867885
10.620014,57,5527.026904
12.5945835,167,5527.1649
10.19569,64,5528.081865
10.330985,60,5528.520779
11.197522,73,5532.430192
10.957328,96,5535.587806
15.180698,165,5538.459175
13.972106,529,5538.459237
11.660878,108,5539.238783
13.871222,140,5541.746581
10.711929,34,5542.326681
10.693429,386,5544.31708
14.029898,155,5545.551254
14.286904,163,5545.551322
15.282061,181,5548.941794
14.028082,151,5549.374349
14.774475,124,5549.483308
13.86732,237,5550.017821
10.633691,352,5552.794398
-8.141496,78,5554.333181
11.384105,44,5555.03428
11.830435,102,5555.841156
12.800606,85,5647.51305
11.577345,107,5649.866038
15.987053,210,5651.283051
15.425722,164,5652.395388
13.874446,199,5653.032622
13.462577,104,5654.309027
13.406451,251,5654.993927
12.662413,113,5656.718992
15.226547,248,5657.793377
11.804135,82,5658.769975
15.023201,216,5661.340725
16.111317,183,5661.580586
11.33348,39,5662.145485
-10.239185,5,5662.711779
13.791455,115,5665.051147
15.441843,129,5668.668142
14.924667,125,5668.890169
15.613248,193,5672.650017
14.835732,153,5673.798699
-8.671849,191,5674.253205
-8.626762,257,5675.956357
14.76185,164,5677.092176
-10.241084,39,5678.581417
12.871224,166,5680.177255
12.663687,135,5680.177308
15.579491,165,5681.206068
11.271384,74,5682.115809
13.166952,102,5684.200859
12.663142,224,5686.565836
10.226772,99,5689.848903
11.852532,87,5690.077274
14.679852,127,5690.413852
-9.262499,195,5690.874069
11.960591,114,5693.130658
10.79963,41,5695.533286
14.238178,134,5697.349716
15.130335,189,5698.589321
15.055644,133,5699.21508
13.595453,175,5701.024094
14.174141,303,5702.887148
15.342425,133,5705.443388
16.360392,181,5707.035918
-0.7574933,600,5710.766454
11.5276165,92,5711.418616
11.923698,83,5712.228598
13.921352,126,5712.780404
14.629227,178,5713.247047
13.630443,151,5714.374416
15.225635,202,5718.235458
15.088953,171,5718.462401
13.157013,90,5720.86567
13.025847,295,5723.113948
12.391793,162,5725.237649
12.8522625,101,5725.680465
16.225716,207,5728.713261
15.015499,180,5732.38381
13.40381,115,5733.765655
14.064984,110,5735.470616
16.288097,202,5735.946474
12.585766,75,5737.221403
12.702309,110,5737.667439
13.604429,110,5738.146111
15.462005,238,5738.277558
12.961906,183,5739.104726
15.126919,188,5739.407982
-10.0487585,40,5740.445837
11.080844,37,5741.323083
12.5387945,85,5741.9563
12.286436,74,5746.501551
12.127354,63,5746.501613
4.090323,524,5749.028387
10.180104,137,5749.147614
13.217009,102,5750.528145
13.242019,339,5750.888305
11.946439,56,5752.743844
12.193678,159,5753.268702
12.013775,56,5755.351311
12.412623,170,5757.055193
12.510178,80,5757.964725
14.252709,159,5758.202531
14.764953,167,5760.003645
13.398577,92,5765.771884
14.864903,140,5766.23654
12.250936,75,5768.547784
10.588417,94,5768.646748
11.209149,144,5769.551142
14.062319,298,5771.134985
10.867857,36,5772.722419
10.780304,44,5776.073029
14.685703,218,5777.273229
15.76652,176,5778.08384
-9.932299,244,5778.316877
12.077945,92,5778.892126
10.766476,310,5781.428874
15.452526,223,5782.352251
15.405901,164,5784.402488
14.351234,169,5785.349846
11.318107,65,5785.661673
15.793331,179,5789.750006
13.436926,98,5789.952337
10.2592,70,5792.226342
14.701902,176,5792.553856
12.684883,96,5793.138322
13.143391,140,5793.935861
12.814154,150,5794.290974
12.921106,92,5795.74333
14.790369,131,5796.193424
13.745323,123,5799.554202
14.388115,514,5799.900062
15.8651905,222,5801.165925
-7.787128,66,5803.634382
11.483469,70,5803.63445
14.630798,143,5806.098895
9.167477,40,5808.183313
13.007367,147,5808.841988
14.852447,141,5810.239762
11.866787,166,5811.411607
11.345557,84,5813.266929
14.235064,212,5817.986901
11.110752,70,5818.191175
15.21423,222,5818.318579
14.355219,175,5821.003739
12.99219,199,5822.429503
12.157654,66,5828.363192
14.147863,217,5830.67227
15.9950905,202,5831.65514
-10.978795,217,5832.723663
12.529411,95,5833.17666
13.334411,154,5835.469189
15.278017,205,5836.24138
16.041594,222,5836.352288
10.751158,99,5839.452712
10.308461,212,5841.708581
14.010336,223,5843.309467
13.752327,133,5850.472888
15.391367,184,5851.34476
14.425321,191,5854.64833
11.248671,110,5855.753066
15.771709,185,5857.057881
-3.157165,600,5857.433431
10.993465,141,5857.652931
15.806195,181,5859.93647
10.527103,40,5860.264033
14.721208,224,5861.658967
10.0032215,72,5862.808435
13.824764,119,5864.88256
-1.6554166,600,5867.342264
9.549382,43,5867.681384
14.7543335,176,5870.316167
13.325474,125,5871.259989
15.967934,159,5875.421566
12.946761,95,5875.532249
14.1442995,151,5877.347025
12.280054,56,5877.581806
15.432957,172,5879.325161
13.340471,243,5885.142064
13.550205,485,5886.430748
13.672792,174,5887.349551
13.233808,136,5890.761463
11.179612,46,5891.520687
15.088552,192,5892.005671
14.94554,148,5892.242591
15.994614,190,5899.025227
10.862148,179,5899.579996
-2.5952172,600,5900.399119
12.025976,115,5903.770815
15.112234,333,5904.921251
15.754473,158,5905.152388
11.435101,56,5906.6852
13.004973,195,5907.150392
14.41091,146,5908.771515
10.489175,58,5910.35859
12.314207,107,5911.135448
13.359998,153,5916.871254
12.860438,117,5918.127514
12.94258,131,5919.903902
15.773138,253,5920.159956
10.79673,258,5921.198167
14.017082,105,5922.210623
13.967571,138,5922.318322
11.218876,74,5925.254455
16.134552,170,5926.481096
11.255706,58,5928.859363
15.16588,179,5929.095092
-2.2061548,600,5929.563044
11.885648,48,5932.040082
16.583168,188,5932.615724
13.594792,134,5935.508983
16.085503,165,5936.979418
13.421395,97,5940.161876
11.199164,68,5940.262914
13.468681,109,5941.261182
11.386198,42,5941.705662
15.185902,180,5941.705714
11.136967,33,5943.849583
13.16062,194,5944.460571
14.852876,170,5944.719784
-4.2877207,600,5945.383588
12.365138,123,5945.969925
12.827082,264,5950.007367
11.041715,183,5950.337638
14.83921,139,5951.260548
13.415234,112,5958.524259
15.215689,152,5958.86661
14.471739,151,5961.385261
14.798733,177,5961.64769
15.126753,182,5961.777545
13.302988,155,5962.132715
15.562288,171,5963.101841
13.210651,162,5963.539685
15.457638,219,5964.923002
12.32868,149,5967.107728
13.910143,169,5968.978057
13.621017,107,5970.924461
15.320914,189,5972.52407
11.619404,96,5972.665308
13.9142,125,5975.804818
10.323145,50,5978.138596
13.943534,196,5980.582037
16.087091,169,5982.60295
15.375392,191,5982.929991
11.772442,98,5983.621945
13.458156,151,5984.022152
15.95486,181,5985.208708
12.850169,211,5986.783136
10.311576,64,5987.713013
14.218446,139,5991.210472
9.849406,207,5992.169467
12.245212,192,5992.408684
13.161124,130,5992.640514
10.722977,83,5994.573171
11.493853,117,5996.079637
13.429093,132,5997.348852
9.094866,316,5997.555999
14.6034565,133,5998.999893
14.748572,146,6000.068666
-8.945982,67,6000.301361
13.751114,112,6000.417825
11.9602585,103,6003.013408
14.670429,157,6004.63183
9.933783,53,6006.088351
12.636798,92,6008.136798
13.946644,141,6008.236336
12.824541,136,6010.103929
-8.102121,101,6010.562711
12.431091,130,6012.203086
11.411709,40,6012.705962
12.576187,94,6016.592164
15.69149,158,6018.081162
9.877931,62,6019.097255
14.2929735,167,6019.199933
12.835667,101,6021.784828
10.694216,50,6022.219694
16.143166,171,6022.219752
15.058773,236,6022.649651
14.728716,152,6025.20598
14.969133,185,6025.437792
-9.533764,119,6026.093014
11.181848,47,6027.085234
14.203735,159,6027.888471
12.560732,77,6027.888538
10.82127,35,6029.113354
10.300616,45,6030.4298
9.214175,339,6030.645579
13.767083,106,6030.97592
10.858973,83,6035.430675
13.507616,126,6036.510858
14.47681,129,6037.30831
11.735392,92,6038.37084
-10.490626,161,6040.413284
13.158205,136,6043.248516
11.434407,65,6045.600058
13.319521,152,6047.848448
15.472918,158,6048.348289
10.689342,48,6048.703609
11.432522,111,6049.794192
15.494982,206,6050.390498
13.348985,171,6050.390558
14.143819,143,6051.641293
-9.716021,12,6051.785079
11.362094,78,6058.647091
12.846598,125,6059.809335
13.498144,190,6061.937476
14.2643585,125,6062.051986
14.93547,166,6067.18858
15.683722,158,6068.300702
16.048725,184,6069.499656
14.5338745,165,6070.286718
16.210167,185,6072.709323
12.27578,128,6076.649984
13.030733,112,6079.908144
12.648588,74,6081.116011
13.708925,202,6081.556471
11.897001,52,6082.466751
-9.35662,182,6082.582196
14.376867,140,6084.205276
11.858668,144,6085.901726
-4.223749,600,6086.006751
10.924343,40,6086.103032
-8.188803,165,6089.019923
-7.696721,268,6090.165043
12.10097,100,6092.433341
12.15165,90,6092.665339
7.975746,586,6095.504348
11.699178,102,6097.643493
12.90451,131,6100.858779
12.801357,108,6101.309515
15.667049,202,6102.807218
12.798277,152,6103.149229
15.590437,175,6104.046398
-0.61093545,600,6104.489527
15.030281,141,6106.213585
-11.456525,138,6108.372083
12.718277,70,6111.889246
11.733038,97,6115.377403
15.1405,204,6115.487088
16.096954,178,6115.589636
14.310684,130,6115.916647
14.278902,119,6116.144444
14.439018,130,6117.664666
10.424755,22,6117.794394
12.987173,155,6118.211209
14.5455265,189,6118.932284
14.466983,134,6121.248864
9.1386,355,6122.688437
10.280434,84,6125.085537
13.312563,126,6126.108588
12.82613,120,6129.540984
11.356264,126,6129.754084
10.225196,40,6130.631382
13.430561,114,6130.631438
12.795111,94,6131.843995
15.467508,160,6135.920959
14.340851,172,6137.670383
15.663313,219,6140.811604
12.752067,144,6141.285202
8.425812,300,6142.062539
11.444235,121,6143.09674
13.615883,121,6144.228384
13.264819,121,6145.457371
15.323212,188,6151.753481
13.466333,116,6154.347711
15.51747,152,6154.783159
14.4497795,133,6155.827524
11.891785,121,6156.755074
10.78348,53,6157.770689
14.608429,159,6160.044502
14.56838,136,6160.817336
11.959813,68,6164.415036
-8.855402,256,6164.739551
10.997585,94,6166.465342
10.346852,24,6167.520141
12.708849,91,6170.36596
14.817502,153,6171.765051
12.341104,60,6173.299755
15.1816845,172,6174.388327
14.883608,137,6176.417193
14.139105,164,6176.417251
8.104097,290,6177.176605
12.151709,100,6179.00403
10.920618,57,6180.844315
14.559447,170,6183.81209
-15.946393,600,6186.806622
13.382644,169,6189.524568
-3.8906276,600,6190.549852
12.382388,175,6191.533064
14.737501,163,6191.793353
15.577412,143,6192.595481
14.887707,152,6193.679976
14.073718,150,6194.127008
13.292138,147,6197.519217
-11.806018,600,6197.626329
10.59974,65,6197.960274
10.138691,58,6198.194406
12.941378,90,6202.054747
15.652065,156,6204.52363
15.171469,164,6208.147533
14.578009,216,6208.274078
12.589091,132,6298.733364
-10.007831,5,6299.308343
15.013632,181,6302.836512
11.539503,142,6303.264566
14.253281,144,6304.179057
10.576923,54,6305.427437
15.665442,187,6308.452491
14.562159,156,6309.363375
11.274708,233,6309.704205
11.791083,114,6310.798152
13.03209,121,6311.451439
12.031327,74,6311.54955
13.550484,128,6317.229796
10.489361,22,6319.638975
13.606194,100,6320.50612
13.102249,99,6322.634165
14.041819,154,6322.760217
10.486357,99,6322.760276
15.1127205,175,6323.837419
9.818175,122,6324.498765
10.589368,25,6326.58473
11.840046,57,6326.929481
13.097011,118,6332.868997
-8.976921,600,6336.264063
10.549888,48,6338.305259
11.911012,109,6338.872428
13.414785,155,6340.080821
15.20009,156,6340.185658
14.042912,144,6343.092752
-32.160133,512,6345.255758
15.304681,209,6347.921633
10.643899,45,6348.148063
15.727127,232,6348.593797
-12.926514,105,6351.90887
11.376972,544,6355.339095
11.659115,46,6357.13325
12.923964,82,6357.358737
15.395004,160,6358.051805
12.673584,185,6359.026613
9.593021,446,6359.714974
13.908283,198,6361.089009
13.661467,131,6362.643694
11.554955,73,6363.539299
14.352343,182,6365.653764
11.416176,44,6365.983586
11.888161,50,6371.258037
15.513977,142,6373.299734
13.261154,90,6373.642336
13.895773,223,6373.642389
13.359001,109,6374.94758
12.741508,145,6375.4015
-7.203611,600,6375.835954
13.824643,93,6376.508371
15.132466,161,6377.854016
12.898923,203,6380.860316
-9.333255,86,6380.979633
14.088663,164,6391.792433
15.249653,151,6392.837176
16.559399,178,6397.920369
14.273361,220,6398.504094
8.97186,217,6399.395509
15.16361,221,6400.263542
11.903197,180,6401.264671
11.0948715,190,6402.293542
-3.0484633,600,6403.752261
14.938228,128,6406.182058
11.231399,71,6407.342636
9.001275,280,6408.032579
11.188413,136,6408.135535
10.478655,325,6410.352326
11.084923,71,6410.352386
12.152742,84,6410.7696
14.475581,160,6415.908951
11.950827,59,6416.93298
12.440309,132,6418.692269
12.2350645,114,6419.148013
12.201181,167,6419.148086
11.828269,77,6419.502961
13.980263,104,6419.96366
15.112165,191,6420.071488
12.263134,92,6420.748978
-5.55389,600,6424.908839
12.205734,80,6426.121338
12.1300125,97,6429.782294
13.091585,146,6432.60115
13.452042,223,6433.334218
14.679472,130,6433.88141
15.047289,142,6435.257834
12.678302,84,6435.624222
15.434339,147,6436.673414
10.424573,24,6436.67348
10.420193,29,6438.880449
15.10169,176,6439.407885
10.82764,47,6441.939129
14.430256,209,6444.358288
12.036826,50,6444.460105
10.688528,345,6446.387335
14.637287,171,6451.891314
13.593431,136,6452.021755
15.339329,155,6452.82001
15.532438,175,6453.141574
13.8832855,139,6457.502767
12.934142,162,6457.625574
13.799084,151,6461.221705
14.739834,146,6462.720754
9.835834,189,6465.681351
14.2183895,133,6467.541307
14.741846,144,6467.985381
16.144682,172,6471.1251
16.025639,169,6472.10923
13.496152,135,6472.871932
15.5827675,162,6475.840233
12.716917,67,6483.505362
13.749252,104,6483.95489
14.77467,208,6486.442896
-9.978824,600,6487.97553
15.856991,216,6492.330055
12.375695,212,6492.33011
14.27533,172,6492.549963
-2.4889467,600,6492.810706
14.777797,256,6494.906715
-4.170375,600,6497.577067
10.102458,159,6501.398599
12.551841,147,6503.006052
12.024232,117,6505.390611
15.080898,310,6506.301872
10.638418,110,6507.150835
14.42941,109,6509.792927
14.415977,166,6510.945622
11.368482,78,6511.883152
14.578971,183,6513.08203
-10.415893,206,6515.847671
14.781368,154,6518.715783
11.592088,82,6522.24506
13.134081,137,6522.583521
14.208591,115,6523.74733
12.302691,368,6525.342547
15.389345,181,6525.672945
13.702637,100,6527.074675
-5.56022,600,6529.00132
12.165499,180,6529.890959
10.927666,56,6530.000972
15.657282,207,6534.979178
12.015227,271,6536.602738
12.960964,111,6537.719249
12.437804,85,6538.530827
14.628008,168,6540.974979
14.761467,209,6542.092306
14.769476,206,6545.514327
14.347803,108,6548.766259
14.804119,231,6551.644933
10.902517,161,6553.109645
-8.716194,600,6555.47155
13.35452,154,6556.091209
15.04366,129,6556.864853
13.824165,191,6559.474786
10.355978,139,6561.46299
13.446064,113,6561.664912
15.151791,201,6563.810418
11.514799,82,6564.722918
-11.753328,336,6564.954676
9.179576,137,6568.746546
-9.281235,156,6573.743882
14.608606,159,6574.849096
13.687195,157,6577.216479
13.144495,157,6579.209584
11.860943,51,6580.589059
8.116961,178,6581.788427
12.982403,127,6583.03166
14.50378,176,6584.922744
12.271639,183,6585.478327
13.205591,107,6589.291638
13.320553,94,6589.859462
11.368137,53,6590.897402
12.35299,74,6591.43849
11.36051,558,6593.053481
11.430993,43,6596.278531
9.117052,598,6597.631263
13.50416,160,6599.867761
10.685308,240,6600.783569
13.610754,132,6604.698265
11.875987,76,6606.14294
11.451997,59,6606.478238
12.756107,294,6613.770221
15.427027,168,6615.324657
14.062325,237,6616.103833
10.446801,583,6617.667217
12.586868,107,6618.63085
13.432876,159,6618.746392
12.576628,150,6621.663689
15.092413,154,6623.537127
12.867916,77,6626.192868
-16.015263,561,6627.110552
12.961003,106,6627.110606
10.835507,90,6628.618905
14.485779,175,6635.609364
12.541266,102,6637.639219
13.320409,108,6639.234381
15.4252,240,6640.75084
15.482557,161,6641.660474
14.53488,166,6645.733938
10.466512,60,6648.391281
13.746252,114,6648.495079
11.442039,268,6648.831771
14.224895,108,6649.87981
9.4371605,531,6650.67452
-1.9755175,600,6653.116908
13.003723,77,6657.1485
11.435524,79,6657.501715
11.366148,62,6660.157831
-4.3912525,600,6660.686354
12.840562,108,6661.144629
14.280253,193,6661.144686
10.961636,43,6662.057739
13.655271,364,6662.748044
14.385933,198,6663.212479
13.664438,119,6664.191962
14.467085,126,6664.192012
12.371922,218,6670.505061
14.066792,136,6672.905357
11.793945,117,6673.351635
10.034299,82,6673.492805
13.382201,109,6675.089458
-10.492363,42,6677.680664
10.357114,43,6678.431742
14.717903,152,6678.431801
14.69783,153,6678.536691
10.452547,51,6679.249548
-8.437111,174,6680.565882
-9.905051,8,6681.496192
14.258196,160,6681.496272
15.05169,172,6681.717669
16.387516,182,6684.992691
10.79224,38,6685.827518
12.105147,59,6686.023841
12.690524,86,6687.569006
14.169261,159,6688.688039
13.777177,148,6692.004487
13.112914,160,6696.457413
-3.072316,600,6696.561287
13.813796,146,6697.825183
14.492283,147,6702.354408
13.951746,192,6703.179495
12.177298,165,6704.175412
-12.656136,242,6705.701395
15.995485,189,6706.040417
14.253927,177,6708.442296
14.462186,151,6708.79915
-8.256183,117,6709.597896
9.827859,301,6712.310771
12.990694,93,6713.729269
13.390606,152,6714.950571
11.843612,90,6715.938118
12.444105,66,6716.298076
10.61247,33,6717.480194
13.254822,284,6719.510893
14.1400175,165,6721.095216
11.198506,63,6723.079875
14.5033455,179,6724.382564
11.977937,56,6725.678259
14.28204,179,6726.272651
14.796352,130,6727.003546
13.141811,270,6727.003619
-10.405718,45,6728.106472
13.8604965,170,6728.773312
14.523468,187,6729.58961
13.841365,121,6729.961872
14.979023,140,6730.750906
11.304281,75,6735.491502
12.721994,88,6736.278587
14.803591,177,6737.33105
13.208736,103,6739.811927
11.804901,94,6740.300844
12.332949,133,6740.850176
10.177535,34,6741.291608
14.591,128,6741.4969
15.21306,170,6743.656869
11.398291,77,6744.234184
13.587975,124,6744.823002
11.046819,83,6749.214144
11.353747,76,6749.425261
11.0786495,53,6749.647335
9.082038,258,6750.171868
12.744025,194,6750.746474
-10.220844,6,6750.85516
14.120293,132,6756.410443
14.062487,186,6757.318059
-10.111314,9,6757.419592
11.992578,114,6757.650144
13.6059265,124,6758.247318
12.645359,76,6759.401007
12.40402,93,6760.059741
10.913241,53,6763.188249
14.18073,199,6763.618598
13.591452,146,6765.557774
10.753299,28,6766.332554
10.219977,327,6766.767887
11.732771,251,6768.542124
13.795764,158,6768.542193
10.690774,195,6771.375268
-10.771944,78,6774.37947
13.8433895,100,6774.948735
13.673959,152,6775.269541
11.794613,173,6776.826391
15.197229,177,6777.462854
11.469714,61,6778.133815
11.473459,51,6780.696911
13.051604,135,6782.057045
13.623418,144,6782.625769
13.737498,130,6783.186782
11.486689,52,6784.109663
12.922407,144,6784.83619
11.916758,77,6786.283515
12.645408,109,6787.607606
10.395087,46,6787.835011
12.024317,287,6791.768917
11.333653,79,6792.123852
13.572621,139,6792.56874
13.338209,173,6793.855339
12.769111,92,6796.540304
11.134686,69,6800.305639
14.090899,138,6800.305706
14.998637,149,6800.89966
12.5976925,83,6801.152608
11.648058,169,6801.152665
13.725691,131,6802.69249
14.489874,201,6803.452073
10.993725,56,6807.54241
13.490372,105,6808.623336
15.2776785,188,6808.950445
12.744253,89,6810.600678
9.836282,166,6811.045496
10.758707,38,6811.920745
11.913703,86,6812.523203
12.815115,118,6813.898132
10.849801,44,6814.025498
12.191157,119,6814.606116
10.995762,63,6820.847987
15.805202,164,6821.987286
11.686442,75,6822.9283
12.226411,139,6824.318681
-10.799471,278,6825.438452
13.763988,132,6826.814555
11.827658,60,6827.712051
-11.057362,600,6827.923501
11.881242,164,6829.036944
10.802059,46,6830.558512
14.5595665,168,6831.352712
13.874422,157,6831.584131
-10.028328,44,6832.612193
-9.006033,302,6835.230665
13.190325,153,6839.168224
13.708904,141,6840.07698
12.624745,165,6841.444531
12.873263,109,6843.805226
11.713646,110,6844.918712
15.096989,139,6846.919117
11.8607645,78,6848.805874
11.297444,87,6848.915474
14.121771,129,6849.684205
12.233731,214,6850.698329
11.78264,195,6850.835344
-9.351149,206,6850.94124
12.908379,124,6855.359315
11.06813,41,6855.359384
12.370282,125,6857.900446
11.541438,74,6859.335719
14.349969,121,6860.526062
13.887499,110,6861.166574
10.600995,34,6935.481732
13.371768,130,6935.902948
13.711654,120,6936.703643
-10.12145,90,6937.835006
11.474651,221,6942.143726
13.117283,110,6942.595161
12.307982,72,6943.626201
15.310539,158,6945.439808
12.703735,231,6947.953264
13.998057,148,6949.454859
-1.8667151,600,6950.74127
12.390126,119,6951.182573
12.796583,158,6951.295435
13.906189,105,6953.861271
14.578787,153,6953.861339
14.246406,173,6955.338907
10.758711,67,6957.00137
13.61827,120,6957.001425
10.151804,54,6957.216764
12.106083,92,6958.356925
-9.635194,24,6959.984993
12.004094,71,6963.273768
15.028387,191,6963.95574
13.589149,182,6965.902405
12.954544,167,6969.472322
-0.070582524,600,6970.301254
15.46537,169,6970.301311
13.296787,120,6971.870242
13.828914,171,6973.089832
13.573415,117,6973.089886
12.590096,81,6973.089898
10.667535,33,6973.191705
14.88662,194,6975.744629
12.647194,82,6982.345198
11.521757,84,6982.667608
14.693533,174,6982.881781
11.156358,87,6985.443817
14.49417,148,6986.895306
13.504347,153,6987.502946
13.658455,141,6988.981587
11.409806,74,6993.797274
13.501356,188,6994.237355
13.648306,130,6997.466897
15.335934,232,6997.931915
11.347611,86,6998.573211
12.8832035,103,6999.015604
14.555382,149,6999.345646
10.597329,66,7001.170744
9.424884,65,7001.514247
11.490682,171,7001.514303
9.707728,445,7007.020039
-4.8049183,388,7009.509916
11.640601,92,7009.758492
12.327412,101,7010.390619
-11.080318,510,7014.350237
12.551809,119,7014.939883
12.046506,266,7016.834288
14.602224,174,7017.057735
13.393688,151,7018.494969
10.76818,87,7020.176252
15.565207,204,7020.904534
12.532877,113,7022.408068
13.469831,214,7022.61357
11.613306,73,7023.075406
14.5566635,145,7023.322422
13.116704,201,7023.760347
13.345358,133,7024.451931
12.148746,76,7031.009548
11.473959,98,7031.259726
13.94975,128,7031.497841
12.219613,131,7031.607976
10.564214,83,7032.094686
13.733407,170,7033.596767
13.951725,156,7036.199024
13.365254,145,7037.289336
13.26458,125,7037.289402
13.790707,130,7038.576242
11.876342,147,7040.021142
15.205908,161,7042.691793
10.283102,51,7043.042951
12.691185,128,7045.513953
11.78325,66,7045.941451
14.161562,121,7047.148046
14.283512,161,7049.397136
10.782925,37,7051.273753
-8.788549,111,7052.383038
12.636724,136,7052.490214
14.372522,156,7053.621656
15.231771,235,7057.856633
12.960707,231,7057.971817
13.798314,122,7059.55498
14.542933,158,7060.407288
14.258394,155,7060.407343
13.476267,104,7061.046612
15.254892,149,7062.175339
10.775618,66,7067.737711
12.684946,331,7068.808303
10.482879,21,7070.191854
14.730761,158,7070.297913
12.194582,154,7071.013949
11.056923,116,7074.10919
14.347902,136,7074.918465
15.207754,214,7075.418603
14.242128,170,7077.021897
13.76042,230,7078.210315
14.482961,180,7078.210373
12.493437,104,7080.498188
10.70147,32,7081.882305
12.9746,105,7082.10309
14.387221,184,7082.921938
13.508692,117,7083.385911
12.444279,93,7085.346256
10.921572,73,7086.44109
12.589866,245,7087.907491
12.72717,125,7089.362372
14.330629,192,7092.507116
12.962644,117,7093.645106
15.645185,175,7093.744993
11.86607,98,7093.850372
13.504896,151,7093.981623
11.663256,64,7095.147468
13.415407,124,7097.25123
13.359798,159,7099.734132
11.385302,55,7100.068444
14.747585,164,7100.521242
12.986137,82,7101.779569
12.4060955,87,7104.92357
11.62258,69,7105.03271
13.627817,105,7105.515228
14.57918,183,7105.993754
13.625235,118,7107.105703
12.619376,74,7108.923104
12.253715,83,7109.172775
9.920155,41,7109.630297
13.792705,113,7112.994927
10.955498,34,7113.103551
15.331699,170,7113.356687
14.6174755,222,7114.632816
13.395706,144,7118.293537
12.889748,87,7118.955329
12.269352,116,7120.388566
13.238011,118,7127.886882
14.6289425,135,7128.222326
13.6283865,217,7129.691504
15.198776,145,7129.69156
13.382186,123,7132.047115
15.277216,242,7133.429464
11.05778,62,7134.870224
13.004895,262,7135.215566
15.957445,199,7135.544974
14.388172,162,7138.609475
12.661285,274,7140.575113
15.07958,194,7140.689186
13.6636505,113,7146.081439
12.942858,103,7147.092561
13.56469,173,7147.657343
13.580967,164,7148.149616
14.286659,126,7149.07115
12.922258,201,7152.240345
-8.366622,600,7154.172765
13.326783,170,7154.296325
12.744043,144,7156.808769
10.71058,223,7157.174493
12.575262,92,7157.545249
14.935247,173,7158.115157
11.3121805,106,7161.008405
10.698115,36,7161.221872
14.164673,202,7163.479508
12.841628,100,7165.639223
13.622569,174,7165.750022
13.056572,194,7169.592089
14.545578,160,7170.375885
12.190293,114,7170.375946
14.4697,134,7173.2414
-11.67982,237,7174.941798
12.081718,122,7175.041857
12.462901,154,7178.442327
13.24887,138,7181.359208
11.225437,99,7181.602982
14.520256,172,7182.897748
14.612171,135,7184.812953
7.8643637,297,7187.682944
12.494362,122,7188.629823
10.074341,65,7190.076324
11.511239,79,7190.076374
15.420986,180,7190.499776
13.46002,94,7191.935836
12.688155,76,7193.129041
15.588903,178,7194.673936
10.615258,164,7196.596264
15.354977,211,7196.711943
11.141286,56,7199.348321
10.336246,52,7202.344014
-17.90708,414,7203.115749
10.567482,62,7203.540849
11.943884,123,7203.667689
14.163185,165,7206.855851
14.820814,153,7206.966819
13.827431,149,7208.438739
13.301727,128,7208.894283
11.940208,173,7209.687397
10.613146,81,7212.139891
11.059178,44,7213.876147
13.0211735,93,7213.983717
13.018398,143,7215.331368
12.67825,76,7217.039408
10.643852,71,7217.698282
11.778089,141,7218.167793
12.505029,108,7219.079486
11.922972,59,7220.664311
13.376886,170,7222.747243
4.743551,539,7225.92042
10.358451,39,7227.133366
12.295741,92,7228.056943
15.3834715,154,7229.466727
10.659946,91,7230.806509
12.128373,223,7232.046565
10.995516,152,7232.406286
15.191689,144,7233.165034
14.486492,153,7235.262567
12.318426,56,7237.097628
15.294911,191,7240.450169
13.664293,124,7241.034617
13.0331,121,7243.014559
13.422073,146,7244.39247
15.242544,173,7245.288969
10.601547,31,7246.515705
6.1388526,297,7247.184812
14.104834,120,7248.771412
15.259407,169,7251.283131
15.361601,174,7251.483864
10.533141,62,7253.390791
13.114341,113,7253.662088
-2.7547035,600,7254.709357
14.1446295,193,7254.808883
-9.611767,16,7255.266592
11.561623,92,7255.615164
10.30247,41,7259.533656
15.031543,156,7262.050544
15.596359,195,7262.488508
12.706875,79,7263.723199
15.749698,237,7263.839156
12.574597,154,7264.644622
13.801962,154,7266.221727
12.695936,132,7266.327863
12.513935,108,7267.922962
-10.03181,2,7268.150043
9.986289,71,7270.453412
12.089043,73,7271.928583
11.367436,57,7272.715327
14.650137,184,7274.550859
11.651445,86,7275.820786
14.76788,188,7276.533548
14.678146,223,7276.76489
15.274424,155,7276.963284
11.621975,65,7277.776093
15.0434475,144,7278.250427
12.518703,85,7281.521468
12.285068,131,7282.94926
11.537574,47,7283.188019
15.9564,173,7284.217198
12.573587,97,7285.645448
15.5874605,196,7286.113613
11.848604,96,7287.735041
12.831654,115,7289.639169
11.567629,53,7290.216636
14.2383995,156,7290.456852
12.971741,123,7290.996877
12.925512,118,7291.668361
14.551647,146,7292.477562
11.896951,101,7294.573341
12.236713,100,7297.264689
12.884379,148,7299.503005
13.967587,140,7301.180996
13.33144,94,7301.406547
14.059289,129,7304.604282
14.157167,160,7305.619719
11.416121,74,7309.567217
13.500008,121,7310.748273
12.446553,191,7310.987945
13.171586,178,7312.387251
12.344326,105,7313.310483
14.900551,200,7314.014521
13.567695,184,7315.175673
11.958827,49,7317.896818
14.1067505,144,7320.722936
11.617748,60,7320.722991
13.005987,108,7321.606241
15.469266,198,7321.711559
13.522385,112,7323.229621
13.089539,122,7324.530146
13.129864,118,7328.266906
12.077799,204,7328.396344
12.132345,115,7333.653369
14.996747,185,7333.980955
11.03297,52,7334.222295
9.766059,392,7334.338969
13.011523,136,7337.093499
13.030099,81,7337.671803
12.367703,118,7338.003383
14.325645,164,7339.227727
14.82177,154,7340.698212
10.922474,43,7342.518622
15.2264805,224,7343.108622
9.899456,41,7345.443539
13.873196,131,7349.024752
-10.190026,600,7349.256025
13.256264,117,7351.383142
-9.63536,27,7352.055448
12.864691,80,7354.610468
15.340997,188,7355.755022
14.852785,201,7356.613005
14.700634,160,7357.523541
15.081108,204,7357.632014
13.296026,136,7358.107001
15.049658,199,7359.831638
14.497417,182,7363.825815
13.364725,118,7365.463389
-12.779111,388,7365.670571
15.567213,174,7368.946583
12.97522,120,7369.300297
11.88139,99,7370.973073
13.487287,121,7371.201884
13.444088,157,7372.351948
11.636871,84,7373.391443
15.237936,196,7373.59023
10.384409,45,7376.272548
14.777721,176,7376.488812
10.875171,52,7378.238231
11.890994,83,7378.374081
13.976263,183,7378.374147
10.995348,73,7379.26612
12.071041,123,7379.385153
14.786935,152,7382.779306
11.113538,131,7388.356884
12.41754,91,7388.485188
13.54323,281,7389.832119
11.3554735,98,7390.366387
14.612555,126,7390.483739
12.457572,108,7390.483805
14.049899,153,7390.620089
13.080944,205,7392.352273
10.384223,34,7394.262661
10.149227,58,7396.227572
13.892854,122,7396.491859
15.233135,185,7397.296569
12.381838,78,7399.291075
10.933972,51,7399.987217
12.492037,187,7400.254531
14.3955145,213,7402.302912
12.4569645,127,7402.745807
10.45281,53,7403.28827
14.04755,115,7403.288337
11.354624,74,7404.850327
12.197739,166,7407.009198
12.680412,133,7407.339292
13.43248,114,7409.24556
12.714596,93,7413.398645
13.793371,203,7413.511663
10.63665,75,7413.511733
11.120976,71,7415.554217
11.745071,116,7416.583639
15.050271,148,7416.938662
12.67362,159,7417.520216
14.852427,138,7418.162265
13.539064,101,7418.706318
10.579735,54,7419.694835
14.920092,194,7422.493232
11.117279,77,7425.847191
11.401199,68,7426.518913
15.039156,157,7427.328604
12.608503,105,7429.536322
12.111067,105,7430.124676
15.996819,234,7430.124732
12.986926,130,7430.486398
14.297481,121,7430.48646
14.176254,151,7430.720802
12.675095,174,7433.510302
12.790619,125,7434.079349
11.511322,68,7434.287778
10.441264,72,7438.590703
12.399667,103,7438.920038
11.653728,59,7440.6708
12.937003,139,7441.625709
13.313407,108,7441.862946
13.835819,112,7442.889915
12.791748,136,7445.906044
13.22006,134,7448.508008
13.686194,167,7448.947909
14.824263,181,7451.081654
-10.186222,2,7451.332855
12.430787,261,7452.027425
12.395693,107,7452.706463
12.635353,131,7456.269252
12.0697565,161,7456.745554
10.6245365,135,7456.959985
12.445077,75,7457.424445
15.122101,165,7457.541845
13.928237,255,7462.917774
10.214534,61,7463.148333
14.461451,141,7464.365709
12.991179,173,7465.275551
11.181368,71,7465.383695
12.694588,128,7467.010031
14.021196,151,7468.29298
11.716025,104,7469.204076
14.299611,235,7469.204134
10.612385,39,7471.409272
14.763952,188,7473.129348
12.250198,90,7473.227247
11.425304,102,7475.758258
13.610737,173,7476.334857
12.043304,72,7477.315099
15.694465,186,7477.66883
11.262155,55,7477.668895
13.234389,154,7482.702332
13.49762,128,7483.732144
14.147303,174,7485.056691
14.630512,172,7487.737381
11.2992115,221,7487.847092
12.43017,134,7488.31132
10.931724,56,7489.943805
11.343284,86,7492.157633
13.870785,140,7492.961896
10.469192,40,7494.340665
13.316847,155,7495.021666
10.957839,32,7495.796349
15.091066,191,7497.251104
14.175631,180,7497.797593
9.971983,42,7558.712403
13.907349,133,7559.497015
12.09867,247,7560.609294
12.9459915,131,7562.008988
11.130839,57,7563.855634
15.333222,161,7565.344806
10.632301,25,7566.719434
13.735385,130,7567.300095
13.383466,118,7567.985098
15.154142,189,7569.108935
11.3607025,62,7569.108993
12.703919,86,7569.214961
13.024496,98,7569.774177
12.1810875,85,7570.241224
9.718049,320,7572.007788
14.819298,176,7575.316396
15.594508,180,7577.219386
12.787727,104,7579.04908
-10.543101,79,7579.165313
12.776138,104,7579.725544
14.533176,130,7580.049124
12.481855,135,7584.366457
14.948959,164,7585.24877
13.846023,140,7587.820892
12.907827,172,7589.235578
14.10606,182,7589.703344
13.182849,92,7590.189908
12.859434,99,7591.346997
-9.756194,62,7591.464444
13.762365,143,7591.567011
14.405954,201,7592.007809
10.842636,62,7592.339429
12.382296,182,7597.78871
13.547461,90,7597.992234
11.552343,79,7598.557478
11.24687,64,7599.466021
12.473524,98,7601.234268
14.742482,200,7601.787439
12.895258,92,7602.372483
10.719395,34,7603.391676
12.898882,130,7603.95727
10.378093,50,7604.255975
13.473988,137,7606.73513
11.217737,67,7609.925868
13.04574,94,7612.401251
9.943,75,7612.74015
12.300617,135,7613.328143
12.378094,88,7613.889819
13.087163,95,7614.13065
14.928291,205,7614.679328
13.873703,164,7616.294978
13.317499,137,7616.640311
12.205223,64,7617.072155
11.948981,115,7619.67479
11.061266,40,7620.760769
10.396949,40,7621.560624
14.112774,269,7621.664258
10.416623,47,7621.884223
10.671335,48,7627.148659
14.253923,130,7627.937609
12.2934475,140,7629.603195
11.116025,32,7631.533921
15.505983,177,7632.322658
14.049781,175,7634.35857
14.087875,193,7634.492173
13.079159,113,7634.727392
12.990962,118,7634.941864
14.699354,187,7635.199628
14.616458,149,7637.712505
15.926481,170,7638.951541
11.97843,85,7639.301727
11.205341,55,7641.285286
11.366529,55,7645.342214
12.612807,101,7646.345453
12.6915865,171,7646.699054
13.673044,125,7646.699116
-13.254642,600,7647.033684
13.756943,142,7647.817205
14.364509,145,7651.839173
12.443858,158,7652.685256
12.850001,112,7654.171057
15.431582,145,7654.372672
13.809608,184,7655.529951
12.286521,77,7655.530009
11.677194,143,7655.73381
13.517151,119,7659.962985
11.899238,67,7660.289497
9.06612,45,7660.626937
11.564396,82,7661.182362
13.35442,125,7662.058127
15.101765,155,7662.999112
14.627691,167,7665.715353
10.703267,55,7666.155042
13.813575,115,7667.438609
15.176416,180,7667.543606
11.190348,63,7669.218532
12.34348,72,7669.329161
13.089825,166,7678.975241
14.85617,209,7679.079572
-11.843913,228,7679.873793
14.66259,214,7679.873839
15.756557,158,7680.788926
13.329095,147,7682.746655
11.790224,213,7684.716401
12.5828285,139,7684.948699
13.915054,170,7684.948759
15.145111,156,7685.197643
15.356327,172,7686.919432
-9.535628,23,7687.59773
15.257641,172,7688.839384
11.344213,42,7689.736631
13.394261,127,7693.44405
10.990415,81,7693.878547
10.648867,66,7694.319795
13.027162,138,7695.628817
14.275274,148,7696.770748
14.460472,159,7698.941001
14.110056,151,7702.3256
12.423375,64,7702.895565
13.377876,127,7704.202535
11.260159,55,7705.227117
13.755314,110,7706.05918
14.876503,158,7706.823972
14.984438,182,7708.226505
11.264966,54,7711.153145
14.930121,173,7713.85735
12.795076,94,7714.667375
12.2825365,119,7716.24121
14.142652,127,7716.581878
10.563293,39,7718.192316
12.434034,109,7718.920013
-13.453155,360,7719.856628
13.040449,246,7721.740628
11.807275,105,7723.016546
13.150428,157,7723.591238
12.593217,167,7726.930929
13.604237,122,7730.32903
12.667634,126,7732.520997
13.102316,85,7733.209729
14.75993,135,7735.119404
11.733534,356,7736.880411
14.6929655,209,7738.228728
12.957182,172,7742.347205
8.38644,530,7742.591867
14.848867,221,7743.815711
12.977329,126,7744.492053
14.408258,159,7744.835797
6.9800906,240,7748.68847
10.761403,46,7749.018113
11.799372,58,7750.988187
14.607632,166,7751.120445
14.200072,182,7753.571128
14.489281,141,7754.038083
15.252962,175,7754.693089
11.0262165,45,7755.96995
10.170855,123,7758.507678
15.332582,144,7758.608866
14.084364,147,7758.72365
12.220076,97,7759.369996
11.343614,52,7759.756801
12.898682,120,7764.510056
11.256437,51,7765.154098
13.510389,109,7765.744439
14.818869,154,7766.206392
12.910675,119,7768.032688
11.964634,87,7768.474882
14.011642,113,7771.323982
11.330731,51,7771.570446
13.269875,316,7772.353523
14.744955,146,7772.479299
14.598829,126,7773.017089
13.23876,107,7780.658795
11.075764,132,7781.210058
12.742891,88,7781.58248
14.449827,195,7781.926797
15.983498,166,7783.434781
-19.234983,600,7783.874207
14.3919735,152,7785.343594
12.3432455,136,7787.821825
15.814994,161,7789.660381
10.923757,41,7790.015315
13.705353,162,7791.493879
13.191223,106,7792.752479
14.544528,179,7792.859388
13.525445,132,7796.604072
13.90019,121,7797.148597
12.056306,65,7797.34594
14.190805,143,7797.475067
15.417345,180,7802.294145
10.36288,109,7805.145182
12.738972,91,7806.773239
12.202216,84,7806.875071
14.411393,212,7807.754654
13.156866,180,7808.112939
13.78043,143,7808.777709
13.675543,108,7809.232188
15.643644,181,7810.025517
6.6225557,399,7810.33706
12.253239,82,7811.496513
14.421948,178,7811.496566
13.437775,144,7813.530805
11.1814995,56,7814.389437
12.718038,94,7815.67984
13.319844,97,7819.812955
10.956491,86,7819.81301
13.258776,88,7820.423927
12.293143,88,7821.52774
12.836037,151,7823.888785
11.028756,66,7827.23148
14.6466,173,7827.338477
14.346256,165,7827.894418
12.644856,151,7828.592382
13.380601,129,7829.073288
13.339176,144,7832.018099
11.091654,40,7832.495524
12.01051,110,7832.832886
14.206239,141,7835.740216
15.244342,215,7837.900415
11.01475,126,7838.105088
-5.9623675,159,7839.424922
11.702666,112,7839.865789
15.172812,162,7845.634794
14.236458,150,7845.990182
11.532016,77,7848.590539
-6.2916875,130,7850.39202
11.665115,47,7850.952095
12.616495,107,7851.522922
5.5620894,211,7852.411302
15.449993,182,7852.98685
15.378508,194,7853.878929
14.771862,189,7854.124303
10.151089,418,7854.124365
15.317675,178,7857.895001
10.939408,35,7858.001128
12.229035,95,7859.309438
13.286827,132,7860.893076
12.327946,63,7861.233542
-9.220271,35,7864.949887
13.809229,121,7865.26292
14.734673,244,7865.692217
11.501044,48,7870.309061
12.401234,113,7870.928531
15.248638,182,7871.033878
15.695841,167,7871.972389
14.901207,172,7871.97245
10.549138,22,7872.846039
15.442468,168,7872.979785
11.10541,70,7873.188076
10.872409,149,7876.203441
12.362065,98,7876.797763
11.095732,43,7877.736438
15.62088,238,7877.951552
10.038379,62,7878.981319
11.514064,69,7880.945875
15.988599,210,7881.709398
13.452239,194,7883.195125
11.188371,41,7883.556502
12.3257675,63,7883.911765
10.299325,29,7886.488689
15.680491,153,7888.302216
14.712398,166,7890.634078
12.138832,69,7891.315514
13.937891,123,7891.561849
10.595805,32,7891.904402
12.556173,92,7892.141413
13.332017,192,7892.619534
13.790432,150,7894.851379
12.110975,73,7898.961997
14.924742,163,7899.419014
14.000312,138,7899.517893
10.04283,135,7901.688503
12.095602,97,7903.059406
-15.612675,279,7904.436012
11.218123,114,7904.800934
11.404595,53,7907.790145
12.849176,151,7908.699285
12.107637,129,7909.533692
14.871786,172,7910.88839
-10.618259,41,7914.139614
12.273382,98,7914.246171
15.069626,192,7914.373355
-10.253148,3,7914.620616
13.917532,157,7916.787533
13.932608,164,7918.172132
11.968433,66,7918.40593
15.755157,169,7918.63864
12.800116,105,7920.631552
10.792171,64,7921.406451
10.774597,32,7922.159118
15.404512,167,7923.409146
12.863604,113,7927.14073
15.533331,173,7927.356128
14.0072155,224,7930.21321
13.980009,115,7931.345174
14.523804,150,7931.577454
13.40271,143,7932.910176
11.488137,106,7934.201586
11.968766,73,7935.475969
12.378801,131,7935.476022
13.110905,131,7936.288249
15.440364,163,7936.642724
12.091933,93,7937.956488
15.4034,166,7942.339938
13.002504,90,7943.195331
-22.184504,600,7944.241216
10.158178,77,7945.086766
14.651365,146,7946.864789
12.559834,169,7950.835071
12.872571,172,7950.945292
14.061412,139,7951.306398
14.122823,137,7952.215908
12.55772,163,7954.001569
13.239264,118,7956.619188
12.469,142,7958.400601
11.67649,181,7958.511257
12.691321,121,7958.751184
12.940437,78,7962.87257
11.9159,58,7963.205307
14.5712385,145,7963.310206
14.420947,179,7964.570066
-12.9944315,279,7965.977739
14.213568,135,7966.315536
11.678057,97,7969.856624
14.492254,156,7969.989435
14.215386,173,7970.594116
13.194751,95,7973.94394
13.29052,108,7975.720996
14.37579,219,7976.396161
15.053387,129,7979.436612
14.764134,144,7979.911678
12.457251,215,7983.179834
14.968138,175,7986.015175
13.583181,148,7986.793807
14.203877,182,7987.096538
14.051748,146,7987.226808
-8.867798,53,7989.173787
15.594001,168,7989.173837
13.0591135,140,7991.433512
11.197955,50,7991.545706
13.762244,142,7992.361611
15.232632,167,7992.721289
11.740386,79,7995.652792
12.805147,80,7996.11258
13.524699,158,7997.318645
14.343026,162,7998.262671
13.574209,117,8000.530227
11.74662,92,8002.110913
11.2778425,63,8003.363082
13.038763,99,8003.716391
11.603676,122,8005.351353
15.184948,165,8007.850599
11.434878,112,8008.450975
13.709929,141,8008.787218
11.974092,120,8010.83359
13.959969,127,8012.527741
13.937099,119,8015.471083
12.947372,86,8017.513159
12.26465,82,8017.62404
15.577076,165,8019.030471
-9.422855,25,8020.286671
13.407498,148,8020.286729
13.301486,115,8021.655082
16.05251,173,8022.830765
14.595161,181,8025.766868
-20.272022,600,8026.588507
11.279006,61,8027.254116
11.939588,90,8027.851221
13.514254,140,8028.446447
12.178546,168,8029.859826
12.867803,84,8029.859897
10.811794,41,8030.431633
13.708913,155,8033.041158
11.948602,104,8033.52792
8.320267,437,8038.665072
13.639559,90,8040.203951
16.035952,192,8041.022374
13.981687,119,8044.101861
11.250212,52,8046.241066
14.64697,171,8046.924308
14.849662,228,8048.919089
13.706686,167,8049.024547
11.338215,76,8049.725634
14.780827,188,8049.956918
13.208859,156,8051.010538
14.630949,220,8051.798072
13.256979,191,8055.406453
10.352678,51,8055.768556
-12.441967,255,8057.00004
13.634697,101,8057.68516
-6.959075,172,8058.375638
13.765693,108,8059.163609
10.823101,91,8059.265927
14.4762,144,8060.519989
14.588525,143,8065.384865
13.048968,139,8065.602208
-7.905394,130,8065.807525
15.202469,167,8070.802223
14.655708,125,8072.631653
14.159494,122,8073.211888
14.399862,158,8073.770018
14.419823,160,8075.247063
15.823132,177,8075.624244
14.433392,150,8076.270045
14.486464,141,8076.587321
12.76576,106,8077.660507
11.173231,45,8077.763923
16.331001,183,8078.540838
12.88823,121,8079.584723
13.317341,146,8081.909149
10.653163,60,8083.070662
12.772016,92,8084.186864
10.773761,43,8084.418697
12.055227,73,8084.849818
13.740643,124,8084.849889
11.809502,83,8084.957594
-9.369465,34,8085.739117
12.476807,81,8086.73694
-9.775484,31,8088.341992
11.166332,47,8090.196831
14.30583,151,8090.196898
11.672883,74,8091.370785
14.332222,131,8092.491393
13.135898,156,8092.82527
12.530386,109,8096.418876
-9.739,45,8096.418934
11.101517,87,8098.058996
13.43652,127,8098.632965
12.846947,130,8099.50245
-10.660974,40,8100.979818
15.209368,157,8103.5137
13.688059,160,8104.880133
12.485992,74,8104.880201
12.297384,65,8105.611204
15.529783,166,8109.16276
11.3611965,49,8110.516249
13.984671,169,8112.072476
14.493682,163,8118.133292
13.812143,127,8119.396274
10.6116085,71,8120.204995
15.872932,188,8120.205041
11.676796,102,8120.745168
14.031834,164,8122.20373
14.315193,119,8123.945174
11.5704155,69,8184.565115
10.878762,69,8185.291967
14.1125765,200,8185.592652
10.616271,73,8187.747412
11.329109,69,8189.080899
13.7087345,153,8192.671367
11.237651,72,8193.316172
12.69799,149,8194.756327
15.170872,157,8195.131184
13.0588875,94,8198.244833
14.3075285,149,8201.095668
-2.3857062,600,8203.601604
14.569115,192,8207.026091
15.144918,194,8210.645433
14.830708,145,8210.857648
-6.684188,117,8211.219324
15.767504,173,8211.907917
14.208497,154,8212.257705
-5.8957767,600,8215.120306
14.468414,133,8215.922826
-7.772126,600,8217.430619
12.222538,65,8217.994959
14.9628525,243,8220.442246
6.1033506,553,8220.552643
13.241187,103,8222.491875
13.321134,106,8223.134741
12.291165,110,8224.609676
14.850983,202,8226.226783
11.9363165,83,8226.780103
10.368631,86,8227.699514
12.660349,112,8227.799008
15.535919,161,8230.091569
12.876478,82,8231.814727
15.151494,221,8231.923365
11.126682,43,8236.686576
12.76573,102,8239.296325
14.022205,215,8240.206925
-9.264974,188,8241.659106
13.524451,170,8242.322114
12.612578,143,8243.779608
15.721518,160,8244.255235
13.906307,165,8245.381028
15.812788,231,8246.634445
15.658822,162,8248.289505
14.909449,219,8249.278263
16.112484,177,8251.708676
12.25001,103,8251.812937
13.916319,127,8253.60707
10.3460455,60,8255.078169
12.849367,109,8256.113416
15.414982,172,8256.113473
11.1243,41,8256.480003
12.499768,123,8259.309993
14.138987,133,8261.71736
14.518526,181,8262.852414
12.140412,86,8263.413917
11.866709,78,8265.030715
13.472124,184,8265.161585
-11.002193,212,8265.702721
12.471385,94,8265.804495
14.452995,153,8266.754088
10.541199,23,8268.526554
12.141418,121,8270.310611
15.170715,166,8270.635659
11.396117,62,8272.111356
11.85206,79,8272.449801
12.014893,74,8273.573798
11.877768,108,8274.027686
12.0726185,73,8274.027768
11.410456,58,8275.087235
12.182582,108,8275.193767
10.750439,26,8277.02669
-7.0859323,183,8277.026757
15.114544,166,8278.320286
13.781591,109,8279.203827
11.473345,61,8280.547992
11.339194,38,8281.331147
11.547007,41,8281.676797
13.777329,104,8283.957316
14.19087,127,8284.749104
13.12237,110,8284.957059
11.834085,111,8287.675685
11.65618,74,8289.694708
13.213627,96,8290.028576
14.83506,178,8290.844471
12.012929,105,8292.379522
15.980366,165,8293.888513
12.375549,94,8294.587224
12.100974,85,8294.587279
15.556545,212,8298.114363
13.087483,101,8299.085672
10.573566,43,8299.391108
11.632861,90,8300.163295
15.5215025,168,8300.633844
14.349387,204,8301.308482
15.166811,152,8301.811585
11.494281,85,8304.09706
13.077565,113,8305.114503
12.632077,110,8306.271941
10.674119,26,8308.134631
16.303722,160,8308.946548
11.792579,69,8312.015212
10.651593,124,8313.434288
14.134246,225,8315.086957
-7.232871,124,8315.323481
11.469983,65,8315.424745
14.256184,124,8315.872474
14.229507,151,8317.237645
12.437883,178,8319.171584
14.56081,164,8319.171639
10.260827,50,8321.505543
10.362357,59,8321.907948
13.897674,126,8323.088514
8.592795,231,8324.093789
15.974728,164,8324.793639
10.4183035,21,8325.488211
12.762939,83,8326.62655
13.425694,106,8327.077998
12.43972,106,8327.432988
12.483064,95,8329.893115
14.214257,182,8332.542303
16.330578,180,8333.82196
11.620866,67,8334.756862
12.811333,147,8335.856316
13.509517,113,8337.548405
13.047567,114,8339.404711
14.827036,164,8340.017106
10.716081,179,8342.110493
14.308685,151,8342.504764
14.618229,148,8344.088256
12.215025,85,8344.197226
13.68155,110,8344.892051
15.253097,186,8345.120142
15.671587,172,8349.261538
14.893898,139,8349.391611
13.304185,163,8354.12358
14.777615,132,8354.332072
12.525006,122,8356.251201
14.1350975,116,8358.112369
13.309668,142,8358.112438
14.405199,129,8358.731359
14.314624,170,8359.178067
13.743463,136,8360.231077
13.011088,104,8361.117699
14.180666,218,8362.119143
13.229048,126,8363.4406
14.172802,199,8366.633332
12.923536,88,8368.228366
13.364737,97,8369.253117
15.7885685,149,8371.059072
13.079476,114,8375.029851
15.41423,170,8375.49623
14.460745,158,8376.644633
15.417137,199,8376.849275
15.102735,157,8376.985427
13.163307,103,8378.270294
11.003703,35,8379.041955
15.622162,157,8381.345205
15.042461,179,8381.448266
15.398346,194,8382.2441
13.691579,142,8384.327373
14.137987,119,8384.529739
-9.929165,9,8385.307205
13.187174,146,8385.723783
11.637472,66,8386.475157
10.139769,65,8388.6176
10.5166445,38,8389.496977
12.537453,115,8389.961649
11.626058,54,8392.609281
12.492333,129,8392.814158
14.4576845,153,8392.814214
15.048574,146,8393.374972
13.455548,113,8397.332628
15.430769,162,8399.780232
11.146244,68,8401.146306
14.528145,177,8402.297792
15.640699,227,8402.423822
12.069489,87,8402.781538
12.269655,132,8403.693519
14.834686,134,8404.785395
11.704859,71,8405.379291
-8.635833,132,8407.867568
14.773066,201,8408.570474
10.965038,48,8409.110981
14.890242,174,8409.840382
12.279142,157,8410.55479
12.705387,100,8413.765716
13.825991,114,8415.218341
11.324184,52,8415.687055
14.723013,136,8416.566008
15.162005,170,8419.121217
13.331813,130,8420.149707
12.451525,97,8420.149759
-7.1834044,135,8420.149769
10.968143,45,8420.805431
11.185163,92,8420.932628
14.860744,162,8421.165461
11.428939,41,8421.298274
10.475252,45,8425.15983
10.954454,60,8425.845944
13.121856,105,8427.074455
14.721153,184,8428.692058
11.583928,77,8428.794719
10.398458,57,8431.552163
15.138834,179,8433.916633
13.068772,117,8434.356072
12.754578,242,8435.76705
14.559813,151,8436.985648
13.329409,124,8439.711436
15.900665,170,8439.92356
12.772807,102,8440.055601
10.668545,66,8441.716392
-8.9345045,99,8442.66329
13.980279,204,8444.068699
10.440734,48,8445.214058
14.67391,169,8446.066857
13.701128,115,8446.817024
9.992541,237,8447.353895
8.634772,127,8451.260533
10.010437,42,8451.489808
14.515814,147,8452.257913
11.614753,59,8453.98005
14.12664,229,8454.400536
14.509653,128,8454.400611
11.304339,76,8454.535404
10.87985,30,8454.664978
12.327855,92,8455.421398
12.859774,156,8459.256706
11.089308,47,8459.952706
12.364124,83,8460.837522
14.454956,152,8461.062804
12.24874,64,8461.713837
15.634947,200,8462.425132
12.646915,97,8463.171312
11.451026,78,8463.171363
15.188345,191,8464.071671
10.542213,54,8466.732322
14.170897,145,8470.405634
11.51349,93,8472.530909
15.482609,169,8474.090825
13.8576565,103,8474.410831
14.41198,198,8475.897101
14.199551,156,8477.099147
14.981487,137,8478.209148
13.61314,174,8478.414936
12.09669,154,8478.647056
10.46652,48,8479.77036
12.52133,150,8483.310823
11.3540325,61,8483.86367
11.913039,73,8483.996608
14.624971,217,8485.0135
12.127214,66,8485.566463
15.34635,203,8486.438369
12.039867,120,8487.489334
11.946645,95,8489.052444
14.27924,168,8491.287296
13.074521,195,8492.164425
14.080919,146,8494.925217
13.700264,138,8495.130217
12.748675,101,8495.235643
12.167509,73,8495.583716
13.476715,131,8498.447737
14.279724,138,8498.683243
12.438653,112,8498.920326
-7.5875382,142,8501.394789
11.330429,153,8502.035982
14.308994,149,8505.553032
13.577189,144,8507.251041
13.525085,90,8508.716008
13.121198,122,8508.818691
12.442614,103,8509.938085
14.362349,130,8510.064132
10.466308,28,8510.404857
11.593668,173,8511.400674
13.147957,95,8512.623952
12.329957,126,8512.991178
15.044884,160,8512.991236
11.349009,39,8513.127333
11.343178,71,8513.577138
11.268811,49,8514.392778
15.052761,176,8514.63586
10.502302,38,8514.738605
11.58031,120,8514.843002
10.53981,46,8515.174548
11.016582,45,8516.547512
11.547981,55,8520.565519
13.966667,138,8525.512995
13.732452,124,8526.939571
13.411016,98,8527.397714
14.161839,135,8527.695327
14.5183735,150,8529.729911
9.39993,156,8530.419509
13.772327,152,8532.104424
15.0969925,166,8533.140876
14.457069,176,8534.521678
16.463676,178,8534.650257
14.436216,129,8535.003582
14.842736,192,8535.130711
10.798935,118,8538.963492
13.230494,104,8542.257264
14.792664,137,8542.496334
13.951565,143,8543.947793
11.338277,57,8545.267226
14.308087,176,8547.231186
14.583281,159,8547.693183
13.369394,122,8548.369495
12.640217,123,8548.369549
12.35131,151,8549.1916
11.192691,58,8554.32409
14.949532,170,8554.324164
10.703326,76,8555.97105
15.300497,186,8556.075485
10.098781,69,8556.317036
15.215559,205,8556.420329
12.436612,127,8556.876838
14.556583,160,8560.241464
11.11218,63,8561.347222
12.723662,131,8563.211821
11.734057,61,8563.211881
14.365453,134,8564.311367
11.776319,181,8564.311423
12.336388,85,8566.324737
14.1188545,192,8566.905382
12.481741,78,8569.030911
11.011244,59,8569.824343
11.562569,63,8571.396026
11.2147875,48,8572.284856
15.634026,160,8572.284917
14.516986,149,8572.936311
12.845116,95,8573.86617
12.344573,105,8576.127266
11.801684,187,8577.089018
13.000357,144,8577.655385
12.315613,88,8579.813424
13.074349,223,8581.015975
11.803715,85,8581.925845
11.335174,51,8583.348581
14.736073,167,8585.188518
-10.052102,124,8587.075819
14.308801,144,8587.772678
15.191491,167,8588.026022
10.838791,90,8590.043845
14.228393,157,8590.181574
12.184634,126,8591.375112
15.351592,162,8592.280792
14.459204,161,8594.424896
12.128395,83,8594.676418
10.048788,67,8595.377944
13.308418,134,8597.257722
14.21944,171,8600.496316
14.38514,154,8600.985152
12.485991,125,8604.349121
12.406166,74,8605.560348
14.913994,163,8605.560406
14.769394,163,8606.512252
13.357296,119,8608.018869
10.401836,30,8609.060263
12.29999,85,8610.649996
10.745787,51,8611.44144
13.945944,203,8613.110733
13.560843,183,8613.110788
14.715936,164,8613.356079
12.77808,93,8614.987159
15.704803,210,8615.327764
14.823575,177,8615.531828
10.960255,44,8616.376734
10.55242,38,8617.385456
13.622711,125,8620.655296
11.967858,101,8622.050333
-10.13054,2,8622.287221
14.687857,202,8623.376429
12.423935,89,8623.376496
12.6962185,149,8624.861884
14.450172,135,8630.698761
14.696892,194,8630.93009
12.549932,131,8631.130835
12.272354,70,8631.265574
14.797604,167,8631.921935
14.468542,136,8632.719045
11.547748,117,8633.900623
14.894703,166,8634.013935
14.993977,174,8634.546691
13.491904,104,8635.10808
11.95844,94,8635.441464
12.43542,148,8638.91982
13.038757,86,8640.726626
13.083797,99,8641.728163
12.054766,103,8642.767004
12.378529,85,8643.4501
12.452337,110,8644.202729
12.677259,86,8644.662369
13.991273,135,8647.825769
9.978936,76,8649.307939
12.566423,140,8649.53561
11.622755,68,8651.091303
11.536456,66,8652.116892
13.061798,161,8652.58728
13.826467,125,8652.951495
15.484437,202,8653.643501
12.491041,105,8653.643561
15.385966,163,8653.765699
12.679212,101,8654.239007
13.906577,120,8657.851857
12.938415,95,8660.288814
10.795446,66,8661.028152
12.514252,101,8664.239666
13.414586,157,8665.46131
13.594784,123,8665.891768
12.201557,133,8666.008344
13.920494,131,8668.250102
12.8623,126,8668.250163
15.56395,175,8668.912071
14.051766,141,8669.474373
13.09417,113,8670.373237
11.36209,75,8672.587302
13.319724,117,8674.079474
14.856897,204,8675.424801
15.550289,157,8677.836135
11.410871,61,8679.507406
12.688757,102,8680.406302
14.326904,131,8680.628679
-7.969925,136,8680.774303
13.117385,113,8682.263023
14.598362,131,8683.034337
13.636101,157,8683.705148
14.403931,138,8685.982753
11.907141,79,8686.76073
13.554742,103,8687.110424
13.195678,118,8687.419533
14.911327,177,8688.196969
11.355547,50,8689.291705
12.333763,67,8689.769934
11.127055,62,8693.760285
13.4010935,130,8694.225358
13.627811,125,8694.581892
12.235961,65,8694.830191
12.570033,141,8696.643801
12.127321,76,8696.873828
12.293373,92,8697.556342
-7.4604855,107,8698.119375
12.426911,102,8700.870888
11.537331,75,8703.261053
14.414127,201,8703.487953
13.543504,194,8705.01691
12.729805,106,8706.271245
12.336208,86,8706.383491
13.866654,122,8707.555707
10.761949,94,8708.158094
14.802116,181,8710.23754
14.179046,141,8710.473765
13.911358,126,8710.985958
-7.86975,97,8711.77479
12.226696,85,8712.787637
12.626247,89,8713.49611
14.972633,148,8714.694172
12.961948,107,8719.569858
-5.1447806,151,8723.215246
14.812536,150,8723.215311
13.4260845,116,8723.591396
12.140807,89,8723.591446
12.301791,108,8724.082604
14.159224,134,8725.391639
15.606161,182,8725.497846
13.36591,136,8726.420735
15.080884,203,8731.019949
14.352671,175,8732.611023
12.684153,86,8733.705186
12.099737,115,8736.207621
13.71442,195,8736.746383
13.02545,131,8738.243507
13.779962,111,8738.844364
14.52849,143,8739.318061
11.622638,152,8740.712655
14.70453,188,8740.842166
10.841703,38,8741.073736
11.459288,108,8743.191229
13.176731,190,8835.942907
13.353979,137,8837.202163
12.861853,122,8839.162932
13.313768,164,8841.466062
13.048096,126,8841.809194
12.821589,111,8842.780212
-10.811205,254,8843.366114
13.857791,139,8843.844245
12.81327,139,8844.316248
12.591498,142,8846.044825
13.7978115,146,8846.379613
10.9289875,48,8848.782399
13.289513,125,8850.1262
13.657752,141,8853.281541
15.292295,191,8854.060828
13.104909,113,8854.292943
14.0360565,139,8854.975231
9.954193,81,8855.30766
12.735584,87,8858.773918
11.292241,40,8858.878246
13.867394,161,8860.135482
13.8336315,159,8861.935071
14.37512,172,8862.353206
11.26972,64,8862.591947
15.415917,177,8864.343076
15.5901985,191,8871.72747
12.799719,94,8872.872225
14.171059,243,8873.878462
14.427625,183,8873.878519
10.84652,93,8874.778677
-8.995956,185,8874.910137
14.017559,111,8875.019214
11.028652,44,8878.872054
13.017027,214,8879.124515
14.741743,174,8879.686758
14.584263,190,8880.139832
15.416151,193,8880.613374
12.08886,82,8881.05817
15.068695,176,8881.729334
11.591484,93,8884.539372
12.61843,97,8886.148457
11.530481,50,8886.803549
13.240861,105,8886.803618
14.446081,150,8889.931223
11.826983,74,8890.175989
12.272095,101,8890.415285
13.011925,111,8892.366142
13.416222,110,8892.699888
13.893868,161,8893.241156
11.3712635,57,8896.87744
14.168395,144,8896.986769
15.104185,160,8897.337248
11.049264,81,8901.833946
13.47583,162,8902.861703
11.362979,151,8903.190253
14.925174,145,8903.19032
13.23371,92,8903.645585
14.834937,162,8905.190432
11.504784,75,8905.873113
15.3898325,146,8906.739882
15.047068,169,8909.081358
10.985425,34,8909.5967
-10.069831,2,8909.802435
12.156437,156,8909.91788
13.141364,130,8911.661508
11.303631,48,8912.107314
11.96018,81,8912.341515
12.234402,92,8913.263981
10.960021,40,8913.602159
13.119253,113,8914.60158
15.696369,172,8916.255758
11.357482,49,8917.859645
11.017353,51,8919.381444
12.026934,73,8920.387181
13.826001,141,8921.085017
14.10153,159,8921.604913
12.194796,83,8922.680153
10.51273,21,8923.48782
13.6357975,125,8924.060787
12.224656,85,8924.278832
12.273379,62,8925.009023
13.420411,148,8928.504813
11.267217,52,8930.262934
14.180449,143,8932.664556
12.226649,84,8933.720595
13.882383,114,8934.757479
-8.138495,235,8936.807155
15.125116,165,8938.326002
13.284018,87,8940.281563
14.968273,150,8940.714812
15.424807,178,8940.818411
12.02357,61,8941.735261
12.669844,151,8942.356687
12.828348,87,8942.667134
14.0651,177,8942.999057
13.498506,356,8943.808892
13.721873,139,8944.475313
13.207151,110,8946.2989
12.096659,94,8947.564157
10.985747,41,8947.67029
10.8466215,51,8948.440073
12.848913,77,8949.465286
10.556947,29,8950.943153
12.024296,82,8951.047755
11.040153,33,8954.735993
11.517615,56,8954.864744
12.765212,104,8956.245769
11.346238,78,8956.348883
15.715893,168,8957.363987
12.576178,120,8957.364048
12.775459,141,8958.228352
14.052474,123,8960.134948
12.970951,128,8964.023629
12.221823,69,8964.148138
11.759923,213,8964.513658
8.355048,122,8964.969232
8.953017,234,8967.474171
13.390173,130,8969.62235
13.007317,119,8970.957281
10.816648,147,8971.404493
12.543438,108,8972.541318
14.924662,147,8973.130106
10.9617195,47,8974.871199
11.770947,93,8975.002505
15.122346,161,8976.540134
-9.535672,50,8977.016957
11.945092,58,8977.449803
14.142102,184,8978.258243
14.30319,141,8980.098131
12.377668,74,8981.426916
-6.1965103,147,8981.56087
12.036277,92,8982.890689
15.442746,175,8983.803109
13.94824,156,8984.973145
12.176378,80,8985.999472
13.83868,124,8988.803164
10.852605,49,8989.234066
12.404461,70,8989.335275
15.403679,156,8992.506475
12.55542,102,8992.862664
13.701679,146,8992.978667
11.81262,47,8994.103967
13.476371,152,8994.567918
14.837154,148,8994.900527
12.2048025,93,8995.468522
11.2780285,60,8996.17431
12.490962,168,8998.959429
10.90643,58,8999.070147
13.257972,117,8999.214751
11.115382,52,9000.791663
-9.46623,74,9001.241214
-10.070943,4,9001.714533
-11.372134,57,9001.946422
12.94662,78,9002.928828
-10.653811,37,9003.247498
14.799646,190,9004.318578
-9.124604,90,9004.777584
14.498215,158,9007.154728
14.26785,164,9011.539177
13.346575,116,9012.128319
-10.027803,101,9012.264923
14.420826,143,9012.389221
13.172591,135,9017.233623
14.358869,151,9018.820604
12.348841,142,9019.390943
15.329249,149,9019.846577
14.2818165,148,9023.96677
14.204943,173,9023.966833
11.610006,179,9025.13664
14.34391,126,9025.928558
13.56679,126,9026.524174
10.602,22,9026.52424
10.564352,129,9026.994024
11.731024,121,9032.455491
14.601386,294,9032.455567
12.870951,118,9032.691895
13.240438,148,9033.927721
14.346737,193,9034.186949
11.821022,96,9035.895459
13.273606,107,9039.058603
11.434652,112,9039.166548
10.692853,50,9039.675327
14.054254,127,9040.825443
15.423548,190,9041.404506
15.646807,173,9043.559052
11.284612,102,9044.121713
13.845572,108,9045.058916
14.816256,173,9045.526573
12.981279,118,9045.988799
11.796333,93,9046.585636
12.382354,117,9047.576162
-8.808458,100,9050.505364
12.853558,115,9052.39109
11.712797,67,9053.239112
12.6296,105,9053.447393
12.185904,95,9058.530374
13.147974,130,9059.125763
14.9535885,171,9059.356579
14.299425,130,9060.002093
13.563877,152,9060.997581
14.807106,139,9061.904868
12.568901,85,9062.924205
13.947974,143,9069.908524
-10.01053,255,9070.139505
12.126992,80,9071.170163
13.823569,222,9072.146935
13.980269,123,9073.538341
13.071369,204,9073.98825
-10.824473,170,9077.987654
15.453732,167,9078.215759
-8.70146,63,9079.215767
14.901141,171,9079.534137
15.215245,184,9081.968448
15.314068,167,9081.968521
13.781456,128,9084.556554
12.067426,64,9085.341746
13.665743,121,9087.055618
12.371,87,9087.680254
16.361055,171,9090.458314
15.259441,194,9091.792949
12.312667,96,9092.852226
12.716607,69,9093.186617
11.199651,56,9093.411246
16.044617,181,9094.352047
10.219373,35,9096.902663
14.497536,165,9098.191494
14.875493,163,9100.433043
13.254209,95,9101.241574
11.272203,64,9101.59614
13.149424,100,9103.124404
14.3034935,213,9103.235343
15.426874,167,9103.461731
14.657672,161,9105.898312
10.971723,66,9108.674821
13.695699,141,9109.13314
11.441525,56,9109.49557
14.49411,127,9111.178261
13.215818,108,9112.65624
-9.397888,100,9112.889678
10.573034,50,9114.787725
14.762022,160,9116.239854
14.056402,206,9116.691452
13.259735,119,9116.9367
-12.619359,590,9119.304692
13.840504,130,9120.686535
12.328115,79,9121.546857
10.21307,93,9125.201342
13.875101,114,9125.659237
11.015703,58,9125.774137
12.163268,202,9125.982625
15.514492,185,9130.267858
10.944096,57,9131.656685
16.058676,190,9132.567878
-8.62624,63,9133.105489
14.723956,162,9135.073266
12.086206,87,9135.556861
13.479295,205,9139.812298
15.789518,169,9140.600485
14.610273,199,9143.169188
11.233505,68,9143.413983
-12.976543,248,9144.338332
15.16914,171,9145.122781
12.925008,106,9145.22984
13.410801,141,9146.327112
13.157408,138,9147.386417
10.836984,30,9148.508571
11.382847,55,9150.536877
12.912914,77,9151.89763
14.006697,151,9152.349755
12.942455,86,9154.888959
15.2030525,207,9155.988053
12.479269,144,9156.113501
14.091673,150,9157.638167
11.690819,92,9157.743672
10.874088,51,9158.089039
-10.087138,38,9159.1962
14.740053,172,9162.716242
15.5768585,148,9162.936013
13.59053,122,9164.213549
12.460926,83,9165.373121
12.031753,67,9165.602138
10.760008,28,9165.944884
11.976088,142,9167.792845
-22.512703,526,9168.022611
13.216038,132,9170.904205
13.354649,122,9171.340549
14.759167,211,9172.128355
11.1909685,60,9172.562489
14.482576,164,9175.99654
13.850084,113,9177.864251
15.035303,162,9181.077362
11.490395,52,9181.767875
11.948806,101,9182.236482
12.004173,87,9182.339811
10.5938635,26,9184.697143
14.731056,161,9185.822685
14.976921,202,9188.205569
14.503513,152,9188.408151
11.690293,66,9188.52086
14.473541,189,9189.16165
11.742672,69,9189.970657
8.263306,253,9192.492779
14.521362,148,9194.501537
12.528719,67,9195.934768
-14.982452,228,9197.656068
13.292583,353,9198.67487
10.888079,37,9200.108583
10.798577,53,9200.467862
12.581702,100,9201.179889
15.07606,178,9202.28566
14.327604,139,9203.955744
14.478142,152,9205.154566
14.529881,145,9205.369728
11.728633,69,9206.406393
15.137846,200,9207.051531
12.8672085,93,9208.048142
15.701786,205,9208.708157
11.029694,37,9209.285886
13.015263,95,9210.745822
15.647316,164,9210.864836
11.197386,64,9212.63052
13.496954,103,9213.854714
13.514528,102,9215.476497
12.253983,84,9215.953289
12.180732,70,9216.794793
11.158795,48,9220.977301
10.227809,188,9222.407608
14.345643,197,9222.768956
15.405281,152,9224.317274
13.113781,132,9224.317334
13.344458,91,9226.169168
13.255379,169,9227.209374
11.177436,69,9228.698306
11.439533,53,9228.698358
14.501974,166,9229.70495
13.393504,143,9230.07404
15.257754,171,9230.186506
12.1625805,78,9235.046088
13.163481,101,9235.769539
14.292124,219,9237.516331
13.534784,185,9237.726863
13.336437,143,9238.670658
11.4197035,92,9240.756606
12.04379,107,9240.983565
13.145632,137,9245.848897
11.722636,62,9245.848959
12.653548,173,9247.121872
14.109998,165,9247.706918
15.229653,217,9249.194296
15.083914,197,9252.339373
13.435094,121,9254.822369
15.270147,169,9255.151657
14.789462,152,9255.151715
15.77154,176,9255.258865
11.336613,82,9256.97772
12.118521,94,9257.812022
10.6783,42,9259.989769
13.401914,154,9263.489444
15.2133465,207,9264.49658
13.273436,107,9264.600808
12.460775,84,9266.637639
14.215754,161,9267.525192
13.503239,117,9268.599833
10.727387,61,9271.425801
14.802439,225,9271.554557
14.126165,156,9273.128537
15.5676565,165,9273.69851
11.904138,331,9275.386419
11.914093,91,9277.896011
14.828606,180,9278.326926
11.643436,67,9279.132633
15.108519,170,9279.364375
13.937319,144,9279.83663
14.40073,121,9280.375268
11.475583,79,9282.67887
14.475622,160,9282.799662
12.318321,63,9285.060402
11.033191,52,9285.26
12.926385,95,9286.19002
13.4355955,120,9286.757739
-10.167592,160,9286.757797
11.882334,94,9290.548748
11.8559675,59,9293.514622
12.392822,95,9293.649435
13.413982,132,9294.224706
11.055298,33,9294.324663
14.81448,203,9294.546439
14.788018,145,9294.880024
12.39885,107,9294.88008
12.224678,87,9296.67979
11.668508,65,9301.471505
14.608557,153,9302.401681
12.920044,83,9302.851114
15.531166,201,9303.151412
12.572302,96,9305.677008
14.790125,182,9305.900376
13.7841425,104,9306.585854
13.46118,132,9309.402711
13.944801,117,9309.831609
11.363426,39,9310.268257
13.53715,214,9310.411694
10.830309,38,9310.832635
10.803431,24,9312.03342
14.369774,160,9312.270659
12.434834,103,9313.055187
13.06077,94,9313.725311
13.139398,115,9315.773147
-8.828001,51,9316.159745
13.034077,127,9316.754506
10.935584,66,9318.373842
10.967821,48,9319.272233
-6.903799,233,9319.944808
10.8109255,40,9320.720614
12.362655,99,9323.326527
15.4842,158,9323.531041
13.1116905,103,9324.745299
12.987222,118,9325.670563
14.529354,142,9326.346049
11.940321,77,9328.626796
13.0079155,132,9330.699428
13.257675,109,9331.496032
14.221045,161,9334.808321
13.212009,103,9334.808378
-5.6050777,127,9334.910152
12.864016,116,9338.700412
11.546975,70,9339.350397
14.6608515,175,9343.171954
14.899504,168,9343.641019
15.2899685,158,9344.072525
10.462002,49,9344.900778
13.092446,111,9347.318583
13.105732,127,9349.268925
11.107995,53,9350.077556
14.582468,179,9350.839864
14.164319,129,9353.205177
14.182852,167,9353.644676
8.342642,328,9355.178355
11.717179,94,9357.868073
13.5072775,129,9358.095132
11.824521,75,9359.187045
14.66273,134,9359.889478
12.175781,79,9362.001287
10.844411,41,9363.857303
13.605927,197,9365.291444
14.132524,161,9367.271063
15.370941,174,9369.469048
13.116042,144,9371.236648
13.19435,157,9375.376443
14.081083,196,9375.48408
-11.12896,420,9375.616623
14.34058,144,9375.961159
14.427893,134,9377.003391
-5.627747,600,9377.223429
11.780124,71,9377.41689
12.915851,94,9377.757514
10.407385,23,9378.121126
13.449248,193,9379.736171
13.173967,136,9380.53654
14.014411,156,9381.30228
13.366288,130,9390.695457
12.760263,84,9390.816729
13.508262,122,9391.068812
12.441021,101,9391.974789
14.020832,153,9392.975189
9.712073,135,9393.089944
14.496397,166,9394.223072
15.766619,207,9394.651167
14.256994,167,9395.884138
14.741081,175,9397.225427
16.225128,163,9398.114051
13.388824,178,9398.221338
-10.094678,2,9398.326931
10.825786,34,9398.451361
12.287069,69,9398.551915
11.274541,61,9398.787175
11.1587105,58,9399.467701
11.6867075,72,9503.042176
11.681985,65,9505.071656
11.743672,89,9506.063144
11.922863,78,9508.922499
10.595174,83,9509.576332
14.759405,153,9510.148951
-10.068478,5,9510.149008
12.8714,85,9510.258144
14.986153,168,9511.478752
11.631441,80,9512.058138
11.605625,70,9513.018953
14.023075,119,9513.855911
10.9717865,37,9514.315025
11.864943,74,9514.44419
14.205212,164,9517.422775
-9.886116,77,9517.422824
12.753118,113,9522.736593
12.722984,91,9522.951294
-8.2787285,195,9523.089114
12.401067,67,9524.822233
14.222895,223,9525.129203
13.423421,135,9526.384173
11.078018,36,9527.047619
13.525276,127,9528.227154
14.616451,173,9531.264186
15.266674,200,9532.388766
11.41191,46,9533.509478
11.727402,66,9533.831419
12.747748,88,9534.723372
14.5290985,183,9534.723423
14.825606,195,9535.473875
12.709679,129,9537.136877
11.647959,64,9538.380963
13.4077015,158,9540.619517
13.476601,140,9540.85409
10.304956,76,9542.341984
-7.652178,100,9544.677179
9.486268,247,9545.018219
15.017899,163,9545.373409
14.363392,134,9547.371775
13.746726,96,9547.906171
11.836152,114,9548.259542
-8.311325,94,9548.948927
11.282189,80,9549.654576
-9.053995,48,9550.783188
10.799521,33,9551.106676
15.16741,154,9551.957987
11.4984455,67,9552.203649
10.670725,38,9552.20371
12.148399,103,9552.482062
13.157792,99,9553.482338
11.558933,51,9555.405276
16.003971,195,9556.612064
14.173515,119,9558.386346
11.711766,56,9558.489742
9.738054,88,9561.825347
11.870173,85,9561.967183
10.81749,38,9562.77645
11.997677,69,9563.132622
14.383049,136,9564.223347
13.541349,115,9565.035328
10.660332,31,9566.485245
13.037865,91,9566.724023
14.217085,145,9567.323572
13.843227,168,9569.568598
15.893658,213,9572.190994
10.980621,33,9573.340925
15.855694,183,9574.008134
13.320341,134,9576.828249
15.006828,193,9579.899662
14.458895,162,9580.02943
13.856502,126,9580.594724
14.829893,166,9582.761931
12.8386135,92,9584.304423
14.042086,198,9584.976711
-7.1401453,111,9585.753161
11.077768,41,9587.448101
15.360191,193,9588.401114
15.000375,147,9588.63721
15.024357,194,9589.108895
12.802541,82,9589.340294
11.739008,121,9590.445121
10.967384,57,9591.357263
13.358165,103,9591.598663
12.217336,246,9592.746585
11.860897,77,9592.973934
11.6997,49,9593.98769
10.899409,51,9598.540437
11.535179,65,9598.782851
11.254001,85,9599.012098
14.446932,186,9601.706458
12.023986,117,9603.687884
14.992823,178,9605.794201
14.516983,149,9605.897469
11.014155,130,9606.227887
-6.6456766,109,9606.227944
12.087001,71,9606.468185
13.511091,137,9608.350607
14.822714,179,9608.820471
12.272538,90,9608.820524
12.408253,85,9611.167817
10.988143,61,9613.326992
11.421307,73,9614.416867
12.1483555,92,9616.644617
11.534719,101,9617.348599
-8.2411785,268,9617.681128
13.555979,147,9620.325021
13.629126,130,9620.541409
12.111816,67,9622.121828
11.701844,85,9623.005094
14.471809,149,9625.260773
12.829692,126,9625.486348
14.224658,161,9627.048412
10.786565,43,9627.831232
13.913865,179,9629.074896
12.752079,94,9630.832162
13.1566105,126,9631.531095
10.742203,40,9632.327182
12.368044,142,9632.676029
11.006559,53,9634.985424
12.982085,135,9635.645045
11.475428,78,9635.76295
11.04222,54,9637.573863
11.1879635,49,9638.144012
13.749757,149,9638.799307
11.961264,137,9640.622102
10.757435,43,9643.655049
12.117014,83,9646.90524
12.256313,84,9650.032175
13.768057,175,9650.509593
13.453178,138,9650.509642
12.770603,232,9651.538028
14.855153,175,9652.011584
12.174523,87,9653.467993
12.805085,157,9653.468052
14.75959,154,9655.473907
-18.869104,352,9657.410145
14.096642,194,9657.641134
11.321738,54,9658.2068
9.947078,68,9658.307868
12.74639,110,9662.677141
12.141233,116,9663.800477
13.248162,127,9666.001874
11.231348,77,9666.132315
-9.069451,600,9666.635128
12.3287945,83,9667.009788
12.870938,107,9667.703703
11.154062,63,9669.735292
13.807101,149,9670.437221
13.763575,160,9671.695627
12.676257,118,9671.695683
11.466117,59,9672.706966
10.736958,60,9673.871707
15.368784,154,9675.596155
10.491653,111,9676.256774
13.628136,265,9676.970081
11.214429,66,9679.099678
10.933355,35,9679.57632
13.3273735,121,9680.328281
13.91057,134,9681.228239
11.742703,85,9683.417432
13.174814,133,9684.76112
12.673616,151,9684.761175
11.203169,51,9684.865222
14.459811,152,9688.924196
14.775709,170,9689.724748
12.344068,114,9692.562407
10.608311,86,9693.259882
10.645285,26,9695.523756
14.505299,171,9695.772758
13.2155,203,9695.772815
13.480116,141,9700.707415
14.12535,201,9703.132235
9.929617,236,9703.680655
11.8417225,79,9704.364426
15.341514,172,9704.364487
15.374487,180,9705.16592
14.167673,141,9705.609427
14.510748,229,9707.191461
14.262087,173,9708.39557
10.456525,44,9709.290788
12.026372,117,9716.971363
12.760206,116,9717.541995
14.931681,194,9717.645194
14.003111,135,9718.442991
11.379286,100,9718.550912
12.771915,128,9720.084695
13.813234,222,9720.758398
12.059349,122,9722.282773
11.8857565,193,9722.61413
13.170501,161,9723.399329
11.901026,61,9725.416947
14.680847,168,9728.506957
9.990692,57,9729.159293
12.240173,105,9729.630182
12.921921,121,9731.326015
12.376949,96,9731.791632
10.227252,355,9733.511157
14.254686,154,9734.502379
13.675759,150,9735.487214
12.442554,147,9736.783357
12.618534,104,9737.200855
12.970289,142,9738.273973
11.510459,65,9738.502312
14.849439,137,9738.85789
11.525534,100,9739.658723
13.749964,130,9744.164718
14.550917,154,9746.399639
13.056417,100,9747.980385
13.721619,126,9748.551074
13.342075,133,9752.209832
13.9649935,156,9752.985926
15.189999,206,9754.895038
14.29368,151,9756.666533
14.322841,168,9757.760647
15.553561,183,9759.07103
11.9969845,104,9759.632611
12.516279,105,9760.298859
14.56257,145,9760.411006
-10.3399935,200,9760.765099
12.992465,99,9763.181661
12.747615,81,9765.575597
14.250288,181,9766.621126
11.8114395,301,9767.089833
11.400136,97,9770.005023
12.592804,135,9770.005081
10.671781,30,9770.535118
13.165109,98,9771.423359
12.75054,95,9774.017345
13.673335,167,9776.686562
15.035528,215,9777.229757
12.047752,105,9777.640229
13.216348,165,9778.286266
14.995951,173,9780.305313
14.740723,179,9780.513137
11.502336,62,9780.963446
13.238337,131,9784.892742
13.603546,127,9785.859161
13.577376,137,9786.089421
14.127009,172,9786.222574
12.44282,97,9789.180685
13.568975,123,9790.445499
11.819697,51,9791.891078
13.51433,107,9792.57753
14.185459,135,9792.789902
10.784744,35,9795.788338
14.525551,185,9797.956174
14.969671,160,9798.299702
13.748163,112,9798.439949
12.561489,124,9798.788839
14.437559,263,9799.691633
15.400507,178,9801.070511
14.84188,142,9802.094053
11.983552,68,9806.149898
11.160256,70,9806.273318
14.132446,124,9806.608683
12.849969,80,9808.706913
14.784265,175,9808.933832
15.199576,167,9809.301134
13.694925,120,9809.415725
14.795963,147,9809.415783
12.911964,116,9811.822327
10.780397,30,9812.300664
14.817322,141,9813.848897
-10.047091,121,9815.677413
14.64112,158,9818.849511
10.405161,87,9819.178172
12.601995,114,9819.435321
12.06007,96,9819.558662
14.051824,122,9819.887824
13.933296,132,9821.144944
11.911321,119,9822.82702
12.563014,104,9824.118186
14.076842,185,9830.186092
14.816637,168,9830.872449
12.943335,135,9831.004602
13.644064,118,9832.195698
13.451929,118,9832.745706
12.877975,80,9833.085008
14.637344,145,9835.885801
14.210319,151,9838.165468
14.596196,221,9838.84166
15.193443,178,9839.279287
12.825958,90,9840.979697
14.667018,167,9841.668206
13.400204,211,9843.661079
13.539243,111,9845.605932
12.10206,127,9846.532797
13.863236,151,9847.206592
-7.258917,162,9850.846424
11.781344,59,9852.065056
14.81411,168,9854.605746
13.118914,103,9855.073294
11.712632,75,9855.431448
13.016202,130,9856.103985
-9.391324,26,9857.617168
10.015516,169,9857.726548
11.46466,107,9858.409231
13.557276,171,9858.409296
13.886968,156,9858.409315
11.855752,255,9859.518872
13.774664,193,9859.778453
10.228338,23,9860.310147
11.460771,52,9861.264953
10.216352,65,9862.401614
12.96974,117,9863.986552
11.058566,50,9863.986608
12.405902,126,9866.184231
12.922353,94,9868.093634
12.357405,74,9870.641608
13.824299,113,9871.006786
13.063652,123,9874.055731
13.567297,128,9874.055805
10.530947,36,9875.100629
13.918735,130,9875.870893
14.8878,178,9878.372584
14.588919,211,9879.863511
12.8553705,149,9880.782658
12.874383,113,9880.884616
11.428398,70,9882.032892
13.705446,202,9882.273844
13.502981,175,9883.778429
12.4531,88,9885.158202
12.639351,106,9887.986958
14.861303,163,9889.280829
10.46637,50,9889.512071
10.703337,83,9890.25683
13.287946,114,9891.362678
11.498395,94,9891.592157
11.765642,63,9892.223967
10.548188,32,9892.790361
14.805917,172,9893.587001
8.768144,251,9894.660685
13.250735,131,9894.793393
13.09358,113,9894.921577
-9.162263,69,9898.049738
11.64316,70,9902.777267
12.910017,110,9903.79599
12.711099,109,9903.926672
14.385752,191,9903.926728
14.130167,144,9904.266741
12.878228,130,9908.328431
10.181195,79,9911.709499
13.207758,207,9912.751391
12.913416,168,9913.595736
14.735751,194,9914.126661
12.614005,93,9914.359769
12.730079,191,9914.359822
12.814065,95,9914.464985
15.223581,176,9914.569911
14.264822,150,9914.903423
11.459439,68,9915.882793
14.1332855,146,9920.672435
12.925242,127,9925.961545
11.92329,104,9926.062997
12.865404,112,9926.165847
14.458771,134,9929.365464
10.345864,31,9929.556518
13.8579855,148,9931.190862
12.1728325,139,9931.5444
12.328663,161,9932.230006
13.550514,120,9934.165231
14.836402,183,9935.02629
13.447726,184,9935.603173
13.782886,203,9935.603233
11.033129,35,9939.72577
14.529162,145,9942.599658
13.755181,151,9943.1962
11.821759,122,9943.439534
11.689047,124,9949.28541
14.184156,140,9950.161223
11.715311,75,9951.661349
13.97363,181,9951.905475
14.824022,172,9951.905533
12.835392,113,9952.556286
14.323673,181,9956.298799
14.392157,219,9956.529089
-14.207076,468,9956.90342
11.092875,74,9957.675262
10.915698,71,9959.710588
13.98946,168,9961.641077
12.200817,86,9961.641142
12.305453,183,9964.099204
13.360435,114,9964.776521
10.909996,45,9966.681323
13.652056,134,9967.791845
11.209548,95,9968.456059
13.717797,132,9971.456866
14.088274,136,9972.262822
15.36618,208,9973.763167
10.866564,50,9974.122352
12.416918,88,9974.784365
-10.161845,9,9975.783796
12.9523,183,9977.000908
12.812602,92,9977.107189
14.430735,143,9977.809111
10.464673,26,9979.911976
11.037186,58,9980.237254
14.169584,149,9980.894758
11.690689,64,9984.238226
13.463778,125,9985.482586
10.524403,234,9986.073673
14.23041,166,9986.422971
10.51546,21,9987.937729
14.201923,125,9989.827124
12.080217,96,9990.768842
12.214466,115,9990.76889
14.306217,143,9996.444222
14.62463,142,9996.991827
-1.3867004,600,9997.644187
14.127098,127,9998.69883
14.871355,221,9999.035587
13.438132,110,10000.410646
13.557859,136,10001.553507
13.910032,146,10003.055055
-10.172156,6,10003.75715
12.822134,128,10004.453214
10.905564,27,10004.70153
14.102048,135,10006.205451
10.58098,24,10007.208441
-11.203697,312,10007.702361
10.552572,31,10009.770045
13.073217,136,10012.509847
10.890751,50,10013.301317
14.751332,146,10015.358227
14.559837,146,10015.703472
14.892544,177,10017.887973
12.242794,95,10018.024363
12.165996,121,10018.498261
11.815898,247,10018.907659
14.517308,198,10019.021003
14.274626,193,10022.384678
10.796178,39,10022.858459
14.673449,174,10023.538248
9.6659565,76,10024.287389
13.7241125,131,10024.524425
10.99977,76,10026.433731
12.760443,108,10027.577546
12.412022,99,10030.203529
15.166414,174,10033.076216
12.630186,81,10033.74271
13.84724,225,10038.029624
14.157377,122,10038.135385
14.059908,179,10038.252226
14.245586,145,10039.262867
12.654128,122,10040.349118
11.184699,73,10041.371732
13.184574,137,10043.19154
15.239803,201,10045.197348
11.762603,69,10045.982186
11.825669,158,10051.521815
14.256314,192,10051.83351
13.6314,120,10052.754582
13.341078,91,10053.333941
13.820895,266,10053.534527
15.472454,165,10056.478741
-10.294558,32,10057.057555
14.8824005,171,10059.452753
13.329147,136,10060.326915
11.833534,97,10062.740541
13.991422,227,10063.770014
12.968555,114,10064.345436
14.2006035,208,10064.701207
13.4169445,112,10065.321717
11.8344345,444,10108.061177
11.366884,76,10112.521673
14.693472,155,10113.345692
13.355508,107,10114.159171
13.240425,150,10115.738356
13.602613,151,10116.796424
14.7092495,198,10118.840375
11.858299,62,10120.466895
14.4353695,117,10121.555083
15.072616,166,10122.433812
14.343535,162,10122.972734
15.552517,192,10124.744421
13.217933,120,10126.059331
13.943303,303,10126.735281
14.1360035,135,10129.366407
10.506556,78,10131.190574
12.936591,142,10131.716277
10.929499,53,10132.052735
14.216281,123,10132.618308
13.150735,100,10132.752306
14.424015,197,10138.977202
15.104277,166,10139.080118
13.517672,132,10139.683885
11.532133,68,10139.798123
13.55547,160,10141.10466
12.879505,100,10142.510515
11.835413,89,10142.885242
13.75438,144,10143.083973
13.838704,121,10143.084029
12.647743,104,10143.530267
12.062557,74,10147.358013
11.453928,51,10148.753563
12.30258,77,10149.651469
10.8889885,64,10150.188288
14.824902,171,10151.916643
10.762612,44,10152.229763
11.521389,87,10152.572475
-7.5692787,600,10152.804126
14.038973,137,10155.139404
14.154966,163,10157.893463
11.385113,55,10158.380445
14.591234,174,10158.579695
10.617961,39,10159.526749
12.200548,111,10161.250197
12.017414,109,10162.563632
12.101845,116,10162.77223
11.682538,185,10163.379429
14.469324,185,10164.464949
10.735289,45,10164.812219
10.48499,77,10167.50429
12.837885,111,10170.635336
11.233623,62,10171.394751
14.788061,191,10173.591516
12.883907,110,10173.820006
10.848459,74,10175.852925
10.666892,41,10176.057381
14.09628,121,10176.314429
13.666824,161,10176.755852
15.421503,216,10177.091822
11.170898,37,10180.233249
14.62947,165,10182.036469
-8.839335,153,10182.036524
11.939687,75,10182.036534
14.535526,201,10185.512676
12.550284,79,10185.627082
-8.768648,84,10185.728889
13.176306,107,10185.847502
12.259924,85,10186.66784
-12.336062,325,10189.538705
12.34108,176,10190.442097
12.278712,88,10191.958699
14.499919,146,10192.275608
12.476957,89,10195.631796
10.571342,56,10195.857488
13.37817,103,10197.359255
13.368357,148,10198.580043
14.085682,151,10198.939779
11.723003,123,10199.272314
15.515545,172,10199.504838
12.885529,136,10200.866507
12.625167,132,10201.343426
11.257664,68,10203.181507
10.632925,29,10204.607671
10.979941,35,10204.841026
11.984783,66,10206.69163
12.795021,86,10208.607201
13.447952,120,10209.309844
15.382843,173,10209.890033
12.998618,115,10210.338697
10.885048,51,10210.471534
11.885642,58,10213.284588
13.535981,189,10213.494514
13.795283,226,10217.232005
13.954927,122,10218.589565
14.649576,184,10219.280484
13.516674,97,10221.296803
15.645697,173,10222.691608
14.006338,119,10222.691664
12.511736,86,10222.891062
15.194249,215,10223.703681
-9.183271,119,10226.7682
11.662075,104,10228.947915
14.1167755,183,10230.470416
12.379573,76,10231.245737
11.007809,45,10231.950372
13.545583,130,10233.318988
12.3528185,109,10233.658397
14.716562,230,10236.328699
13.775283,152,10236.566828
11.57551,57,10239.877415
13.727276,153,10240.119722
14.6697645,159,10241.786193
15.132988,173,10242.579635
11.452305,70,10244.264866
12.386607,79,10245.543835
14.493673,147,10245.775393
11.282838,69,10247.647842
11.19554,47,10249.587112
11.487551,48,10251.117684
14.557356,160,10251.816056
12.804902,85,10252.176761
14.2911625,190,10252.8706
11.551616,411,10255.099542
10.961698,58,10256.171395
14.2493305,150,10257.124176
14.2795315,137,10257.355038
12.2262,63,10259.011648
11.2544365,57,10259.358151
14.709798,147,10262.108383
15.083879,152,10264.836029
11.877516,114,10268.035972
11.907136,146,10268.6684
12.166227,64,10269.327328
15.024574,165,10269.815157
12.08497,347,10269.815217
11.678643,110,10271.774943
13.750422,146,10272.6918
13.736025,175,10276.877373
12.3106785,75,10277.232981
14.723866,188,10278.616069
11.229786,41,10281.91659
13.302366,112,10282.146563
13.6229725,129,10284.510104
-9.898953,27,10285.167413
14.792173,181,10285.406239
13.287055,112,10285.406308
15.054854,242,10286.404021
14.082681,150,10286.87548
-8.989599,89,10287.018964
11.529709,55,10288.159425
13.035647,102,10290.115126
14.0585,235,10294.621124
7.7185736,83,10294.762915
-8.954351,41,10294.762965
12.599731,103,10296.052694
11.979344,91,10297.153767
-4.362191,600,10299.713417
13.975228,143,10302.762292
14.60197,142,10303.867943
14.790791,158,10303.998419
12.478728,85,10304.105795
15.595615,169,10304.216748
13.761167,122,10308.143397
13.902427,230,10310.78786
14.441002,135,10312.177359
13.768192,157,10312.177417
12.927133,94,10314.431421
13.968063,116,10316.964109
-9.887809,69,10319.867226
14.389735,152,10321.179373
15.926972,174,10323.504866
13.196541,118,10323.97064
15.917508,195,10324.560164
13.613152,149,10324.809335
7.7127695,490,10326.804797
11.043654,64,10327.166831
13.17825,115,10327.397228
11.20755,54,10330.268168
15.840445,170,10331.379808
13.343122,104,10333.106594
11.805738,80,10333.947696
15.006443,165,10335.630933
13.467541,113,10340.155866
11.756369,360,10340.259287
14.330109,155,10341.151078
14.12703,137,10342.633096
10.267283,417,10342.892787
15.38826,177,10344.67831
12.854613,99,10345.107611
14.434933,151,10347.260474
12.481313,82,10351.884792
13.377339,148,10352.354605
13.11968,186,10352.354669
12.631582,85,10352.472778
12.070175,82,10353.919152
15.282377,187,10354.128736
13.2823515,143,10356.363111
13.495039,141,10357.067299
12.030835,74,10360.689872
10.537083,35,10361.024166
13.708593,165,10363.718717
11.850998,88,10364.035951
14.129732,161,10365.332799
-8.391205,231,10366.123624
14.233763,127,10368.204481
-12.274452,372,10368.778571
10.413153,50,10369.38398
14.750015,164,10370.41193
12.0550165,74,10372.497127
12.082636,105,10372.951437
11.116529,40,10373.418079
10.585819,43,10375.294931
13.82881,178,10376.569843
14.020654,126,10380.512715
12.1180525,74,10380.879969
14.263275,181,10381.222228
13.722648,154,10385.690551
15.276676,188,10386.651965
13.97198,141,10388.787286
15.153549,179,10389.574434
12.08951,81,10390.354505
10.6277,28,10393.518781
12.600428,113,10393.622201
15.148041,164,10393.847996
11.853764,75,10394.188748
14.747099,196,10395.517829
12.394934,70,10396.774528
14.576659,148,10397.239626
13.2136345,98,10397.846458
13.991023,198,10398.946397
9.504933,62,10401.218018
11.35244,45,10402.34763
-13.101147,445,10402.683639
11.426071,64,10402.78774
13.561188,116,10402.787803
10.419885,82,10402.916813
10.433248,24,10405.534189
-10.193602,31,10406.433806
13.545891,101,10408.245331
13.7180195,108,10411.123368
14.75141,160,10411.890985
12.957963,93,10412.773793
14.766095,174,10413.107274
12.09714,87,10416.215437
12.209229,78,10417.004202
14.4999485,142,10417.228332
11.351912,106,10417.470975
16.11852,183,10418.493576
-5.14594,600,10420.335514
13.823589,159,10420.691905
12.565673,83,10422.295621
12.085918,202,10425.685571
12.982223,145,10427.617439
15.0101185,147,10428.66935
12.640128,96,10429.479063
14.350832,143,10432.482515
14.173857,181,10433.719712
13.769408,147,10434.174518
14.055891,150,10434.309175
14.439468,163,10435.520422
-10.057305,153,10437.979216
12.911578,104,10439.320133
11.92963,67,10439.984456
14.721712,160,10440.341311
14.022989,140,10441.498007
11.063177,108,10445.875391
13.999568,236,10446.950878
11.964113,115,10447.063088
15.173794,182,10449.952784
14.610548,197,10450.882095
14.931081,163,10452.766119
15.465162,160,10453.648289
13.59498,128,10453.862968
14.981232,142,10457.558436
14.066856,152,10457.558505
11.085708,69,10457.794135
14.2535515,166,10458.825117
10.985899,59,10460.584436
11.728743,120,10460.687615
13.712182,146,10462.475008
10.820583,44,10463.888129
12.441521,104,10465.472342
13.360274,120,10466.411356
14.155982,253,10466.749387
12.39837,81,10467.105858
12.537573,71,10468.815285
14.205307,177,10471.042842
15.292897,225,10472.675707
12.065871,68,10474.661668
13.842919,156,10475.231822
15.1335125,173,10477.171459
14.449455,135,10479.119332
10.176098,65,10480.03464
12.75725,119,10480.143733
14.456503,174,10480.264806
14.024844,123,10480.264857
13.288845,170,10481.784228
14.203475,157,10483.249237
10.898302,42,10485.072963
12.592343,144,10485.073018
11.604027,57,10486.567402
11.496416,44,10488.292787
12.255522,88,10490.401125
14.805046,172,10490.605428
15.279532,147,10491.576011
14.201633,120,10492.886985
-8.773385,169,10494.630594
10.977118,41,10496.214004
-10.289016,54,10496.541797
12.608467,111,10499.308249
14.709613,201,10500.200308
-7.37057,184,10501.283705
14.467533,183,10502.756777
12.409636,94,10503.648371
14.444646,140,10504.314096
14.9119835,183,10506.03499
12.147506,193,10507.200758
12.690713,95,10507.397928
12.5104,68,10508.003858
13.8714,125,10508.87214
12.087256,87,10509.227435
13.85944,122,10510.140061
12.666186,198,10513.224596
11.431539,85,10515.640605
14.017128,112,10516.327997
10.727426,85,10519.664432
12.056673,116,10520.260817
14.389613,157,10520.475381
12.178469,109,10521.163136
9.893098,22,10522.962191
13.363289,143,10523.541278
15.239784,182,10524.897569
10.821515,34,10526.805713
14.938471,168,10528.185206
13.386572,145,10529.523963
13.016964,143,10532.559969
13.057078,115,10532.818217
10.334473,102,10532.818299
14.494144,154,10533.168321
13.341004,97,10534.678204
11.140378,84,10537.776477
11.551897,51,10538.558925
11.090482,58,10539.307302
13.548431,128,10541.368166
12.411182,115,10542.565517
14.337692,201,10543.028213
11.629792,75,10543.028272
12.047038,58,10544.275124
15.46792,142,10548.594042
15.728199,211,10548.803869
12.475792,100,10549.837272
12.181658,91,10553.346461
12.939797,127,10553.722127
13.842683,110,10555.558182
13.097927,122,10556.479145
12.613958,116,10557.550556
15.447869,163,10559.905809
13.397868,98,10560.028895
13.857636,125,10564.142015
13.744827,141,10564.739168
5.8095336,568,10565.814559
11.5209055,91,10566.963467
12.548538,127,10567.974089
12.85663,131,10568.749159
14.173229,151,10572.818218
11.33238,63,10575.881259
-6.703579,600,10576.118989
14.7266445,153,10577.416825
13.198821,117,10577.533752
14.03857,162,10578.56478
13.371754,96,10578.897404
14.623667,133,10579.923016
11.3494625,61,10582.872166
14.133543,158,10583.822741
11.408575,100,10584.289707
11.396946,45,10585.073056
16.040874,164,10585.649558
12.030624,86,10587.252558
11.9137335,79,10587.594267
10.702,49,10588.512267
12.728763,127,10590.623868
12.726028,114,10591.866267
11.677064,81,10593.018826
11.921628,71,10593.118734
13.262203,99,10595.503329
11.512007,78,10596.020069
10.070059,177,10597.586339
-8.87975,600,10601.244501
12.556334,147,10602.130406
12.613333,81,10605.095478
15.161583,155,10605.847451
13.727646,172,10606.878707
-12.818741,442,10607.675611
10.936849,53,10608.14718
13.573624,144,10609.333168
14.417639,161,10610.030062
14.309956,177,10610.586904
12.516621,73,10614.221776
11.398453,57,10614.221842
10.98802,41,10614.690996
14.113457,119,10614.826578
12.218788,87,10615.035126
12.375429,200,10615.603316
13.393017,181,10615.940652
15.389603,192,10619.38542
13.414874,106,10620.267669
11.426236,66,10622.370184
14.966476,136,10622.472783
12.780661,136,10624.915763
13.569629,129,10625.35837
12.833764,132,10629.366869
14.358845,133,10629.485295
14.79916,145,10631.411746
13.847479,110,10632.114137
15.356229,176,10635.308354
14.748835,175,10636.075091
13.217956,122,10636.461826
15.033289,190,10637.503571
11.897273,164,10639.21696
-9.649386,18,10639.558927
15.260561,151,10639.923167
14.254095,142,10641.633921
14.266568,158,10643.017807
11.396793,66,10643.582282
13.09032,117,10644.714494
13.379746,143,10645.833984
14.61944,142,10648.169373
15.799162,169,10648.622806
12.148273,85,10648.760316
14.927252,139,10651.02683
12.280214,84,10651.147794
13.247245,141,10652.418018
11.616702,84,10653.111263
12.906491,103,10654.78714
15.302441,143,10656.111555
12.49563,100,10657.251688
11.2389555,74,10657.251744
13.878327,124,10665.063685
12.1029415,231,10665.661767
11.850604,113,10665.891007
13.909683,195,10666.83921
12.298351,86,10666.983148
16.014381,163,10667.200047
11.677492,91,10667.499934
13.035099,113,10668.834998
14.38707,160,10669.29703
15.809778,172,10727.807629
10.128405,104,10731.326338
13.466414,105,10732.662996
10.874046,102,10732.663064
12.278069,107,10734.641968
11.146454,64,10738.592476
14.281445,176,10738.712041
13.818283,171,10738.712096
14.487402,166,10739.246398
14.342354,149,10739.811623
14.0051,182,10741.058052
12.519579,83,10741.899316
12.970701,131,10742.442438
13.246481,106,10746.353691
13.233917,141,10748.391001
12.9605,96,10749.794049
12.753888,109,10750.681434
12.031308,112,10750.978147
11.148406,53,10752.232558
10.596685,51,10753.919361
12.687798,110,10754.03428
10.706962,43,10754.500775
-10.453541,39,10754.974385
15.040136,158,10757.198174
15.909343,175,10757.820474
14.41338,173,10760.142706
11.111155,70,10762.712488
14.59579,198,10764.423716
13.111391,130,10765.448231
13.320166,126,10768.211257
-3.731886,600,10769.169531
11.106349,108,10769.963555
14.496,169,10771.083414
13.695403,165,10772.364996
11.587874,113,10772.799644
-5.2729893,600,10773.203376
11.926924,76,10773.849565
13.019134,95,10774.944815
9.702836,215,10778.413183
13.414384,198,10779.209908
12.4276085,81,10779.992642
12.122685,100,10781.017639
11.71263,71,10781.147879
12.716654,113,10781.688476
13.6122465,128,10787.074948
12.312901,171,10787.178043
11.543123,57,10787.522767
14.212557,172,10791.586582
12.05301,120,10791.928771
11.986917,120,10792.692114
12.029659,55,10793.341058
13.021175,285,10794.54775
15.779964,180,10795.117833
15.873543,201,10796.373364
14.676399,158,10797.66191
12.938164,103,10798.993977
13.013702,170,10800.001295
15.652628,168,10800.443526
13.514893,111,10804.34511
11.750983,57,10805.457752
13.980078,116,10807.57328
10.858247,31,10807.768325
12.108301,137,10808.692157
11.670528,121,10808.69222
14.495896,154,10808.827062
11.496954,110,10810.046846
14.988314,157,10810.289474
11.584146,53,10811.400347
12.194416,146,10812.758267
11.807575,79,10816.434887
11.620935,75,10818.53203
11.847027,91,10819.018989
14.347183,169,10819.124596
13.261756,112,10821.481252
14.860193,192,10822.175942
14.310062,147,10825.349942
13.114275,117,10826.023239
-7.4260607,163,10826.227086
-10.467551,41,10826.814293
13.135876,110,10828.974854
13.681349,180,10830.652742
12.338017,83,10830.860395
13.950184,118,10831.873583
10.130013,56,10832.531683
9.312012,412,10833.440615
15.444822,199,10833.922543
13.524932,154,10836.528661
13.668316,102,10838.327435
12.86258,88,10838.885779
12.1537895,75,10839.122535
-10.614904,54,10839.602859
15.296278,187,10840.168814
13.32974,131,10840.847516
13.44285,84,10841.396168
11.6387415,68,10841.60241
13.417235,110,10843.260974
13.307505,162,10843.611526
10.349855,55,10847.610618
11.024758,68,10848.496642
15.731115,165,10851.13306
10.343681,99,10852.702058
14.7534075,145,10855.232676
15.057192,168,10857.30546
14.707287,204,10859.546241
13.989688,120,10861.090735
15.640895,187,10861.192482
15.572578,156,10861.192529
14.112958,159,10861.19254
13.125773,145,10867.412047
12.896343,143,10868.781306
11.212377,109,10869.462764
12.2047205,81,10870.147483
14.560167,204,10871.394255
13.449263,133,10876.057638
14.064167,142,10877.136468
-11.784409,335,10877.24056
13.231431,109,10879.714848
14.212965,194,10881.30633
10.429835,38,10881.415991
14.793807,182,10881.627963
-13.087567,385,10882.390241
13.924696,134,10885.146079
13.173303,109,10888.237739
10.663813,74,10889.585689
12.71357,95,10890.354496
13.133511,124,10891.159197
14.806541,193,10891.159253
14.639023,183,10892.006399
12.793354,109,10893.656747
6.4395475,362,10895.868648
10.989473,58,10896.131658
-10.417525,251,10897.074248
11.486557,62,10897.40013
11.914945,172,10901.710597
10.453768,90,10902.075219
10.948564,56,10902.381674
15.426764,196,10903.67108
12.189858,73,10905.272418
15.256092,162,10906.599056
14.377724,196,10907.26735
14.441448,145,10907.501907
14.578859,158,10908.886925
12.512738,110,10909.623899
13.303573,111,10914.243455
11.569346,72,10914.711751
12.049077,108,10915.866095
15.911221,200,10916.221504
13.394117,105,10919.163968
10.819919,47,10919.982121
16.540686,174,10921.661827
-10.874936,118,10922.278185
10.407361,55,10922.392395
12.988033,138,10923.065696
10.061774,34,10923.922803
10.562675,45,10924.293459
-10.22803,9,10925.357556
12.863916,99,10925.57862
13.780611,208,10926.013815
10.675699,32,10926.126938
10.141049,146,10926.353078
10.403289,25,10928.132894
13.87822,203,10928.238878
11.492336,47,10928.476876
14.164487,117,10929.197356
9.838606,31,10929.687364
-9.820797,19,10930.735218
12.267961,99,10933.02133
11.851856,59,10934.968202
12.244415,115,10939.010528
13.729779,111,10940.678848
15.262141,166,10941.119515
12.296846,107,10941.718481
14.153271,143,10942.502915
15.775648,165,10942.607671
13.143997,138,10946.16135
12.310919,80,10947.967352
14.393797,171,10948.382825
11.657307,138,10948.52486
11.60642,58,10949.076367
12.550102,93,10951.535577
-15.718922,496,10951.859237
-8.232724,64,10953.287349
14.579891,174,10954.424513
11.647549,54,10954.42457
-8.121821,260,10954.74737
12.269471,90,10958.624341
15.209267,170,10960.736771
14.415245,180,10960.865243
-7.573555,95,10962.579075
13.4051285,106,10963.465788
13.746862,134,10964.140033
12.6281395,99,10964.485693
13.450451,110,10966.916585
14.697649,219,10967.136508
11.019162,60,10969.454252
13.912099,195,10970.019598
13.6657095,137,10970.365386
14.531164,145,10970.940024
12.84684,115,10973.850029
-7.053059,108,10976.798024
12.275556,89,10977.04347
15.744034,147,10977.572557
13.769565,140,10979.32811
11.269311,109,10979.439559
11.987255,86,10979.665345
14.272455,197,10980.893327
11.413314,54,10985.669607
13.287457,107,10986.038237
11.824838,64,10986.7018
-9.366473,199,10986.806642
-10.706961,96,10987.691048
12.875801,180,10989.888412
13.145889,177,10990.432593
15.075502,180,10991.391565
13.261035,133,10992.18056
12.147787,83,10995.411937
11.217284,54,10996.569132
13.870474,157,10997.588297
16.08762,182,10998.302099
11.395178,93,10998.302143
13.529338,112,10999.537924
14.842565,166,10999.910078
12.808349,90,11000.127372
12.24594,82,11001.498235
10.855274,48,11004.988694
11.540381,47,11005.449566
15.560085,175,11005.556931
15.861074,174,11006.520087
10.691651,81,11007.546357
13.454897,142,11007.54642
12.632886,84,11009.479166
11.926649,114,11010.570892
11.507651,51,11010.777606
13.398398,100,11012.823837
11.426449,71,11013.521843
14.187147,154,11014.106278
14.493683,140,11014.238559
16.642834,171,11014.90148
12.733477,102,11017.149846
12.459109,73,11018.816751
13.5682745,118,11019.82158
13.090299,110,11019.955653
12.520771,110,11019.955725
14.426372,127,11025.139991
13.473371,95,11029.556105
15.075328,138,11029.691815
13.390127,140,11030.066469
12.387673,152,11030.066527
14.77552,145,11031.299047
12.510275,101,11031.399519
12.483001,107,11031.993501
12.253277,207,11032.928287
10.566694,135,11035.276191
16.355797,160,11035.276248
12.300884,74,11038.37565
13.570863,113,11042.297449
11.644483,97,11042.297503
13.471647,104,11042.982669
-9.91595,174,11044.768866
14.9902725,147,11046.198216
14.674303,147,11046.523217
13.572706,108,11047.275331
14.028951,155,11049.322258
15.696827,170,11051.954446
14.551194,174,11054.819118
14.293858,152,11055.4561
13.073505,124,11056.249539
13.834342,157,11059.956076
13.105158,123,11060.418073
15.171919,165,11061.511227
15.266289,138,11062.855818
14.464223,164,11063.181579
13.427264,110,11068.584818
11.805667,90,11071.711466
13.354227,156,11072.422514
15.071165,167,11074.250821
13.14537,104,11074.975922
14.740283,205,11075.106732
8.991947,274,11077.096776
13.884966,156,11080.577532
12.283127,78,11080.577579
-13.137015,600,11081.23853
10.013075,193,11081.774355
11.986577,64,11082.256374
12.179113,112,11085.028871
15.211269,180,11088.966283
11.795507,74,11090.655697
14.873514,140,11091.00807
12.440578,104,11092.354724
12.24371,73,11093.363012
11.219795,46,11094.242317
13.960051,181,11094.84393
14.583853,123,11095.784273
10.93961,51,11096.774536
12.851817,137,11096.774595
10.024723,346,11099.623865
13.84822,171,11099.973722
12.338785,85,11100.340564
11.808605,66,11100.914378
10.618758,52,11101.702735
12.092678,75,11105.277771
14.6737175,125,11109.015435
11.030784,85,11109.918376
12.842059,144,11110.600268
11.62443,48,11110.703954
-12.4009495,331,11114.631993
13.215996,119,11115.068209
10.816629,41,11115.204004
14.410712,143,11116.131697
15.206041,140,11116.665403
-8.635224,600,11117.287661
14.580746,157,11117.395183
10.38011,28,11117.851006
12.435984,80,11118.077125
10.592266,55,11121.38552
12.158496,72,11123.436094
10.207797,54,11123.436149
11.520674,55,11123.643477
13.783673,118,11124.086439
12.08858,69,11124.569472
13.066771,106,11130.1244
11.549472,60,11130.949452
14.041887,185,11130.949504
12.34335,83,11132.886138
14.14212,132,11132.886194
15.845604,162,11134.533741
14.400604,135,11136.583002
10.8103485,51,11138.528082
13.131488,124,11138.528144
11.471691,52,11138.633627
13.947559,152,11140.52472
12.151053,427,11140.655506
11.862203,58,11140.99025
13.212499,168,11142.634217
10.487822,37,11142.88271
13.941537,130,11144.836214
11.070085,44,11146.060984
15.825314,169,11150.133524
11.772712,71,11151.034337
13.474798,111,11151.29749
16.337254,180,11151.401383
12.466833,95,11151.504679
10.594328,118,11152.0658
14.813601,165,11155.496236
10.514764,63,11158.566071
13.977377,127,11159.347597
15.077269,148,11159.54442
14.294551,132,11161.124303
14.950207,182,11161.464889
11.514405,45,11164.727532
13.439357,118,11164.98503
-9.897286,600,11164.985083
13.878946,129,11165.992673
14.624241,145,11166.647227
13.567438,140,11167.005979
-9.796404,45,11170.085877
10.867237,55,11171.218609
13.267449,105,11171.324599
14.95104,174,11171.887598
10.035329,61,11173.582912
13.365436,160,11173.680506
13.757978,156,11176.2076
11.727453,85,11176.546127
15.036709,144,11177.826783
13.084427,117,11177.96116
14.582622,153,11178.53179
13.236516,118,11179.307327
11.629776,84,11181.354347
11.536022,46,11183.110828
13.612428,111,11186.154468
13.876219,153,11188.392551
11.704085,75,11189.745265
14.16679,182,11190.525955
13.229668,127,11190.526011
13.41478,133,11191.572537
16.388716,184,11192.00279
14.705986,134,11192.908886
15.293248,175,11193.24609
14.333115,128,11193.687643
14.1526985,138,11194.021221
12.209118,80,11197.400124
13.988653,121,11199.796588
13.2842865,120,11204.077598
11.397369,48,11205.223365
12.3073845,75,11205.900167
13.483925,137,11206.018469
13.804682,155,11207.263231
13.653876,141,11207.512298
14.576218,130,11207.989076
15.396262,148,11208.747864
11.588748,52,11211.80254
15.509377,160,11212.004729
14.752811,172,11212.234462
12.055999,66,11213.262228
13.700922,274,11213.965144
12.110413,78,11217.442585
11.775506,51,11217.546905
13.953501,215,11217.915214
10.862593,32,11221.094808
12.480764,87,11222.998017
11.41804,48,11223.228639
14.637246,183,11224.630863
14.071165,156,11224.735518
15.870509,177,11225.105426
11.479862,114,11226.801796
14.498866,173,11227.353653
14.420324,166,11230.675733
14.623716,211,11231.107088
11.0875845,70,11232.46242
13.068712,135,11232.567987
12.299119,194,11233.983117
11.215036,52,11236.470344
10.908564,138,11236.583757
12.258046,107,11236.685392
12.28951,135,11238.166605
13.740626,130,11239.654554
10.874886,122,11240.401026
12.409422,86,11242.237532
10.898622,36,11242.237588
13.595417,174,11242.777885
11.259841,41,11244.994897
13.22874,170,11246.36624
13.225911,107,11248.520844
13.549323,149,11249.21258
13.500218,121,11250.361537
15.170645,158,11251.764189
12.817984,113,11252.32879
12.399025,92,11252.543464
14.7307205,146,11253.028584
12.245512,97,11253.166188
12.794176,95,11253.504223
11.274281,64,11253.612104
12.199228,64,11257.480459
12.048904,83,11260.96199
13.18906,108,11261.202074
11.891407,82,11261.427422
-11.43853,89,11262.453583
14.221035,141,11264.236777
15.072956,177,11264.809185
10.77124,48,11266.574495
9.887543,337,11268.892477
15.008123,162,11271.129829
13.281791,95,11272.172812
15.915085,174,11272.97208
15.275999,180,11273.798535
11.21675,39,11277.400409
14.6715145,181,11277.860591
14.264984,137,11277.984422
13.579864,146,11280.712087
11.702148,124,11282.863458
12.121864,84,11283.231396
14.331301,183,11285.508109
13.678131,123,11286.11522
14.562632,225,11286.472248
13.108101,87,11332.446525
13.761439,117,11333.004622
13.70894,124,11333.24356
10.54499,65,11334.695022
12.087585,243,11335.920108
12.953297,99,11335.920189
13.1616125,116,11338.187206
10.784807,34,11338.510564
15.5816765,179,11339.857855
13.253399,104,11339.983546
11.945812,69,11346.332924
12.775755,93,11348.680707
15.74995,163,11350.838029
14.071516,169,11352.122905
9.595287,236,11354.628676
11.54513,50,11357.744084
-9.141201,195,11357.958261
12.909577,84,11358.191035
10.122152,66,11358.310168
14.53492,171,11359.255148
12.893396,244,11360.812658
10.519651,30,11361.665135
-3.2160077,600,11362.604979
11.388092,96,11369.029823
12.073219,85,11370.39496
10.251936,226,11371.844424
14.920847,153,11371.844483
12.4189005,91,11371.945559
13.110083,129,11372.290645
12.684865,92,11372.974209
13.554196,136,11373.309333
14.3510475,136,11374.47824
12.184455,347,11375.062107
11.873353,317,11375.691667
10.324863,61,11377.141018
11.4561615,52,11377.56308
10.844913,42,11379.161774
11.619301,66,11379.161846
-11.949611,600,11380.663146
11.365454,49,11381.236734
10.623327,35,11381.575436
11.100151,38,11383.431978
11.577258,101,11384.163169
10.81269,32,11384.71512
13.571467,125,11387.182426
15.592322,177,11388.734822
14.319979,151,11389.067244
15.880741,169,11390.749321
11.612015,66,11391.518734
9.820496,75,11391.737525
13.953726,141,11392.864297
-9.373396,38,11393.325224
12.692734,176,11394.674968
13.975285,149,11395.788469
10.660757,41,11396.130839
12.905246,143,11397.485318
15.2433405,161,11398.623742
11.106251,39,11400.248378
13.074267,119,11400.58413
13.693897,123,11402.575759
10.132836,61,11403.01805
13.433977,108,11403.963007
14.937866,180,11404.957533
13.215688,112,11405.568224
12.85195,117,11406.593585
12.543221,73,11406.931241
13.686567,156,11408.429748
11.019626,38,11409.414037
11.583901,53,11410.100532
13.567503,107,11412.525441
11.049804,36,11412.661707
13.146221,94,11413.884259
11.155207,50,11415.121293
11.48761,62,11417.165786
14.055605,136,11418.24744
14.683603,225,11420.398289
11.624967,60,11420.747591
10.9198265,52,11421.087797
10.629671,127,11421.189544
14.98955,209,11421.411665
14.355593,142,11421.878498
14.965311,209,11424.389199
10.108348,153,11424.389246
11.122835,59,11427.001719
13.87184,132,11427.466155
11.105727,33,11428.130076
16.33863,164,11431.141971
13.680833,107,11433.092072
11.142137,118,11434.397211
14.924786,155,11434.621481
12.023933,75,11435.414037
14.399397,134,11436.904166
13.450388,168,11437.144268
12.358143,147,11437.923956
14.747628,177,11440.559335
12.774866,97,11442.043964
11.131162,43,11442.707671
15.439003,176,11444.192456
12.49334,74,11445.241918
14.05994,171,11446.68017
12.684673,88,11447.062873
-8.723944,110,11447.062933
15.351612,176,11447.985062
13.976339,124,11448.422862
11.245816,64,11451.417777
13.109275,98,11451.650602
15.713537,168,11451.978598
11.05528,62,11455.466325
12.883234,115,11455.852789
12.803049,106,11458.663172
10.576851,64,11458.899497
11.240084,43,11460.258323
16.219742,178,11462.199317
14.988066,138,11462.604853
14.106003,143,11463.222425
13.154189,102,11463.585387
11.616556,91,11465.981187
11.134321,67,11466.424191
9.446903,282,11467.234763
15.027419,178,11467.979826
14.4873295,151,11468.473207
14.945066,212,11469.095846
12.466917,83,11469.543429
12.020252,72,11470.679576
13.581306,133,11473.542502
11.908277,60,11474.623847
11.116896,107,11475.444718
10.04242,138,11478.555372
11.8717985,113,11479.012636
12.754681,121,11479.451917
11.051035,85,11480.186927
14.444216,177,11481.999153
12.00919,82,11483.914636
14.700666,138,11483.914695
10.671012,49,11485.027882
14.200765,149,11485.803061
14.213478,166,11485.803118
12.311488,84,11488.160424
13.522844,134,11490.541913
12.741241,103,11491.761989
14.891643,175,11493.21387
13.265868,117,11495.128797
11.269469,67,11495.566374
10.398185,46,11495.670101
16.129126,184,11499.870377
13.718487,152,11501.103668
13.462472,142,11501.928059
14.837111,157,11502.826049
13.031203,170,11503.135052
12.354208,102,11503.367023
12.8665695,91,11505.556555
12.826004,92,11506.151843
10.926788,59,11506.594964
10.121345,42,11506.707116
8.613238,334,11507.30656
12.301601,69,11509.007271
14.780231,138,11509.007342
13.864695,216,11510.282986
12.318157,130,11510.529485
12.772055,123,11517.084249
15.221588,152,11519.988441
14.172298,124,11520.57851
13.5340395,135,11520.810236
13.6909895,108,11522.728676
15.328575,179,11523.639212
13.669872,145,11525.327689
14.775948,136,11525.652538
10.997703,184,11526.892341
15.070456,174,11528.555282
11.085453,33,11528.9872
12.252961,78,11529.323281
-10.1233835,59,11529.323349
13.612777,238,11533.57266
13.279492,114,11533.706206
14.648718,148,11533.843855
11.872793,80,11534.791673
15.033102,148,11536.857064
11.467863,67,11537.098627
-9.762344,72,11537.317869
11.611324,55,11540.063317
15.239609,151,11540.870691
12.819176,125,11542.853907
11.105408,49,11542.853966
13.511374,165,11545.694213
12.64628,108,11546.171959
15.369469,159,11547.538717
13.511959,100,11548.217382
14.417006,149,11550.556529
13.17834,106,11552.060192
13.547822,141,11553.109406
15.663887,163,11553.340463
14.013624,117,11554.136508
13.413359,118,11556.296542
10.546799,35,11557.327038
13.033838,104,11557.994609
12.778244,136,11558.325695
13.905913,132,11560.739102
7.3738623,502,11564.209384
13.219855,103,11564.783366
11.776632,125,11564.783424
12.680603,120,11565.717191
13.540129,103,11565.823749
13.558151,96,11567.184932
13.6873865,168,11567.290083
11.033712,29,11568.11215
14.7295065,181,11568.112203
11.239161,99,11569.216622
12.88464,88,11570.742172
12.3551235,125,11571.587754
11.923857,69,11572.739905
11.538056,75,11572.858733
11.034357,49,11572.965521
10.698978,51,11574.000117
12.704397,74,11574.200134
13.796102,151,11575.587483
12.270085,89,11576.030341
-9.718453,31,11577.517977
11.9695425,84,11577.748803
11.026998,36,11578.309056
12.498722,100,11578.659408
10.404506,80,11579.937585
-10.367779,36,11581.804677
12.45812,116,11582.471666
11.636494,118,11584.96826
13.2775135,111,11585.3139
12.423952,116,11586.07303
12.024866,67,11587.422909
12.575735,88,11588.205287
10.643282,60,11589.206757
13.261722,162,11591.123776
10.811162,31,11591.635328
13.251749,151,11592.565998
14.629967,149,11592.815483
12.793634,141,11594.478025
12.406794,82,11594.478092
14.135544,175,11597.08198
12.251684,78,11597.883168
13.94118,155,11599.151152
12.9498625,87,11600.83648
12.31893,163,11603.200753
12.252143,105,11604.535414
13.781634,153,11604.535463
13.484003,119,11605.002763
12.181378,115,11607.385118
12.993744,94,11607.735225
15.05983,168,11611.350378
12.50829,133,11614.033038
12.823068,122,11614.498681
12.313666,99,11615.667025
14.769308,170,11617.014102
12.640025,107,11617.014165
13.1939535,124,11617.114405
11.667195,116,11617.528133
13.8417,216,11618.708245
-16.62561,302,11619.975527
14.008881,149,11624.255299
11.435515,49,11624.361644
9.941965,74,11625.514332
14.189647,125,11625.643929
12.493748,93,11626.33631
12.530636,85,11626.936401
13.088152,103,11628.877282
13.854333,135,11629.589013
15.622936,197,11630.178139
11.791801,58,11632.241651
15.008297,177,11634.784275
10.28558,89,11636.558018
12.09346,64,11636.878749
15.127531,177,11637.910415
12.108452,94,11639.651937
10.430549,26,11639.890085
13.50961,125,11639.987124
13.014944,185,11641.262426
12.846137,90,11642.546972
15.322502,173,11644.174549
14.385034,168,11646.242332
11.477863,74,11648.505703
14.524349,161,11648.610888
10.444989,49,11651.809534
13.595388,114,11652.704354
13.1435375,113,11652.841151
-8.418556,165,11653.753403
13.973244,154,11654.23247
13.464382,114,11654.338844
10.808028,54,11654.685445
12.780297,101,11655.668027
11.745889,70,11656.562419
15.661878,169,11657.259339
11.132626,65,11659.291995
11.63413,50,11660.081514
12.160526,66,11661.355402
12.942209,97,11663.855978
-8.977311,118,11667.638224
13.004684,92,11667.758472
12.842017,99,11667.862644
11.628258,71,11668.083943
13.176781,150,11669.910598
10.93136,56,11670.127801
-7.4939,136,11671.157206
11.050982,54,11673.689928
13.293014,118,11674.623911
16.162037,177,11674.74984
-7.506528,95,11681.9354
13.515484,105,11682.063261
14.976379,206,11682.671098
12.896694,80,11683.920817
13.854274,144,11684.156262
15.147189,158,11685.807745
10.798972,30,11686.054706
13.3857975,147,11686.624979
13.300728,119,11687.292364
-5.0241094,600,11693.007057
10.1412945,61,11693.140952
-10.205533,8,11693.9104
12.224834,65,11694.13442
14.16826,233,11694.708762
13.375756,112,11694.923309
13.240744,111,11696.581238
13.647667,133,11697.174688
14.226863,146,11700.793687
10.656925,62,11700.940853
11.757473,122,11701.296167
14.63576,142,11702.083122
13.596243,114,11705.880136
11.183376,50,11706.292309
11.919542,55,11706.986173
-8.120883,288,11707.326898
13.622595,114,11707.439559
14.48218,120,11707.581094
11.599059,61,11708.818805
12.937292,110,11708.960511
-15.864197,600,11710.749814
12.645373,85,11710.749871
14.532079,175,11714.596826
14.413183,172,11716.540084
10.087446,101,11718.804213
13.0862875,113,11721.725248
12.407591,62,11721.725306
14.362272,116,11723.98458
12.605952,165,11724.679508
10.445589,32,11725.3311
15.396233,150,11726.026443
16.103281,166,11726.463082
13.03414,87,11728.703987
10.952215,163,11729.274677
15.678686,204,11729.500523
11.489512,59,11733.112603
12.611884,81,11733.825421
13.200693,115,11734.745435
13.529507,100,11735.32625
11.162027,66,11736.263507
15.328832,175,11736.475213
12.25354,62,11736.585501
13.466039,114,11738.877845
10.226575,32,11742.41454
15.236326,166,11743.974353
12.444287,71,11744.099327
-12.592829,324,11744.099394
12.658356,81,11744.348805
14.57198,150,11746.134543
14.122381,134,11748.811601
13.246302,136,11749.944778
13.778389,159,11750.916489
12.122513,66,11751.50049
14.786917,141,11752.185326
12.986612,88,11753.874919
10.420427,27,11755.160035
14.943248,168,11755.283404
15.009093,142,11758.368623
13.458773,117,11759.219716
10.438885,474,11760.50339
14.198632,144,11760.503458
10.887353,54,11761.41383
12.97653,114,11762.840751
11.491352,43,11763.23978
11.999729,72,11763.339206
13.638708,133,11763.806263
11.276487,53,11766.480339
16.221144,170,11770.029066
15.394342,166,11770.140528
12.736921,100,11770.445336
11.808407,89,11773.34306
15.761471,174,11773.470417
13.935709,110,11773.832929
11.501997,45,11775.682935
-9.767497,21,11775.79188
14.8077545,147,11777.206235
-10.287799,43,11778.910718
10.192015,58,11780.240621
-9.758617,324,11780.767475
13.943018,172,11782.776767
13.5213375,115,11783.331132
15.432978,194,11784.789922
12.241465,69,11784.991259
12.9331255,85,11785.292827
-10.427823,198,11786.169145
15.77757,175,11786.309755
11.6485615,75,11787.180994
15.008675,157,11787.894089
11.568438,52,11791.201313
15.018749,171,11794.972493
14.836652,133,11794.972551
14.754841,132,11795.455632
13.8531275,129,11797.144126
-8.566558,130,11797.860864
10.758894,31,11798.592736
13.997258,131,11799.505926
11.804035,156,11803.855326
14.442148,129,11805.718722
11.095031,59,11806.210637
12.477885,166,11806.629941
15.173788,192,11806.63
13.091026,179,11807.390176
13.270159,105,11807.390231
15.695358,189,11807.488299
10.825162,39,11808.323505
14.62158,150,11811.949057
10.865849,33,11811.949116
11.398344,55,11812.749683
13.223185,139,11812.854955
12.049863,94,11817.913255
13.662205,111,11818.603859
11.487393,51,11818.603916
15.921757,179,11818.724363
12.060913,62,11818.972837
13.83628,112,11819.206748
12.504154,69,11819.774035
13.828315,127,11821.830757
-8.819092,231,11823.949975
13.465985,101,11824.192789
11.896364,61,11826.63344
12.709771,72,11826.860997
15.319729,175,11827.101762
15.057089,196,11827.771244
11.869665,85,11828.818859
13.564007,101,11829.350857
11.951717,78,11830.668351
14.155052,140,11834.592229
14.391135,143,11834.94022
-9.878105,68,11834.940278
11.774061,83,11836.148142
12.266918,60,11836.253885
11.914665,112,11836.928802
13.853102,167,11837.968949
12.132835,85,11838.589312
15.217781,156,11841.806066
11.903731,58,11842.784902
13.024778,146,11844.555845
14.985937,160,11845.244874
11.034249,31,11846.401133
15.067987,159,11848.807959
13.391739,130,11851.750487
15.444344,154,11852.099865
14.531694,161,11853.244384
11.466789,79,11853.468038
14.503078,165,11853.671365
16.01735,166,11855.16981
12.947079,99,11856.399831
10.7758045,43,11856.638373
10.904513,37,11857.661839
16.192036,188,11859.961643
-9.894776,52,11862.578862
14.348114,194,11863.799134
13.638967,135,11864.136534
12.548759,101,11865.194144
14.676887,169,11865.529932
13.770508,114,11868.153664
-11.895367,273,11869.026548
-10.671663,46,11870.704962
-9.095269,61,11870.705023
14.123762,126,11871.953845
14.886406,173,11872.830256
15.267309,159,11874.388165
14.708161,199,11874.626999
10.8886175,64,11876.221684
11.1081505,117,11877.367948
15.023796,157,11877.717985
13.530506,105,11879.949099
12.507066,83,11880.057954
10.314243,57,11880.880905
15.385014,182,11883.190473
12.427044,88,11884.736017
15.632351,174,11884.965484
11.971773,74,11885.88912
14.524389,134,11887.259898
-10.200155,155,11888.37047
12.035419,93,11888.37054
-9.561389,27,11891.339499
11.775364,139,11891.992602
10.83256,34,11892.09997
13.334032,117,11893.298319
12.792244,90,11893.298381
14.766335,145,11943.885899
13.227236,154,11943.994008
13.213833,144,11947.534359
11.850505,110,11950.332542
12.616587,93,11950.436671
12.0562935,58,11950.543221
14.702274,166,11952.422473
15.21942,189,11952.759492
13.516333,126,11952.867903
12.969766,118,11953.211106
14.157507,119,11957.316645
10.950549,40,11957.422127
14.216498,169,11957.64956
11.55617,52,11959.095898
11.935405,89,11960.330243
10.581074,33,11961.152274
13.198288,112,11963.084072
14.009964,113,11965.238242
14.518535,131,11965.341878
13.576799,119,11966.338259
10.620459,53,11966.454867
12.962897,93,11968.268793
13.117983,107,11969.478261
12.307896,75,11969.720838
13.757111,239,11974.635308
13.994678,153,11976.523267
12.40259,78,11978.341917
12.650923,106,11978.475326
13.599619,140,11981.108402
13.953064,140,11981.217898
11.355084,60,11981.337801
13.792248,131,11983.021122
11.474948,52,11984.267644
14.104256,198,11985.456462
15.635826,172,11985.681973
10.953669,45,11986.28376
-9.690903,600,11987.36754
12.563442,120,11990.030751
15.092335,182,11990.251816
13.449263,93,11991.85898
-9.985263,70,11992.188064
14.574941,131,11993.038122
10.946028,37,11994.402589
10.019276,23,11994.732259
11.889421,95,11996.207582
12.318166,100,11997.527165
10.834761,68,11997.627438
-7.21131,600,12000.153677
14.71537,191,12002.599602
12.313915,61,12004.356122
13.36545,104,12004.708518
15.26272,180,12005.903899
14.677971,210,12006.56088
10.195814,47,12007.826588
11.253757,82,12009.281819
14.101452,159,12009.645374
13.376398,144,12010.854915
13.069172,130,12012.243629
-14.766373,224,12012.473109
11.990766,74,12013.038246
14.550932,193,12015.963962
13.620615,186,12017.005556
13.846819,121,12017.927001
12.07769,66,12018.253141
12.13532,97,12020.608348
14.598873,154,12023.283414
14.38081,151,12023.620406
14.159607,128,12023.733425
13.575755,111,12025.603369
15.409975,173,12027.336191
13.118775,136,12027.541343
12.566677,113,12029.780468
10.488774,28,12030.502513
12.832998,124,12031.977027
13.203449,173,12031.977079
12.378759,146,12032.536695
11.304726,99,12034.416096
12.321426,101,12035.118337
14.879084,174,12037.948791
14.518383,143,12039.643107
13.006407,170,12039.643159
12.030201,83,12039.756474
10.263651,32,12043.299978
15.562872,174,12045.160102
14.202389,128,12046.371008
13.388433,112,12047.073816
14.694071,175,12047.293143
14.41431,174,12049.41384
14.158293,167,12051.379964
15.344133,169,12054.277234
14.29061,129,12054.400214
12.994334,139,12055.655205
11.966215,87,12056.354126
13.931943,129,12058.012371
14.629658,178,12058.137686
12.318052,98,12058.273173
11.220193,41,12059.047443
13.401417,115,12060.430748
15.244854,254,12060.74314
12.234423,84,12060.970298
13.837845,143,12061.397578
13.615574,106,12061.503084
10.883884,41,12062.846253
12.65346,78,12065.057152
10.487537,36,12065.44863
13.082252,102,12067.146997
12.300185,78,12069.50972
12.241591,107,12073.627718
13.1532135,122,12074.24411
14.082476,179,12074.572889
14.2463665,143,12075.241899
14.090918,127,12075.346462
12.0199585,158,12076.067278
10.524237,37,12077.862068
13.351557,114,12078.441167
14.793081,155,12080.458425
13.459496,119,12080.711397
14.116266,206,12081.389142
14.934635,180,12085.65656
14.795462,167,12088.568526
13.940432,111,12090.590995
13.244354,136,12090.923954
12.472048,87,12091.324683
12.914781,108,12092.743502
11.941843,160,12092.743573
14.125298,165,12093.009992
14.858138,141,12094.491821
14.631435,131,12095.633198
11.9564495,180,12095.734992
11.784261,97,12096.645906
11.868737,59,12099.496883
11.138903,96,12101.447851
10.961679,54,12101.792792
11.921132,120,12102.240576
13.2241335,119,12104.870585
12.92441,127,12107.197444
11.522898,54,12107.52508
11.617018,86,12109.187947
13.690947,145,12109.415259
15.925946,187,12112.004698
15.876303,167,12113.318857
14.679087,176,12115.543818
14.995392,170,12115.801922
12.021692,126,12116.367864
12.332087,70,12117.27982
10.661734,48,12121.210641
14.791285,140,12123.286332
11.422724,68,12123.286394
15.023184,165,12123.393596
13.800293,150,12124.052164
12.244244,210,12125.404135
13.643512,127,12126.251726
12.809095,104,12128.082476
11.480139,54,12129.341366
13.901207,110,12129.683634
15.642172,177,12133.253143
11.921579,82,12134.633465
13.758065,112,12136.677828
14.547742,151,12138.258343
15.255086,282,12141.009901
12.258846,105,12141.562453
11.504204,58,12143.221865
13.847537,126,12143.560659
-5.5462604,600,12143.934811
15.784349,189,12144.744296
15.954494,181,12148.547569
14.593758,135,12148.547618
11.249616,47,12148.859921
13.279426,94,12148.859978
11.267554,53,12149.218183
14.931873,159,12152.551919
11.476232,249,12154.330779
13.554879,101,12155.21043
12.59082,87,12158.283239
14.206235,159,12158.826259
13.21591,112,12161.442079
11.606151,81,12161.651402
10.797809,34,12162.122554
15.390743,163,12163.037362
14.534476,133,12163.482023
15.15587,199,12163.952169
14.076124,133,12164.160315
14.222733,142,12164.850038
11.973926,71,12166.847969
12.78979,114,12168.103794
11.128729,409,12169.343096
12.64191,90,12172.246835
12.479309,105,12173.413252
9.887423,90,12173.531334
14.05631,113,12174.100564
10.541313,54,12175.24874
13.305514,197,12176.31474
12.994023,110,12176.980393
14.247297,135,12179.137602
10.898778,64,12179.266124
12.464687,107,12179.936111
15.459171,169,12181.858776
13.506085,141,12182.577628
10.5908785,39,12183.717951
15.601166,189,12185.081443
12.326374,94,12185.89903
-10.337918,34,12186.475073
11.925699,134,12188.596744
12.371559,91,12189.487618
11.328035,41,12189.725991
10.866511,114,12189.933338
14.0261965,145,12190.339536
11.154172,48,12191.796062
10.53516,47,12194.649906
14.761139,177,12196.232417
-9.767326,12,12197.560211
14.617654,143,12197.866542
14.878332,129,12198.106697
15.979794,174,12199.489438
14.126705,145,12202.119412
-10.23116,269,12203.580862
10.798782,56,12203.927348
14.773838,140,12204.258339
12.0660305,92,12205.069031
11.970736,62,12205.174703
14.892798,140,12205.412374
15.205452,147,12206.448617
13.426413,133,12206.779636
-9.662336,32,12207.938958
14.624243,176,12210.160126
12.086017,80,12214.18014
12.372017,82,12214.28179
12.424613,94,12215.938885
14.948347,147,12216.054684
12.60262,102,12219.238497
15.769716,192,12219.490469
14.820849,156,12219.597066
14.721447,148,12220.201346
12.9223585,92,12220.459443
11.757994,60,12220.998705
11.0616255,47,12221.347623
14.888997,157,12221.588865
-10.458043,21,12221.911505
12.540092,137,12222.143556
12.570658,80,12223.154466
10.041099,38,12223.958223
11.230289,48,12224.727754
11.724318,53,12227.026918
11.90539,73,12228.617091
11.512757,56,12228.617136
14.888494,205,12229.703413
12.322681,97,12234.318983
11.029578,46,12234.89156
15.595592,166,12234.891616
13.915122,117,12234.997512
14.007175,131,12236.339162
13.434419,111,12237.470779
-7.691969,118,12237.470837
14.93622,166,12239.423492
13.257659,115,12240.181875
9.873726,67,12241.82739
11.145297,72,12245.58505
12.872841,102,12246.379408
13.101667,90,12246.479578
13.295164,106,12246.897373
12.529435,81,12248.52721
16.079685,187,12249.721266
15.399168,190,12250.039985
12.976019,86,12251.478298
15.36808,162,12253.051015
10.859994,45,12253.485923
11.90579,67,12253.813987
11.605893,71,12254.382761
13.960696,128,12254.493369
12.232967,78,12255.616117
13.691253,168,12256.315367
12.320344,76,12258.290061
12.441793,61,12260.53389
13.648001,112,12262.797962
12.838323,97,12265.454793
13.975886,116,12266.260987
11.17723,72,12266.508943
15.592524,173,12271.10273
16.210684,176,12273.900172
11.59862,79,12274.450611
15.714842,178,12274.795013
15.239839,181,12276.965984
15.74998,160,12278.682415
15.4385395,211,12279.693022
14.221103,118,12279.931908
12.134189,61,12280.853724
14.344776,140,12282.237923
15.638664,173,12282.482718
10.998823,40,12284.252568
12.390271,69,12284.784123
13.76723,120,12284.784184
11.433081,364,12286.878944
11.453614,82,12289.226732
-10.575964,600,12289.997069
12.532742,105,12290.558019
13.191362,90,12290.99205
11.560778,57,12291.20095
15.3649435,179,12294.695235
12.403123,111,12294.695303
12.034906,102,12295.62263
13.19919,129,12296.877938
15.991022,197,12296.98036
13.075895,96,12297.582996
11.03983,33,12298.379334
10.605075,28,12300.052658
13.775106,137,12300.164228
14.743832,141,12307.002537
13.242681,161,12307.228661
13.712491,148,12307.562249
15.64949,157,12308.133824
15.486473,163,12308.273923
12.489326,79,12308.957903
12.78209,129,12312.145516
10.491008,46,12313.386331
13.551164,118,12313.50158
15.347609,170,12313.836122
14.885322,174,12315.311215
12.74088,76,12316.216013
15.745174,170,12316.216069
12.163643,74,12316.686274
14.358011,163,12316.797571
-9.983783,24,12319.377799
10.661386,37,12320.398234
12.421877,124,12322.98732
14.536446,145,12323.425018
12.652327,99,12324.658649
11.265325,50,12324.960978
15.777608,160,12325.303619
13.299316,94,12327.379887
12.092053,100,12327.480399
12.208189,78,12329.120761
10.930448,45,12329.729078
12.254242,72,12331.500467
15.683274,170,12332.509979
16.144512,175,12333.547695
11.127491,57,12333.853529
11.496445,57,12336.181692
13.99161,193,12337.079446
12.540252,75,12339.975014
10.906535,59,12340.217122
12.594231,154,12340.349429
13.987513,137,12340.470937
11.572096,69,12341.732949
12.554771,262,12341.733008
11.88625,101,12343.964305
14.125998,136,12344.489615
10.507455,54,12346.008554
15.57131,179,12347.527624
12.13169,57,12348.127171
13.6879015,120,12350.627301
10.998911,47,12351.439921
14.399241,146,12352.687051
10.623508,31,12354.861017
13.936307,118,12354.963947
12.974614,95,12355.183891
14.694113,137,12355.900752
13.170027,98,12359.168285
15.016762,172,12359.627759
12.479772,125,12361.683532
15.032206,155,12368.122252
13.846957,132,12370.206318
14.837082,155,12370.206377
12.213421,404,12371.022227
14.173092,145,12371.367855
13.243158,95,12372.542098
12.591619,162,12374.344254
13.549562,144,12376.071173
14.568188,149,12376.171368
10.856761,63,12378.663084
9.961465,55,12382.445413
-5.526608,139,12384.14196
11.989563,262,12384.934767
13.27663,113,12385.497447
-6.096982,140,12386.287331
14.319219,154,12388.623876
14.850007,165,12389.067527
12.922406,107,12390.802474
14.809187,168,12393.457886
15.115469,175,12396.14731
12.823517,134,12397.571259
8.0964365,522,12399.641781
11.59008,48,12401.603576
13.944058,138,12404.853521
-10.296023,171,12404.959644
14.149128,125,12405.066533
14.492685,154,12406.175102
13.353229,116,12406.792895
15.407158,181,12406.895582
10.666069,45,12410.082051
-7.297565,82,12411.028758
11.0504055,43,12411.842195
13.417219,127,12412.145329
-1.438178,600,12412.253909
11.5213785,94,12415.562571
-13.860892,272,12415.900219
13.553483,172,12419.206407
13.8094635,131,12419.936344
11.433347,81,12420.165717
13.332547,126,12420.543271
12.171335,97,12423.27301
11.509189,66,12423.381079
12.652657,159,12424.863889
13.580246,125,12425.960597
14.152083,161,12430.431175
13.392502,145,12432.067279
14.563259,203,12433.238484
11.855317,81,12434.224532
6.0597906,447,12435.11762
14.089792,148,12436.994241
-6.2800064,152,12437.711522
11.940649,63,12437.816295
11.954062,103,12437.933034
14.800313,164,12438.145017
14.561886,165,12442.19235
11.284278,41,12442.296379
12.3429165,90,12442.404131
12.647352,197,12443.142173
-7.499525,78,12445.906567
13.860388,121,12447.996843
12.026783,72,12450.468937
15.136572,154,12450.818116
13.95809,129,12452.652869
14.05732,166,12453.859372
14.015369,145,12454.062671
13.073877,116,12455.20951
14.274715,157,12455.54556
13.331812,113,12455.781886
13.068312,126,12456.624214
11.26947,43,12460.430498
12.91057,145,12464.297434
13.9316,128,12464.894996
14.947531,174,12465.47563
13.786736,147,12467.40583
13.682421,120,12467.76531
13.675707,120,12468.887212
15.104105,158,12470.541318
12.744163,127,12470.99509
11.043355,62,12471.317289
13.07988,169,12473.05799
11.450942,70,12473.381399
13.90943,117,12473.728251
15.222888,169,12474.94253
-13.282075,468,12476.555019
13.713193,113,12480.15977
10.441699,35,12480.459202
13.60324,116,12480.800028
11.8165,118,12482.203346
14.529738,157,12482.668466
10.951071,40,12484.733399
12.329572,108,12485.652105
13.701729,141,12486.54966
14.772706,154,12488.383071
12.998185,134,12488.810586
11.929721,124,12488.91637
-7.9801245,62,12491.616269
14.741768,181,12491.720762
10.871496,58,12492.106791
11.070388,54,12494.506926
11.880317,126,12494.729872
12.885736,125,12494.96023
13.672583,115,12495.168921
11.330026,106,12498.376659
12.3992195,86,12498.503783
11.3239155,270,12503.339442
10.744735,50,12504.026806
13.899056,195,12504.487093
8.843134,143,12507.643543
-9.063567,89,12566.858857
13.986189,152,12567.216248
13.967332,139,12568.564766
-5.4050307,161,12568.665189
10.454642,59,12569.253068
10.840782,76,12571.640029
13.634343,164,12571.84842
12.634251,219,12572.072709
15.428653,166,12572.30167
10.716321,32,12572.908836
12.854336,205,12576.280593
10.390825,47,12576.940152
12.657138,93,12577.398592
13.816797,145,12578.261342
12.041946,69,12579.85258
12.022099,108,12580.762676
11.966279,116,12581.75666
11.315466,45,12583.325183
13.07401,153,12583.566437
15.439304,163,12585.492882
11.050907,44,12586.655569
15.275717,163,12590.05077
14.394024,167,12590.94976
13.203882,111,12592.232217
15.096315,179,12592.910541
13.380226,104,12594.919347
12.006773,137,12596.028329
15.201949,179,12596.906418
15.021123,180,12597.455424
14.286791,135,12600.549499
11.9666815,66,12602.273939
11.023872,61,12603.713414
10.542932,59,12604.056778
13.813963,156,12604.056847
13.452474,144,12606.13464
15.126587,207,12606.586762
14.503956,157,12608.491363
14.53969,155,12609.474291
8.607621,317,12611.601003
11.110552,74,12611.89948
14.077608,175,12612.332078
12.158897,88,12613.780817
13.7574005,172,12615.140224
11.533261,140,12616.099404
13.209698,113,12619.187795
14.870924,164,12620.565295
13.472139,134,12623.497857
10.903981,41,12623.836669
14.483547,163,12624.396719
12.980689,113,12624.605896
-7.1784363,110,12624.708025
-9.946838,21,12627.030922
13.856012,137,12627.030977
13.971155,174,12629.048931
13.842353,232,12630.036831
13.933768,158,12631.664808
12.451415,152,12632.317364
10.921919,69,12634.847888
12.905596,139,12636.346909
13.755061,121,12637.261014
10.676512,59,12639.020128
12.599225,202,12639.0202
-10.623951,85,12639.725406
14.690514,164,12642.415206
14.855713,172,12643.877918
-8.905388,171,12646.422219
11.304466,66,12646.531703
13.071994,132,12646.647485
13.924654,201,12647.553064
12.505043,109,12649.526115
13.044527,135,12650.086062
14.437607,187,12650.190595
10.626218,44,12651.60244
14.1114025,166,12657.755841
-7.7519293,104,12658.226833
13.411417,100,12661.598918
12.994888,136,12661.799617
13.139341,159,12661.920596
14.794791,206,12663.102062
11.616985,51,12663.671148
12.850319,128,12664.658363
14.161919,138,12665.21829
11.538832,72,12666.512552
11.411341,47,12667.244479
15.311832,176,12667.58116
13.386538,156,12669.389314
11.619241,52,12669.624807
9.877001,300,12670.437846
11.439223,50,12672.961979
10.758918,82,12674.628308
13.697798,108,12675.377358
11.407088,100,12676.017204
10.9742365,30,12676.256407
13.884104,142,12677.708038
15.244089,168,12680.931428
13.246721,107,12681.385218
12.053373,69,12682.298159
11.842946,63,12682.402318
11.96286,72,12684.112678
14.76074,169,12685.648613
14.787795,163,12686.014311
11.921834,94,12688.282643
15.284864,171,12689.584675
12.483054,79,12689.813823
14.410368,181,12689.921049
13.230315,133,12691.145832
10.888592,30,12691.624759
12.400895,103,12693.85845
13.154828,100,12695.304366
12.274858,84,12695.304423
-27.904415,470,12695.521386
12.026067,83,12699.235122
11.159502,70,12699.568624
11.542943,60,12702.211595
14.277777,178,12702.58982
12.677223,190,12702.951874
13.97792,179,12705.890857
12.877116,150,12707.020619
12.12895,123,12707.90986
13.028634,150,12708.222025
12.801076,120,12708.989011
12.678063,192,12711.313225
12.43191,79,12711.446472
10.95158,34,12712.766203
8.912806,131,12714.348712
10.176406,37,12715.482432
11.085506,71,12716.166515
10.398951,46,12716.592129
11.866902,175,12718.999818
12.34199,165,12720.816027
11.4379,167,12721.769037
11.996624,72,12722.587171
13.419872,144,12724.149753
13.3785515,175,12726.83278
11.377232,123,12726.832851
13.8682165,193,12727.768849
12.697316,297,12729.371391
13.345816,125,12729.80698
-8.402229,117,12730.023221
12.098005,123,12730.287821
10.604672,30,12732.798871
12.766378,98,12733.015747
13.396039,122,12733.015805
10.355751,57,12733.400282
12.24152,160,12739.009964
10.643479,53,12739.272195
10.505618,56,12739.272251
11.619066,62,12739.755744
13.659192,159,12740.694768
12.312246,159,12742.282132
11.152206,39,12743.761052
13.114441,133,12745.124295
14.841793,154,12745.25521
14.702156,166,12745.721428
11.267963,46,12745.961745
13.967039,137,12748.600476
15.501104,177,12749.974848
10.2046385,54,12749.97492
15.144458,190,12751.892059
11.138896,116,12752.564498
12.840217,113,12752.678519
13.432438,134,12754.335171
11.022853,106,12757.152256
13.202171,132,12760.892646
-9.296254,98,12761.004682
12.751083,112,12761.211159
15.140452,153,12762.958142
14.778539,192,12763.999446
13.6885395,134,12765.064287
11.597633,106,12766.381579
13.677132,141,12767.878728
12.209247,96,12768.103204
13.154802,141,12768.549235
14.028628,143,12768.889874
14.497304,208,12768.889933
11.819864,78,12770.150411
11.936575,66,12770.615966
10.353071,28,12773.838199
10.47764,32,12773.83827
10.536039,50,12774.621813
10.326067,64,12776.221931
13.537632,148,12777.81071
14.79121,154,12778.586844
10.991709,122,12779.046241
11.088952,44,12779.624758
-10.051632,22,12782.209834
12.469485,121,12782.442514
13.25279,161,12784.780685
12.363642,100,12785.216372
13.519962,160,12786.169071
15.311245,201,12787.051995
11.246912,50,12788.056851
12.97814,99,12790.333652
12.292371,118,12791.230618
14.6335125,206,12791.58533
14.1745,173,12793.463945
12.10099,66,12793.597339
12.123938,85,12796.664777
13.095449,130,12796.895061
14.844212,171,12797.997962
11.333169,71,12798.327563
13.421192,123,12798.665442
13.148309,129,12799.788025
12.110986,215,12800.612919
11.91279,91,12801.874897
12.174767,88,12803.48305
12.381447,94,12804.254793
11.301814,84,12806.172542
11.301248,72,12806.509305
14.638892,193,12809.849926
12.075445,116,12809.955266
13.290773,188,12812.407301
-10.06706,3,12812.728952
12.825386,115,12814.77363
14.793402,164,12816.47725
12.708773,95,12816.810637
12.836159,112,12816.810697
14.513315,167,12817.483187
11.328863,52,12818.609889
14.423231,165,12819.210292
14.499369,183,12820.420631
12.953743,140,12822.236779
12.115126,168,12822.348582
11.399278,60,12823.239334
12.418834,128,12824.412439
14.66946,161,12828.099642
11.272486,78,12828.09971
11.127412,106,12829.56365
11.590251,74,12830.707131
11.368692,144,12831.165604
12.026394,133,12831.967173
13.282126,124,12832.792225
9.847597,84,12832.898803
12.51927,122,12834.389028
-8.957309,101,12836.050993
14.344837,194,12839.028508
12.019741,73,12839.141107
11.356576,77,12841.687999
13.351534,140,12843.995994
13.452688,131,12844.435532
14.245537,154,12845.523364
13.99366,208,12845.98136
13.25241,128,12846.456337
11.85296,84,12851.173086
14.310695,149,12851.27633
10.887951,52,12851.955136
12.091828,85,12853.66173
13.205492,134,12854.252943
14.398329,216,12857.327662
12.190694,246,12859.196995
13.208052,128,12860.192231
13.737629,121,12860.306194
12.592998,214,12860.306254
14.640764,196,12861.250849
11.5558,96,12862.166021
11.868966,86,12863.582717
11.237834,56,12863.814319
15.228324,172,12864.15076
11.008903,42,12865.074972
12.473353,116,12865.306404
12.802237,109,12866.767729
10.972442,36,12868.204958
10.900663,34,12868.932213
15.135372,173,12871.092605
13.988577,125,12873.409625
12.318783,118,12873.777657
12.97039,124,12874.412575
12.846514,108,12877.444301
10.927852,49,12878.944071
12.425909,98,12879.272259
13.897355,152,12880.717772
14.406021,169,12882.828077
14.510387,206,12885.36722
14.479385,177,12886.592148
9.323852,82,12888.117353
13.7294,241,12888.466576
12.820421,155,12888.46664
14.703535,184,12889.637155
13.67684,154,12891.093598
14.916893,172,12893.844027
13.8219795,165,12896.022404
13.31374,161,12897.408403
12.506894,114,12898.34049
10.7433,167,12899.568073
12.535859,116,12899.791569
12.550497,166,12901.60903
11.767794,72,12901.971915
13.130477,112,12902.295642
13.189478,125,12902.295709
11.605316,60,12902.883616
13.1694565,133,12903.507022
11.022961,39,12903.935731
11.719847,53,12907.555239
14.225443,177,12908.448276
11.524172,78,12911.049201
14.361078,177,12911.049258
12.558929,105,12911.586772
10.382287,141,12914.234354
10.601375,28,12914.234417
11.728832,117,12915.467972
13.288784,116,12917.036196
11.46692,57,12917.507015
11.4592495,189,12918.813441
14.577232,138,12919.184705
11.707208,66,12919.184772
13.70046,132,12922.582377
14.956688,185,12922.936062
11.8975725,59,12923.86602
14.99658,191,12924.54053
12.63335,159,12926.583682
12.580643,123,12928.254677
12.963951,95,12930.045429
12.975031,104,12931.039142
13.935823,122,12931.523173
11.263881,68,12931.626874
12.028516,144,12931.964506
10.21209,49,12932.194252
10.901337,95,12933.504415
12.293138,100,12934.358151
10.535504,21,12935.874844
11.679138,117,12937.877474
11.408835,65,12938.90777
12.957911,234,12940.949526
12.80791,197,12941.288271
12.3429785,93,12941.632092
12.090342,100,12943.522999
11.465232,71,12943.890829
11.869233,66,12948.254827
13.111319,179,12948.48594
13.881678,151,12948.593923
13.013652,155,12949.429707
14.124329,152,12951.466447
12.615279,95,12954.152719
14.913767,184,12958.550352
12.001241,90,12958.784856
14.424084,177,12961.164313
12.816549,199,12961.273992
13.096764,120,12962.043726
14.377664,164,12962.276786
13.603906,133,12963.290576
13.084853,108,12963.626617
12.948718,212,12965.432416
14.055723,151,12966.412404
12.721338,82,12968.03756
12.063545,341,12968.494431
11.071422,56,12970.008288
12.672857,145,12970.573819
12.002214,86,12970.983204
12.491019,79,12974.298998
11.451834,63,12975.125407
13.189585,163,12976.88872
11.556513,68,12978.119612
13.354585,152,12979.153062
12.786501,169,12980.257518
12.848948,94,12980.594977
15.180668,171,12981.6193
12.478888,118,12981.821055
10.710079,34,12982.051749
14.140318,194,12985.270378
10.685579,29,12985.409148
12.845562,115,12987.404827
11.168474,68,12988.284305
14.455405,154,12988.424999
12.116856,122,12988.995434
10.924393,90,12989.42452
11.140803,71,12989.88707
14.284521,219,12991.236265
11.385216,95,12992.365736
-9.397912,67,13000.045984
13.531054,103,13001.215501
12.5492735,101,13002.846617
11.5633545,235,13003.749477
13.009316,136,13004.510547
13.93053,156,13005.20671
13.072533,159,13006.470892
14.743423,189,13006.879605
12.331635,76,13008.722164
11.008455,44,13008.722218
13.562785,190,13010.047665
11.742922,65,13010.149981
13.9111185,264,13010.269659
11.893113,224,13010.739162
13.624049,192,13011.774527
11.256827,52,13014.678086
14.117359,128,13015.812568
11.097015,46,13016.022663
12.121641,88,13016.464794
14.144089,143,13020.729034
13.422718,138,13024.379793
13.589542,174,13024.961916
13.882687,170,13026.21683
13.073666,102,13027.290124
12.064879,101,13027.416871
13.182924,115,13027.648115
14.407833,167,13029.056072
15.197774,170,13031.075031
13.08569,139,13032.240827
14.274887,213,13034.525789
12.568606,82,13037.009765
12.150027,95,13037.009833
11.369362,56,13037.445015
11.54286,59,13038.97753
13.8289,162,13039.202584
13.030741,138,13040.597724
11.65288,72,13042.557679
14.458395,162,13042.666007
15.064663,155,13044.802745
11.322948,178,13049.002717
12.558683,114,13049.616588
11.365834,353,13049.959909
12.355527,89,13054.706325
13.969069,153,13055.950716
14.006212,173,13056.765681
13.525757,171,13058.216784
12.253162,144,13058.774601
14.757004,178,13060.510204
-8.158793,213,13060.872787
12.183384,104,13061.815386
14.981236,185,13063.3543
14.475122,153,13066.140895
8.397705,105,13068.514394
12.026067,79,13069.340002
-10.73225,384,13070.594861
14.979219,188,13070.827793
13.16507,136,13071.27534
9.791406,86,13072.940871
10.66349,48,13073.950247
13.893162,127,13075.082494
11.294484,54,13076.689353
14.335381,201,13077.360476
13.995168,151,13078.7786
11.029781,59,13079.656132
12.959774,197,13080.461294
14.621054,194,13080.674159
10.741069,74,13082.345142
14.589855,150,13083.169213
11.566265,70,13084.590858
12.153762,128,13085.723434
12.53565,95,13088.138685
12.802725,155,13088.38533
14.441633,194,13091.390871
12.091101,108,13092.771512
11.629457,93,13092.978613
14.188844,161,13093.415657
13.145953,140,13094.667957
13.473964,128,13095.27327
10.519651,24,13095.501004
11.500663,104,13097.678646
9.944378,58,13098.024077
13.127325,173,13099.399282
13.751102,130,13099.506237
12.166418,149,13100.187881
12.448137,106,13100.296851
10.404087,38,13102.352815
10.3373,72,13103.748673
11.687399,52,13106.247797
10.783073,55,13106.482378
13.858285,162,13106.941428
11.813316,83,13109.03057
12.221812,126,13109.160383
14.432526,152,13112.702518
15.306421,174,13112.950452
10.515535,72,13115.263664
11.076608,55,13115.399482
14.127415,159,13115.96701
14.341997,197,13116.078675
12.3403,125,13116.771256
14.429207,154,13117.124923
12.87644,102,13118.228202
12.840136,147,13120.584448
12.377563,84,13122.31188
9.557152,42,13123.005442
13.512251,131,13124.135266
14.898209,174,13126.21073
11.20523,109,13127.872772
12.724272,153,13130.52109
13.772794,135,13130.73077
-9.967324,87,13133.071061
14.309385,149,13197.533959
13.655179,130,13198.844032
15.566226,177,13200.328483
13.74832,191,13201.149081
13.008671,103,13201.379786
11.498835,97,13202.261766
13.786272,141,13203.60497
12.514982,90,13204.272052
14.703999,164,13204.393273
12.180012,67,13205.036443
-7.6888046,243,13207.049124
13.027933,117,13207.049182
-10.208864,46,13208.722818
10.250436,42,13209.734676
10.851762,50,13209.956468
12.102779,73,13210.382369
12.048679,98,13211.297271
12.593887,124,13212.702362
11.446674,79,13213.042585
11.591757,108,13213.183408
14.051902,160,13214.30117
11.97299,78,13215.777857
11.463427,59,13216.61219
14.42572,138,13216.849921
10.523245,41,13217.422717
10.959454,73,13218.620763
10.618946,54,13219.317428
10.053464,52,13222.660548
-10.339285,52,13224.518942
12.655502,140,13224.518999
12.914645,121,13224.917773
11.413797,165,13225.593915
12.1915,79,13226.290168
14.765963,145,13229.41314
15.137123,180,13229.945759
13.214609,141,13230.188585
13.510258,142,13231.74136
13.028307,104,13234.336218
13.259842,140,13235.020257
15.643716,164,13235.02031
12.50275,108,13237.12501
12.32542,98,13237.380628
13.705561,134,13240.828415
12.347694,76,13243.804678
15.840338,175,13244.345626
11.13369,88,13244.453501
14.025332,201,13247.228145
13.442372,157,13248.018514
11.493247,70,13248.689461
14.42881,168,13249.02371
12.922357,108,13249.362991
11.548153,182,13250.048956
14.497657,172,13251.292056
13.68497,147,13251.757031
13.496907,134,13252.54468
12.099678,78,13252.544741
11.534923,57,13253.647673
9.63763,88,13258.5632
11.059959,57,13260.019585
13.717798,141,13260.254119
12.25815,102,13261.434061
14.360493,160,13262.258168
13.020569,117,13262.486901
13.088904,131,13263.712687
12.789281,107,13264.508475
12.075275,85,13268.086948
13.805882,159,13269.103751
14.321096,156,13269.221828
11.041838,66,13271.144159
12.294106,169,13271.446503
12.866884,105,13271.787386
10.428513,24,13274.249981
13.259697,122,13276.018992
11.929729,120,13276.01905
13.1543255,149,13278.302254
12.919598,162,13278.525947
12.19336,126,13278.760926
10.366194,75,13279.631379
8.588451,282,13279.740519
13.468893,106,13280.081373
12.472903,92,13282.21987
11.5195,53,13284.421572
11.599941,49,13285.552701
13.527097,153,13286.325857
12.408356,93,13286.431178
11.960594,74,13288.0574
13.827003,170,13288.371051
12.339527,89,13289.603966
12.987343,93,13292.707206
10.046321,71,13293.635212
14.349577,159,13293.984896
14.926515,148,13295.504506
12.737286,199,13296.732582
11.904005,74,13296.865454
13.262636,170,13297.556231
13.028783,101,13298.012035
12.924116,119,13300.047495
13.895398,152,13301.760057
13.44352,112,13302.490531
12.281946,76,13305.285737
-9.318675,105,13305.822567
12.270454,83,13307.312104
14.45278,177,13308.121634
13.829388,139,13308.485477
13.495926,130,13312.07262
14.075705,170,13312.740785
11.252599,117,13312.978027
12.734814,161,13313.505908
14.763008,167,13315.554286
13.123848,98,13318.267188
11.248188,53,13318.726236
12.681707,107,13320.007889
13.571971,166,13320.22605
15.256002,162,13320.462931
13.735001,138,13321.288009
10.895987,63,13322.720946
13.758477,159,13323.177572
11.883092,160,13326.447731
13.460754,168,13331.127065
12.082608,117,13331.590331
14.260284,165,13331.691705
15.685335,175,13333.393074
10.302683,29,13334.976964
13.823504,158,13336.67411
14.571228,135,13338.008496
9.256586,111,13339.011808
13.2973795,171,13339.644895
10.491542,80,13340.109707
14.382919,154,13340.542568
10.526247,31,13342.41587
11.567836,202,13343.353739
15.1301155,207,13343.488429
12.037427,76,13343.488483
10.978059,56,13345.96806
14.187334,153,13348.786298
12.327352,119,13349.989823
11.705447,62,13350.462211
12.726246,121,13351.582957
14.968371,163,13351.710128
-6.9202137,269,13351.710187
11.3902235,48,13355.497776
12.559473,89,13356.029447
14.428067,138,13356.130586
13.876188,126,13356.689606
14.678814,147,13356.689667
12.858304,128,13357.956892
12.6294155,91,13361.855861
14.046274,174,13362.991101
11.607272,58,13363.227442
13.520355,106,13363.695828
13.345373,120,13365.271302
-8.704207,68,13365.59153
12.1707735,96,13366.227978
13.308547,141,13366.371139
13.307972,156,13366.371192
-9.716609,17,13367.51685
12.533675,126,13370.339124
14.079561,135,13371.250283
10.354774,56,13372.761211
13.045866,98,13372.971507
11.908365,93,13373.771658
13.026203,105,13375.562811
11.643257,93,13376.830356
11.7657795,59,13377.044638
13.736676,188,13377.979376
-9.460228,96,13378.418288
14.963994,154,13382.780401
10.037412,48,13383.458683
14.688337,189,13384.429647
9.840847,111,13386.344421
14.450176,188,13387.743084
13.357899,99,13388.295326
13.255787,119,13390.380933
14.209827,125,13392.639868
14.683308,175,13392.877003
15.233163,191,13394.50475
11.000078,46,13395.680594
15.327909,179,13396.014958
13.961567,225,13396.930653
14.08285,130,13399.252577
12.03326,104,13399.587389
11.495505,100,13399.713993
15.198412,160,13400.984728
14.702002,163,13404.888411
12.506573,114,13405.57922
10.494787,45,13406.023596
14.322137,130,13407.61637
12.16228,123,13409.517445
13.219452,89,13409.748757
13.882335,145,13413.283933
12.482857,163,13414.405555
13.825154,182,13415.080613
11.317399,53,13415.759791
10.996569,80,13416.67887
14.750864,130,13419.682481
14.509518,191,13420.926673
10.882389,57,13420.926735
15.525756,160,13423.69372
14.382483,161,13424.24509
11.351163,49,13425.180743
13.051584,123,13430.60927
14.999112,194,13431.537401
12.856839,287,13432.130472
12.63839,170,13432.607008
10.829131,76,13432.908545
14.207096,122,13434.77742
14.025492,175,13434.993034
12.872795,125,13435.098098
15.068499,172,13435.312397
11.081904,40,13437.14761
11.251404,39,13439.128423
11.4086685,98,13444.092826
14.952632,182,13444.445714
14.002356,172,13444.780242
12.840997,97,13448.19911
14.031524,154,13448.199167
-22.777115,600,13451.687219
14.856419,186,13453.372489
15.032936,161,13453.751625
12.40737,84,13453.751686
13.971436,165,13453.998428
13.97988,130,13454.103888
12.159752,89,13454.652186
15.294569,195,13457.28322
10.672945,32,13457.729053
13.27561,233,13458.195007
10.614213,49,13458.999442
11.525677,95,13459.119509
9.566742,116,13461.495792
-8.052075,74,13463.055505
11.524759,54,13463.381394
13.564954,170,13464.17305
10.450837,27,13464.490619
10.72777,71,13467.050332
14.119711,142,13467.728348
12.733264,104,13470.688669
13.91743,152,13470.927437
15.479717,153,13471.034913
12.320333,93,13473.543979
12.31575,67,13474.704644
14.341322,191,13475.645478
15.571783,159,13475.747479
15.528457,190,13479.624216
14.246537,141,13480.101851
12.709851,89,13481.086329
14.248646,151,13481.519835
13.327528,181,13483.84361
12.733061,94,13484.19737
10.744146,52,13486.99585
14.0645485,144,13486.995917
13.877139,143,13487.128282
11.987946,102,13487.231467
12.225241,74,13488.04466
16.406607,179,13488.044717
13.293768,133,13489.718897
-10.258117,17,13489.972487
11.098166,38,13491.600508
12.468012,96,13492.538063
11.694801,110,13492.652585
11.888164,81,13493.457583
14.947254,183,13496.509972
12.379576,82,13496.630528
10.830481,38,13497.103422
11.961208,69,13497.81937
-6.0006776,142,13500.15798
13.299634,107,13500.387013
13.2882185,118,13500.630962
10.778433,41,13501.801171
12.417945,84,13502.234806
12.725535,123,13504.071459
10.991108,28,13507.224632
12.353596,101,13507.897629
15.392049,184,13508.025544
11.3320465,110,13509.061973
13.996138,155,13509.269686
13.699295,150,13510.558257
10.612383,29,13511.35325
12.093098,87,13511.58596
13.1858,106,13512.177996
12.750162,119,13514.213719
13.081132,144,13514.21378
11.165388,46,13514.442763
11.847165,57,13514.566585
12.146553,60,13517.577752
11.3910055,78,13518.356009
14.987991,157,13518.356078
14.93638,152,13519.632156
12.458,85,13521.963426
10.058484,49,13523.935042
13.810987,152,13524.775628
12.421091,91,13524.983482
13.674743,139,13527.36374
14.056854,160,13529.843084
14.861683,145,13530.6537
11.41811,91,13532.202199
15.914297,164,13532.773789
13.811928,137,13533.844579
11.56306,145,13533.975463
14.191228,177,13534.51443
-8.738011,103,13536.325568
12.454674,97,13538.285541
15.333659,169,13538.727077
13.116739,120,13543.424808
13.423996,97,13544.939644
12.574553,104,13545.639475
13.522133,117,13546.049785
13.986053,139,13546.382884
15.655546,207,13547.347795
14.848824,135,13547.549401
10.783878,100,13547.652701
13.664106,213,13549.023217
14.955388,145,13550.951782
10.756524,46,13551.300184
13.466246,122,13552.13532
12.815222,94,13555.606442
10.574798,86,13557.267769
14.154278,123,13557.395151
15.334833,191,13560.263364
13.603897,115,13560.586642
12.816948,117,13562.170423
12.787821,119,13564.272456
15.190891,168,13564.520639
11.711819,67,13564.863705
13.385316,122,13564.987985
16.095072,171,13565.661618
14.7679205,173,13566.769152
11.681541,55,13568.389551
13.955396,150,13568.996122
12.847442,122,13569.301579
10.593199,42,13570.477541
13.070494,91,13570.604709
13.408532,102,13572.152879
11.685951,70,13572.470848
11.316898,109,13576.665882
11.897551,60,13577.259552
12.519091,179,13577.468232
12.010207,76,13577.950296
10.749398,56,13578.527358
10.5926075,22,13580.467245
15.132746,153,13582.326795
13.747854,151,13583.924791
13.871073,131,13585.438068
14.30586,191,13586.576038
12.994005,126,13586.802417
13.515961,168,13587.491252
14.78088,178,13589.148403
11.400118,69,13593.194345
12.789925,162,13595.5998
-9.806053,29,13596.480959
15.214721,171,13596.829397
12.322125,136,13597.718873
13.5040455,155,13597.965415
15.482293,191,13600.14628
10.768604,40,13601.073905
10.521944,131,13601.433917
14.155181,136,13602.208585
14.473704,134,13604.379766
14.422213,183,13604.682994
14.296995,153,13604.786651
-10.105196,18,13606.376389
11.922228,83,13607.36571
12.533169,92,13610.351126
10.091914,53,13610.46191
-21.661423,307,13611.238063
13.702185,140,13613.324276
13.225266,167,13614.209274
12.322517,120,13614.312433
13.191457,119,13615.364311
10.315017,24,13616.06631
13.029415,109,13616.893165
12.767225,86,13616.893216
13.085925,192,13618.377816
11.46527,72,13618.61511
13.34827,112,13618.853056
10.419196,50,13620.06434
12.041498,75,13622.816447
10.831976,54,13623.088248
12.712688,118,13624.634028
14.008256,212,13625.209457
9.885281,73,13626.938084
13.522097,108,13627.729736
12.681368,114,13629.04759
12.160403,90,13629.047644
11.571656,61,13629.961271
15.41539,195,13632.443933
12.874996,90,13633.012637
11.805493,81,13633.777534
15.867952,170,13636.227712
15.80411,172,13639.637222
13.152728,102,13640.635491
14.320892,143,13643.855431
14.297073,140,13644.873196
10.604788,50,13645.177208
-10.244206,9,13645.869058
14.605593,186,13646.179351
14.3650875,123,13646.885636
13.379904,189,13648.254114
13.480583,115,13649.173236
12.949672,156,13651.417159
11.218197,49,13651.417215
10.598705,97,13651.517116
14.404718,193,13651.753733
13.970849,179,13652.642711
11.342997,103,13655.436702
-10.446696,57,13655.542733
10.722744,44,13657.629127
12.727456,145,13661.514983
-9.957612,88,13661.618939
14.175402,132,13661.746357
13.2641535,141,13662.086154
12.376949,125,13662.310035
13.557766,107,13663.396957
9.314439,107,13663.500036
