#{"t_start": 1769022056.4147177, "env_id": "None"}
r,l,t
-600.0,600,32.775242
-600.0,600,32.775315
-600.0,600,32.775328
-600.0,600,32.775339
-600.0,600,32.775349
-600.0,600,32.775358
-600.0,600,32.775377
-600.0,600,32.775386
-630.0,531,91.789453
-600.0,600,99.458427
-600.0,600,99.458502
-600.0,600,99.458513
-600.0,600,99.458522
-600.0,600,99.45853
-600.0,600,99.458539
-600.0,600,99.458547
-114.0,15,101.016685
-128.0,29,102.58396
-206.0,107,103.520942
-233.0,134,114.01333
-331.0,232,124.085691
-572.0,473,149.999123
-573.0,474,154.529375
-600.0,600,164.148417
-600.0,600,164.148485
-600.0,600,165.782865
-600.0,600,167.35818
-600.0,600,179.517464
-181.0,82,188.623742
-600.0,600,190.445181
-320.0,221,212.723848
-600.0,600,216.626984
-600.0,600,220.909756
-600.0,600,230.73854
-600.0,600,230.738613
-600.0,600,232.397938
-600.0,600,233.970219
-219.0,120,247.370634
-600.0,600,256.393892
-512.0,413,262.261898
-600.0,600,279.079425
-600.0,600,287.598969
-600.0,600,297.354014
-600.0,600,297.354083
-600.0,600,299.095047
-352.0,253,307.640108
-196.0,97,308.418599
-118.0,19,310.431831
-109.0,10,311.458836
-600.0,600,313.813874
-600.0,600,322.734748
-230.0,131,325.47511
-600.0,600,328.470488
-399.0,300,329.910393
-600.0,600,353.3266
-600.0,600,364.70886
-600.0,600,372.545876
-600.0,600,379.141659
-600.0,600,388.277903
-600.0,600,391.063094
-109.0,10,392.16505
-600.0,600,394.300496
-600.0,600,395.846758
-306.0,207,411.273844
-600.0,600,419.005669
-600.0,600,429.9641
-600.0,600,437.699295
-382.0,283,440.98033
-600.0,600,443.721255
-600.0,600,456.63429
-600.0,600,458.821125
-600.0,600,460.330909
-307.0,208,466.580024
-600.0,600,483.520272
-252.0,253,493.701535
-600.0,600,494.208905
-600.0,600,501.955693
-600.0,600,505.19392
-600.0,600,677.94453
-600.0,600,680.024534
-600.0,600,681.648699
-136.0,37,682.142288
-419.0,320,696.895229
-487.0,388,700.819222
-600.0,600,704.652368
-184.0,85,710.375861
-600.0,600,715.842069
-600.0,600,716.410652
-417.0,318,716.758966
-600.0,600,746.866867
-488.0,389,748.477278
-600.0,600,748.825078
-133.0,34,750.509218
-659.0,560,759.572153
-221.0,122,761.921174
-600.0,600,777.40233
-600.0,600,782.771743
-600.0,600,783.326508
-600.0,600,783.643732
-600.0,600,815.457978
-600.0,600,817.259447
-127.0,28,820.196751
-470.0,371,824.734071
-600.0,600,826.125643
-600.0,600,828.5057
-600.0,600,843.923984
-600.0,600,849.265807
-600.0,600,849.788464
-205.0,106,855.941504
-305.0,206,872.75827
-292.0,193,877.789917
-600.0,600,882.571728
-600.0,600,887.37274
-600.0,600,891.83504
-600.0,600,893.200365
-600.0,600,895.636589
-675.0,576,914.72854
-304.0,205,916.464079
-516.0,417,929.311352
-622.0,523,936.20829
-468.0,369,937.039116
-600.0,600,939.873779
-600.0,600,955.216615
-600.0,600,959.837477
-410.0,311,971.833485
-329.0,230,980.867506
-600.0,600,982.390117
-600.0,600,984.173675
-538.0,439,986.811488
-600.0,600,996.890524
-265.0,166,999.327145
-394.0,295,1004.764679
-600.0,600,1007.559482
-267.0,168,1023.504222
-600.0,600,1026.784153
-166.0,67,1030.854035
-537.0,438,1035.59522
-183.0,84,1040.192753
-600.0,600,1049.239152
-600.0,600,1051.015777
-600.0,600,1063.913384
-600.0,600,1066.398592
-125.0,26,1066.758474
-600.0,600,1074.68604
-610.0,511,1084.307545
-534.0,435,1089.593726
-331.0,232,1101.521651
-600.0,600,1103.910725
-597.0,498,1106.242745
-600.0,600,1119.798234
-600.0,600,1135.560649
-600.0,600,1135.913679
-600.0,600,1153.308123
-600.0,600,1158.534057
-600.0,600,1169.896887
-600.0,600,1172.210696
-600.0,600,1174.495618
-600.0,600,1187.922869
-367.0,268,1188.616118
-518.0,419,1200.681987
-600.0,600,1203.512458
-600.0,600,1203.894036
-600.0,600,1403.314282
-600.0,600,1405.618035
-600.0,600,1407.674304
-176.0,77,1413.961271
-546.0,447,1418.983093
-600.0,600,1420.766901
-600.0,600,1421.465105
-125.0,26,1424.436806
-600.0,600,1432.985651
-233.0,134,1433.608353
-600.0,600,1436.063928
-356.0,357,1442.673468
-280.0,181,1454.204384
-363.0,264,1472.682062
-600.0,600,1475.061221
-568.0,469,1477.20499
-465.0,366,1477.809258
-600.0,600,1481.478341
-600.0,600,1488.418085
-604.0,505,1490.379575
-296.0,197,1495.155908
-240.0,141,1497.63349
-600.0,600,1522.1346
-340.0,341,1535.772716
-564.0,465,1540.656095
-600.0,600,1542.569831
-691.0,592,1543.820803
-600.0,600,1545.302076
-600.0,600,1557.82152
-600.0,600,1562.550025
-194.0,195,1564.557648
-238.0,139,1573.23855
-396.0,297,1573.881367
-385.0,286,1577.391845
-294.0,195,1584.516768
-105.0,6,1585.201653
-669.0,570,1586.220025
-140.0,141,1590.007622
-124.0,25,1592.750594
-600.0,600,1603.100017
-198.0,199,1608.143285
-600.0,600,1610.922223
-203.0,104,1614.386339
-430.0,331,1621.704103
-600.0,600,1631.4425
-600.0,600,1640.416428
-600.0,600,1644.247369
-237.0,138,1646.90441
-441.0,442,1657.398424
-600.0,600,1659.606092
-600.0,600,1677.912037
-109.0,10,1678.986661
-630.0,531,1681.027635
-600.0,600,1681.37647
-130.0,31,1684.639345
-476.0,377,1688.894099
-251.0,152,1695.752043
-551.0,552,1701.833914
-600.0,600,1711.774374
-111.0,112,1714.933191
-611.0,512,1715.178224
-387.0,388,1724.820079
-600.0,600,1726.606658
-282.0,283,1727.624347
-110.0,11,1728.790899
-506.0,407,1734.519807
-198.0,99,1735.991103
-343.0,244,1741.814301
-161.0,62,1742.86508
-625.0,526,1743.44633
-271.0,172,1753.77121
-417.0,418,1758.066334
-342.0,343,1764.805633
-122.0,23,1767.45397
-492.0,493,1769.799803
-135.0,36,1773.837005
-287.0,188,1779.2668
-600.0,600,1796.908853
-514.0,415,1801.290843
-339.0,240,1801.938438
-600.0,600,1810.293482
-600.0,600,1811.516214
-600.0,600,1812.130184
-122.0,23,1813.05405
-474.0,375,1822.315746
-158.0,159,1830.32177
-442.0,343,1835.322704
-600.0,600,1835.539688
-169.0,70,1838.160596
-261.0,262,1840.478226
-265.0,266,1841.429285
-233.0,134,1855.976416
-508.0,409,1867.276933
-390.0,291,1867.384529
-600.0,600,1867.746441
-600.0,600,1868.364914
-516.0,417,1886.555356
-299.0,300,1889.56746
-331.0,232,1893.62649
-188.0,89,1899.881591
-600.0,600,1902.827444
-600.0,600,1905.231514
-322.0,223,1911.987313
-121.0,122,1916.474678
-172.0,73,1920.024339
-329.0,230,1925.646058
-610.0,511,1926.102118
-600.0,600,1934.880563
-600.0,600,1935.194593
-315.0,216,1948.839111
-308.0,309,1950.169304
-118.0,19,1952.383214
-634.0,535,1952.902169
-295.0,196,1956.458494
-264.0,165,2100.407238
-600.0,600,2101.14995
-273.0,174,2101.943285
-276.0,177,2105.908357
-600.0,600,2115.575016
-600.0,600,2121.296344
-600.0,600,2130.083883
-295.0,296,2134.009829
-149.0,150,2137.598521
-70.0,71,2137.803453
-600.0,600,2144.294726
-206.0,107,2145.596139
-266.0,167,2155.704733
-600.0,600,2165.706442
-600.0,600,2166.463906
-338.0,239,2170.477384
-600.0,600,2171.130572
-236.0,237,2171.543
-551.0,552,2175.743145
-78.0,79,2179.082703
-257.0,258,2184.071218
-94.0,95,2186.136373
-138.0,39,2190.593044
-114.0,15,2192.24905
-646.0,547,2197.960491
-163.0,164,2202.394451
-346.0,247,2206.530032
-533.0,434,2219.064499
-250.0,151,2223.099129
-86.0,87,2228.509758
-600.0,600,2231.763733
-600.0,600,2232.519266
-300.0,301,2235.430612
-115.0,116,2235.860365
-600.0,600,2237.756382
-426.0,427,2239.298884
-101.0,2,2239.546389
-116.0,17,2241.356851
-53.0,54,2241.793063
-129.0,30,2244.973294
-119.0,120,2250.647145
-483.0,484,2250.857291
-180.0,181,2251.384578
-189.0,90,2260.201348
-92.0,93,2261.370271
-112.0,113,2263.09543
-159.0,60,2269.51561
-393.0,294,2273.0445
-445.0,446,2293.312956
-600.0,600,2293.719907
-134.0,35,2296.977427
-600.0,600,2297.530528
-465.0,366,2300.065039
-600.0,600,2300.378061
-361.0,262,2301.421094
-66.0,67,2304.246791
-118.0,19,2306.368275
-124.0,125,2307.225771
-169.0,70,2307.988382
-178.0,79,2315.62626
-249.0,150,2316.185502
-217.0,118,2319.038053
-609.0,510,2324.813411
-600.0,600,2326.388851
-205.0,206,2341.409939
-421.0,322,2342.814842
-520.0,421,2347.01988
-397.0,298,2357.223854
-247.0,148,2357.643404
-600.0,600,2362.671585
-338.0,339,2363.326973
-159.0,60,2364.064508
-564.0,465,2366.286681
-178.0,79,2374.781326
-425.0,326,2378.204146
-600.0,600,2381.450396
-111.0,12,2382.86191
-62.0,63,2385.436314
-362.0,363,2386.876488
-108.0,9,2387.899957
-194.0,95,2393.544684
-131.0,132,2402.723343
-450.0,451,2414.066702
-567.0,468,2415.205299
-600.0,600,2423.404589
-189.0,90,2423.807955
-600.0,600,2428.698885
-600.0,600,2440.612909
-554.0,555,2446.080694
-311.0,212,2446.495397
-600.0,600,2458.882839
-433.0,434,2462.013638
-248.0,149,2462.728423
-600.0,600,2467.690654
-49.0,50,2468.132434
-47.0,48,2473.354738
-613.0,514,2478.936383
-142.0,43,2483.646034
-527.0,428,2487.256437
-241.0,142,2488.862185
-390.0,291,2490.596037
-600.0,600,2493.668397
-50.0,51,2494.334181
-45.0,46,2495.582134
-127.0,28,2497.424425
-471.0,372,2508.05856
-103.0,4,2508.499941
-600.0,600,2511.15501
-569.0,470,2512.959034
-274.0,275,2516.98544
-102.0,3,2517.330771
-105.0,6,2518.034296
-122.0,123,2524.780642
-227.0,128,2532.102555
-526.0,427,2542.267591
-644.0,545,2543.131282
-36.0,37,2547.321594
-465.0,366,2548.942286
-61.0,62,2554.257879
-600.0,600,2559.586184
-600.0,600,2563.217713
-135.0,36,2563.457425
-210.0,111,2566.249289
-107.0,8,2567.175554
-485.0,386,2567.292281
-487.0,388,2574.803602
-351.0,252,2576.366084
-600.0,600,2578.959528
-272.0,173,2582.164837
-81.0,82,2587.938983
-276.0,277,2593.842222
-592.0,493,2596.595858
-157.0,158,2605.567494
-379.0,380,2609.28684
-153.0,154,2611.136261
-545.0,546,2627.092337
-108.0,109,2743.576792
-600.0,600,2745.191676
-600.0,600,2746.758976
-51.0,52,2750.738969
-600.0,600,2752.392064
-150.0,51,2757.967284
-146.0,47,2763.07093
-600.0,600,2766.743036
-600.0,600,2775.764496
-383.0,284,2778.058929
-600.0,600,2779.297309
-600.0,600,2781.060159
-158.0,159,2784.076776
-196.0,97,2791.520669
-238.0,139,2794.390363
-275.0,176,2797.045876
-89.0,90,2801.310139
-159.0,160,2801.52744
-68.0,69,2801.8455
-247.0,248,2802.603868
-27.0,28,2805.560746
-600.0,600,2808.849491
-600.0,600,2815.931651
-50.0,51,2821.580268
-662.0,563,2824.324793
-106.0,7,2825.114203
-249.0,250,2828.36446
-119.0,120,2834.624097
-118.0,119,2838.261732
-58.0,59,2841.320756
-569.0,470,2848.405988
-160.0,61,2855.121442
-545.0,546,2861.834976
-600.0,600,2867.229269
-696.0,597,2871.355912
-600.0,600,2875.150655
-113.0,114,2879.745507
-309.0,210,2884.712781
-64.0,65,2886.73214
-62.0,63,2893.697148
-600.0,600,2894.799658
-85.0,86,2903.210966
-600.0,600,2904.582825
-329.0,330,2907.550357
-600.0,600,2907.654994
-129.0,30,2907.904731
-241.0,142,2910.481889
-144.0,45,2912.407758
-137.0,38,2914.659492
-64.0,65,2915.034158
-125.0,126,2917.158768
-144.0,45,2917.49895
-112.0,13,2918.586313
-114.0,15,2920.265038
-600.0,600,2921.341006
-105.0,106,2926.612893
-70.0,71,2929.066843
-402.0,403,2929.184212
-66.0,67,2936.422897
-563.0,564,2936.968109
-156.0,157,2937.418605
-86.0,87,2938.690012
-113.0,14,2940.198802
-224.0,125,2950.654193
-76.0,77,2959.007179
-482.0,383,2959.363528
-509.0,410,2959.621276
-112.0,13,2960.485614
-108.0,9,2961.455393
-111.0,12,2962.726887
-62.0,63,2969.441177
-285.0,286,2971.241271
-600.0,600,2973.142293
-69.0,70,2978.959821
-55.0,56,2984.888589
-600.0,600,2991.826606
-172.0,73,2992.795276
-600.0,600,3001.522256
-600.0,600,3002.583186
-558.0,459,3009.242067
-78.0,79,3011.074836
-633.0,534,3017.161427
-215.0,116,3023.470981
-161.0,62,3023.720423
-343.0,244,3027.8942
-600.0,600,3034.566875
-64.0,65,3035.072709
-225.0,126,3037.571517
-600.0,600,3038.234293
-434.0,435,3040.06739
-155.0,156,3040.652098
-69.0,70,3048.212451
-188.0,89,3049.726312
-600.0,600,3056.984773
-202.0,203,3060.407596
-310.0,311,3068.36077
-93.0,94,3070.470334
-127.0,28,3071.293269
-436.0,337,3074.167534
-600.0,600,3074.378633
-58.0,59,3076.895613
-160.0,61,3078.055841
-174.0,75,3082.758725
-116.0,117,3087.154912
-98.0,99,3093.329731
-456.0,357,3095.721737
-600.0,600,3100.259994
-480.0,481,3100.492984
-477.0,478,3101.659218
-118.0,19,3102.332641
-68.0,69,3103.467538
-298.0,199,3108.988979
-203.0,104,3112.34881
-186.0,187,3123.688623
-568.0,469,3129.051215
-428.0,329,3130.293899
-197.0,198,3134.657145
-123.0,124,3143.130862
-460.0,361,3144.38207
-600.0,600,3145.118603
-103.0,104,3146.626878
-55.0,56,3149.576394
-46.0,47,3149.79615
-64.0,65,3157.081978
-399.0,300,3157.619218
-228.0,129,3163.702124
-68.0,69,3165.006091
-614.0,515,3166.776945
-337.0,338,3168.108186
-600.0,600,3169.184787
-312.0,313,3181.428955
-118.0,119,3181.538169
-114.0,15,3183.176314
-147.0,148,3183.38721
-136.0,137,3184.587018
-25.0,26,3186.29448
-59.0,60,3191.387729
-91.0,92,3196.486817
-144.0,145,3197.520777
-419.0,320,3200.88342
-136.0,37,3205.059062
-110.0,111,3210.119023
-600.0,600,3212.22663
-203.0,104,3216.89792
-600.0,600,3224.046708
-198.0,99,3228.007348
-120.0,21,3230.309733
-600.0,600,3231.096768
-174.0,175,3231.841483
-72.0,73,3232.287379
-86.0,87,3240.09731
-89.0,90,3241.94347
-411.0,312,3245.253762
-63.0,64,3249.197994
-600.0,600,3250.63708
-112.0,113,3257.91658
-600.0,600,3258.869781
-236.0,237,3258.979932
-180.0,81,3259.803108
-110.0,111,3261.743708
-600.0,600,3264.248497
-216.0,117,3273.261323
-132.0,133,3274.22418
-97.0,98,3284.220477
-106.0,107,3286.122495
-111.0,12,3287.563661
-600.0,600,3365.326939
-241.0,142,3370.01755
-490.0,391,3372.352384
-600.0,600,3374.236143
-515.0,416,3377.499699
-254.0,255,3379.15602
-78.0,79,3381.074031
-114.0,115,3386.942809
-185.0,86,3388.896102
-285.0,186,3390.986316
-117.0,118,3390.98637
-600.0,600,3392.337677
-600.0,600,3393.27238
-130.0,31,3394.791487
-54.0,55,3395.671353
-98.0,99,3399.028298
-90.0,91,3401.900896
-31.0,32,3405.740871
-236.0,137,3408.463991
-154.0,155,3412.915517
-187.0,188,3415.452699
-178.0,179,3416.638008
-36.0,37,3417.343067
-109.0,10,3417.786014
-106.0,7,3418.544868
-181.0,82,3424.760046
-167.0,68,3426.222509
-165.0,166,3427.573793
-36.0,37,3431.919431
-328.0,229,3432.033484
-136.0,137,3432.91727
-600.0,600,3434.286369
-79.0,80,3435.458463
-54.0,55,3440.549858
-51.0,52,3441.390313
-185.0,86,3442.806737
-96.0,97,3443.134977
-107.0,108,3444.252328
-47.0,48,3449.719869
-600.0,600,3450.51833
-88.0,89,3453.227599
-34.0,35,3454.395752
-158.0,159,3460.721173
-211.0,212,3465.502757
-100.0,101,3465.932218
-600.0,600,3467.783144
-320.0,221,3478.495978
-388.0,289,3482.659122
-162.0,163,3484.178834
-600.0,600,3493.216393
-54.0,55,3499.517965
-135.0,36,3503.461759
-600.0,600,3508.898907
-380.0,281,3515.976447
-73.0,74,3517.155056
-134.0,135,3518.708933
-578.0,479,3520.376545
-53.0,54,3522.178726
-133.0,34,3525.910788
-600.0,600,3528.924354
-600.0,600,3535.574478
-150.0,151,3542.718197
-600.0,600,3545.963725
-271.0,172,3547.980492
-600.0,600,3550.057861
-351.0,352,3556.697476
-194.0,195,3557.611249
-69.0,70,3558.215917
-126.0,127,3560.432183
-33.0,34,3560.53645
-38.0,39,3561.977878
-226.0,127,3562.487391
-162.0,63,3569.315799
-78.0,79,3569.659825
-123.0,124,3572.550769
-377.0,278,3574.543191
-107.0,108,3575.154529
-539.0,540,3580.300322
-109.0,110,3582.327029
-131.0,32,3585.999708
-600.0,600,3588.599245
-158.0,159,3590.898255
-123.0,24,3591.389828
-374.0,275,3601.087202
-83.0,84,3610.759772
-351.0,352,3620.23846
-399.0,400,3620.764664
-248.0,149,3627.575201
-600.0,600,3628.927809
-84.0,85,3629.572807
-83.0,84,3629.995601
-104.0,5,3630.102017
-163.0,64,3634.722699
-102.0,3,3635.112686
-394.0,395,3635.42342
-417.0,418,3638.359661
-582.0,483,3640.247883
-682.0,583,3640.490564
-128.0,129,3643.341593
-41.0,42,3645.076134
-41.0,42,3648.142131
-67.0,68,3648.251401
-53.0,54,3654.232273
-102.0,103,3659.67992
-87.0,88,3669.151609
-482.0,383,3677.944192
-42.0,43,3682.898575
-114.0,15,3684.567912
-125.0,26,3687.441924
-628.0,529,3689.017473
-496.0,497,3690.444743
-600.0,600,3697.15767
-69.0,70,3698.394228
-99.0,100,3698.723879
-104.0,105,3700.765005
-600.0,600,3705.29812
-600.0,600,3711.96694
-161.0,62,3712.349162
-600.0,600,3721.520581
-109.0,110,3724.982065
-152.0,153,3729.645205
-684.0,585,3735.879401
-197.0,198,3744.933007
-278.0,179,3765.906811
-600.0,600,3766.958429
-600.0,600,3768.22123
-600.0,600,3768.553146
-600.0,600,3770.857522
-427.0,328,3774.528369
-170.0,71,3778.959228
-128.0,129,3780.804002
-135.0,36,3783.102942
-88.0,89,3784.778804
-48.0,49,3788.932305
-123.0,124,3795.28213
-343.0,244,3795.282195
-600.0,600,3795.554712
-335.0,236,3795.696229
-600.0,600,3800.202094
-221.0,122,3803.059821
-120.0,121,3814.078898
-256.0,257,3814.511955
-180.0,181,3816.403097
-94.0,95,3825.772532
-98.0,99,3828.334597
-132.0,133,3829.879821
-600.0,600,3838.433408
-483.0,384,3847.59866
-96.0,97,3849.464287
-578.0,479,3850.821106
-114.0,15,3851.189764
-380.0,281,3858.457333
-600.0,600,3865.287566
-600.0,600,3865.573385
-436.0,337,3886.845148
-553.0,554,3892.706039
-371.0,272,3897.121179
-104.0,5,3897.653245
-112.0,13,3899.199372
-600.0,600,3899.619275
-71.0,72,3901.125961
-52.0,53,3905.671787
-86.0,87,3909.101206
-115.0,16,3910.85282
-108.0,109,3913.46837
-600.0,600,3920.597209
-600.0,600,3920.968503
-136.0,137,3926.908809
-600.0,600,3928.268137
-64.0,65,3928.754963
-75.0,76,4038.579397
-146.0,147,4039.80991
-600.0,600,4043.898538
-104.0,105,4048.177525
-120.0,121,4051.365494
-152.0,153,4055.532182
-46.0,47,4060.642674
-101.0,102,4062.881465
-600.0,600,4065.420163
-370.0,271,4070.084552
-139.0,140,4077.39286
-58.0,59,4084.412384
-600.0,600,4084.803426
-145.0,146,4087.666862
-513.0,414,4092.729754
-238.0,239,4094.315255
-26.0,27,4096.109805
-214.0,115,4098.485984
-294.0,295,4098.48606
-252.0,153,4103.465029
-103.0,4,4103.926323
-109.0,110,4109.556017
-98.0,99,4110.591549
-600.0,600,4111.200612
-158.0,159,4113.918767
-34.0,35,4113.918855
-135.0,36,4115.119143
-243.0,244,4117.542161
-600.0,600,4120.218537
-61.0,62,4121.455437
-95.0,96,4122.987224
-45.0,46,4128.014621
-197.0,98,4131.346775
-221.0,122,4131.708332
-109.0,10,4132.881879
-110.0,111,4134.248294
-284.0,185,4136.753553
-149.0,50,4137.280782
-25.0,26,4140.484471
-117.0,118,4154.533813
-81.0,82,4163.860734
-600.0,600,4170.026025
-187.0,88,4174.563645
-600.0,600,4175.420219
-80.0,81,4179.973114
-63.0,64,4182.610084
-115.0,16,4184.592118
-600.0,600,4185.469789
-70.0,71,4188.629498
-47.0,48,4191.052468
-77.0,78,4193.928855
-600.0,600,4199.622487
-600.0,600,4204.136515
-600.0,600,4205.370431
-150.0,151,4205.960135
-600.0,600,4207.899545
-74.0,75,4208.02589
-180.0,81,4215.187964
-106.0,107,4217.034275
-221.0,122,4220.691629
-158.0,59,4224.107942
-46.0,47,4226.249439
-109.0,110,4228.232899
-202.0,103,4240.359601
-292.0,293,4242.999515
-270.0,171,4246.604603
-600.0,600,4246.897909
-307.0,208,4248.791676
-95.0,96,4252.091405
-149.0,50,4257.986022
-241.0,142,4260.103232
-217.0,118,4260.946459
-225.0,126,4261.700909
-600.0,600,4262.194412
-600.0,600,4265.011231
-168.0,69,4266.366643
-144.0,45,4266.518646
-55.0,56,4268.573902
-66.0,67,4270.42012
-32.0,33,4270.534017
-147.0,48,4270.928175
-163.0,64,4277.891431
-600.0,600,4279.694012
-98.0,99,4281.93298
-145.0,146,4285.864068
-172.0,173,4286.971063
-36.0,37,4290.293835
-104.0,105,4299.341747
-119.0,120,4304.615212
-73.0,74,4308.458337
-429.0,330,4317.361088
-496.0,397,4318.247932
-600.0,600,4320.603512
-102.0,103,4320.717377
-516.0,517,4322.023241
-65.0,66,4325.554468
-187.0,188,4327.484847
-118.0,119,4335.200456
-127.0,128,4336.522904
-204.0,105,4338.27373
-166.0,167,4338.620294
-595.0,496,4341.885951
-131.0,132,4343.299831
-222.0,123,4350.793286
-600.0,600,4351.576745
-214.0,115,4355.246897
-243.0,144,4355.362141
-104.0,5,4355.922875
-260.0,161,4357.032581
-115.0,16,4357.92037
-145.0,146,4360.446976
-100.0,101,4363.832608
-118.0,119,4365.266026
-357.0,258,4366.032477
-95.0,96,4369.57911
-175.0,76,4369.698263
-138.0,139,4379.931193
-193.0,94,4380.333178
-154.0,155,4383.172255
-157.0,158,4384.258654
-39.0,40,4385.072813
-350.0,251,4386.881237
-149.0,150,4387.258007
-124.0,25,4387.404634
-141.0,42,4392.473823
-600.0,600,4393.596312
-194.0,95,4396.621108
-244.0,145,4397.449084
-88.0,89,4397.565343
-151.0,52,4404.065127
-241.0,142,4404.696947
-99.0,100,4404.853737
-117.0,118,4408.022954
-42.0,43,4412.748925
-128.0,129,4412.892533
-355.0,256,4413.809131
-83.0,84,4414.18024
-120.0,21,4415.471408
-117.0,118,4417.834315
-178.0,179,4418.097845
-38.0,39,4422.501695
-152.0,153,4422.793279
-203.0,104,4425.608163
-104.0,5,4426.208154
-692.0,593,4426.333724
-113.0,114,4427.782649
-121.0,122,4429.077934
-115.0,116,4429.564018
-66.0,67,4430.927901
-148.0,49,4431.936802
-100.0,101,4434.77571
-48.0,49,4435.560714
-112.0,13,4437.181985
-96.0,97,4439.582242
-311.0,212,4444.11327
-73.0,74,4444.113344
-122.0,123,4444.392259
-71.0,72,4452.948454
-134.0,135,4455.824892
-100.0,101,4455.935302
-172.0,73,4464.587612
-92.0,93,4466.771207
-332.0,333,4470.878023
-465.0,366,4475.990007
-44.0,45,4476.357611
-366.0,267,4484.56181
-106.0,107,4489.249514
-600.0,600,4498.41927
-218.0,219,4502.412317
-40.0,41,4503.346944
-600.0,600,4509.526438
-164.0,65,4510.560961
-288.0,189,4512.442944
-84.0,85,4514.047182
-600.0,600,4516.217487
-176.0,77,4519.823118
-210.0,111,4527.257265
-84.0,85,4530.081189
-600.0,600,4537.058349
-106.0,7,4537.864334
-600.0,600,4539.387447
-218.0,219,4542.354811
-102.0,3,4542.696192
-137.0,138,4543.664001
-45.0,46,4544.700226
-61.0,62,4551.083637
-600.0,600,4556.878695
-97.0,98,4562.695343
-600.0,600,4581.098259
-600.0,600,4583.659972
-235.0,236,4584.786601
-28.0,29,4588.21566
-234.0,135,4597.496998
-600.0,600,4601.858352
-157.0,58,4604.48176
-147.0,148,4606.284923
-600.0,600,4609.58537
-56.0,57,4611.284891
-49.0,50,4612.319087
-600.0,600,4614.389603
-600.0,600,4616.441742
-76.0,77,4618.86888
-68.0,69,4622.649188
-70.0,71,4624.664416
-123.0,124,4632.798694
-600.0,600,4633.678424
-109.0,10,4633.948691
-529.0,430,4634.613284
-320.0,221,4720.309149
-150.0,51,4722.968531
-166.0,67,4724.839318
-333.0,334,4734.033306
-113.0,114,4737.929705
-164.0,165,4738.868704
-61.0,62,4740.951136
-335.0,236,4744.814761
-101.0,102,4749.384604
-358.0,259,4752.308918
-112.0,113,4753.819799
-233.0,134,4754.031715
-600.0,600,4754.031775
-522.0,423,4756.050545
-131.0,32,4757.3
-145.0,146,4761.291309
-166.0,167,4768.191831
-101.0,102,4768.720817
-150.0,151,4769.14354
-84.0,85,4770.875117
-100.0,1,4771.015539
-155.0,156,4771.628104
-690.0,591,4772.823251
-128.0,29,4774.891081
-165.0,66,4775.769813
-135.0,36,4776.933954
-145.0,46,4780.106114
-140.0,41,4780.445624
-84.0,85,4780.673766
-108.0,109,4781.21184
-48.0,49,4782.448861
-70.0,71,4789.43574
-69.0,70,4790.602093
-304.0,205,4792.948998
-111.0,112,4793.216944
-445.0,346,4795.572338
-159.0,160,4799.182181
-188.0,89,4800.910725
-187.0,88,4802.918347
-61.0,62,4806.265474
-490.0,491,4809.954612
-63.0,64,4810.169574
-69.0,70,4818.089012
-264.0,265,4819.921383
-83.0,84,4819.921453
-52.0,53,4825.706428
-518.0,419,4828.448968
-75.0,76,4828.449037
-344.0,245,4828.770695
-343.0,344,4832.284993
-232.0,133,4833.07453
-330.0,331,4833.191648
-49.0,50,4834.539288
-137.0,38,4836.787988
-134.0,35,4837.415596
-80.0,81,4837.868534
-157.0,58,4840.018088
-306.0,307,4841.626267
-126.0,127,4843.3873
-160.0,161,4844.693636
-40.0,41,4846.494096
-188.0,89,4848.159383
-249.0,150,4852.526565
-240.0,141,4853.708402
-222.0,123,4854.797318
-79.0,80,4856.071297
-112.0,113,4858.154067
-64.0,65,4861.096558
-151.0,52,4861.833004
-115.0,16,4863.641855
-300.0,201,4866.683119
-116.0,117,4867.882386
-69.0,70,4868.871064
-127.0,128,4872.303433
-64.0,65,4873.870834
-161.0,62,4874.704828
-269.0,270,4878.857086
-111.0,12,4880.252745
-166.0,67,4881.621616
-25.0,26,4883.316813
-102.0,103,4884.228122
-50.0,51,4887.50649
-308.0,309,4887.622261
-227.0,228,4889.626058
-143.0,144,4891.545734
-41.0,42,4892.555458
-45.0,46,4892.939009
-90.0,91,4893.856355
-137.0,38,4894.091056
-189.0,90,4903.07442
-183.0,84,4903.839305
-175.0,176,4904.638778
-600.0,600,4907.292401
-36.0,37,4908.121073
-129.0,130,4908.910599
-448.0,349,4909.123691
-188.0,189,4913.554618
-60.0,61,4914.514111
-98.0,99,4914.628477
-115.0,16,4915.367144
-114.0,15,4916.25441
-104.0,105,4920.274493
-205.0,106,4921.497433
-144.0,145,4921.497499
-60.0,61,4921.497513
-61.0,62,4923.428746
-150.0,51,4927.590425
-94.0,95,4931.530131
-308.0,209,4933.400393
-35.0,36,4935.658159
-539.0,440,4943.864552
-280.0,181,4947.948554
-113.0,114,4948.32542
-246.0,247,4949.634207
-112.0,13,4949.745915
-161.0,162,4951.435655
-128.0,29,4952.886788
-421.0,322,4958.189756
-497.0,398,4960.930366
-113.0,14,4962.502564
-266.0,167,4962.724396
-139.0,140,4965.662685
-225.0,126,4965.794612
-145.0,46,4967.519442
-59.0,60,4969.439381
-46.0,47,4971.079008
-54.0,55,4973.876151
-549.0,450,4974.692494
-150.0,151,4975.403682
-61.0,62,4976.507583
-314.0,215,4977.426915
-155.0,56,4981.275716
-46.0,47,4982.969015
-405.0,306,4982.969098
-119.0,20,4985.270329
-127.0,128,4985.794663
-104.0,105,4986.050759
-107.0,8,4986.163103
-83.0,84,4990.897402
-136.0,137,4991.267291
-153.0,54,4992.156434
-105.0,6,4992.854341
-33.0,34,4995.001895
-179.0,80,4995.476381
-271.0,272,4997.291539
-196.0,97,4997.530914
-86.0,87,5001.400785
-113.0,114,5005.932582
-96.0,97,5006.086422
-211.0,112,5010.354501
-243.0,244,5011.153384
-90.0,91,5011.89653
-55.0,56,5012.431499
-57.0,58,5012.757601
-114.0,15,5014.023718
-102.0,3,5014.41003
-33.0,34,5018.252429
-157.0,58,5018.361951
-196.0,197,5019.790425
-214.0,115,5023.491598
-153.0,54,5024.481277
-62.0,63,5027.041904
-37.0,38,5031.390508
-90.0,91,5034.020343
-103.0,104,5036.575514
-42.0,43,5039.092957
-68.0,69,5039.512134
-117.0,18,5041.068153
-266.0,267,5043.373114
-110.0,11,5044.674542
-600.0,600,5045.644934
-161.0,62,5046.446879
-55.0,56,5047.356752
-124.0,125,5050.846776
-175.0,76,5054.336885
-493.0,394,5056.259056
-121.0,22,5056.792618
-61.0,62,5057.745134
-445.0,346,5057.982069
-23.0,24,5060.520748
-136.0,137,5063.112239
-66.0,67,5064.058054
-600.0,600,5064.287273
-136.0,37,5065.022863
-178.0,179,5065.244488
-168.0,169,5065.937876
-94.0,95,5067.893228
-28.0,29,5068.371617
-113.0,14,5069.585845
-109.0,110,5071.020428
-179.0,80,5073.35613
-126.0,27,5074.051408
-184.0,85,5074.16535
-142.0,43,5074.528085
-83.0,84,5075.725348
-128.0,29,5078.073047
-69.0,70,5081.802907
-144.0,145,5082.403059
-121.0,122,5082.863615
-93.0,94,5085.292033
-92.0,93,5085.292177
-80.0,81,5087.615299
-203.0,104,5088.100754
-73.0,74,5090.504273
-153.0,54,5091.681505
-78.0,79,5091.681566
-352.0,253,5092.90519
-116.0,17,5095.027883
-31.0,32,5095.533584
-68.0,69,5095.926381
-116.0,17,5097.15848
-120.0,21,5098.434373
-92.0,93,5099.245653
-152.0,153,5100.846133
-114.0,15,5102.555245
-130.0,131,5105.761805
-76.0,77,5107.886986
-108.0,109,5108.033309
-207.0,208,5115.788496
-299.0,300,5120.017784
-135.0,136,5121.250831
-229.0,230,5123.247143
-146.0,147,5124.603852
-126.0,27,5126.388608
-210.0,211,5126.665035
-134.0,35,5130.554208
-101.0,2,5130.784117
-200.0,201,5131.168085
-118.0,119,5135.173724
-141.0,142,5136.572609
-181.0,182,5136.792371
-64.0,65,5138.371944
-235.0,136,5140.529692
-147.0,48,5142.053743
-150.0,151,5144.352731
-183.0,84,5144.89759
-129.0,30,5145.544644
-65.0,66,5145.991183
-183.0,84,5146.495495
-529.0,430,5147.9006
-146.0,147,5148.248748
-40.0,41,5152.440833
-204.0,105,5156.245693
-88.0,89,5156.591867
-141.0,42,5157.281989
-170.0,171,5160.132497
-226.0,127,5162.670462
-99.0,100,5167.687047
-314.0,215,5170.602915
-135.0,136,5172.251237
-343.0,244,5173.582459
-116.0,117,5173.735624
-160.0,61,5177.887939
-103.0,104,5180.009243
-54.0,55,5180.220602
-306.0,307,5180.329728
-43.0,44,5185.48375
-179.0,80,5187.205875
-135.0,136,5188.264794
-132.0,33,5189.282391
-112.0,13,5189.697315
-163.0,164,5192.712157
-109.0,10,5193.801713
-159.0,60,5196.173845
-140.0,141,5196.540775
-361.0,362,5199.133731
-141.0,42,5200.789058
-112.0,13,5202.189645
-200.0,201,5202.819804
-140.0,141,5205.303336
-264.0,165,5205.519543
-95.0,96,5206.896407
-40.0,41,5207.263011
-79.0,80,5211.093899
-148.0,49,5212.908343
-544.0,445,5213.613311
-184.0,185,5214.568469
-204.0,105,5217.732692
-68.0,69,5219.144327
-178.0,179,5219.413552
-119.0,120,5220.952105
-144.0,45,5223.126662
-190.0,91,5224.349338
-108.0,109,5225.811934
-189.0,190,5227.464239
-32.0,33,5229.572454
-194.0,95,5230.512257
-63.0,64,5231.801237
-110.0,11,5233.144674
-47.0,48,5235.25032
-90.0,91,5238.04604
-63.0,64,5242.525315
-332.0,233,5246.405895
-132.0,133,5253.761138
-126.0,127,5257.565801
-124.0,125,5261.178164
-135.0,36,5261.912267
-251.0,252,5262.818551
-551.0,452,5267.633331
-413.0,414,5271.456348
-178.0,79,5271.863003
-99.0,100,5272.742436
-133.0,34,5275.480724
-393.0,394,5276.722443
-113.0,14,5277.236301
-101.0,2,5277.459522
-137.0,138,5283.79477
-195.0,96,5284.137114
-210.0,111,5290.581787
-600.0,600,5291.454943
-379.0,280,5294.886108
-32.0,33,5347.789865
-199.0,200,5349.569866
-144.0,145,5350.595865
-91.0,92,5351.519746
-424.0,425,5353.015269
-60.0,61,5356.598054
-260.0,261,5363.323494
-145.0,146,5367.03347
-165.0,166,5371.611056
-188.0,189,5372.816476
-30.0,31,5375.059987
-435.0,336,5378.027294
-46.0,47,5380.350621
-144.0,145,5388.972116
-96.0,97,5388.972188
-107.0,8,5389.880995
-600.0,600,5389.993939
-112.0,13,5391.588502
-270.0,271,5393.820771
-86.0,87,5404.224467
-130.0,131,5404.47268
-139.0,140,5406.583811
-454.0,355,5407.872215
-157.0,58,5411.283869
-184.0,85,5414.396176
-600.0,600,5416.544008
-119.0,20,5416.544077
-644.0,545,5418.739034
-174.0,75,5419.397724
-134.0,35,5420.426131
-223.0,124,5420.554171
-182.0,83,5425.998207
-79.0,80,5428.01757
-185.0,86,5429.387321
-61.0,62,5433.34457
-91.0,92,5438.757998
-180.0,81,5438.873314
-379.0,280,5439.956853
-174.0,175,5440.844271
-325.0,226,5446.415196
-158.0,59,5446.544785
-104.0,5,5447.134577
-181.0,82,5447.922021
-600.0,600,5449.356845
-191.0,92,5451.148728
-150.0,51,5456.925995
-600.0,600,5460.839225
-336.0,237,5466.171069
-89.0,90,5467.796569
-66.0,67,5468.870808
-188.0,189,5471.622868
-164.0,65,5476.525351
-48.0,49,5477.331173
-135.0,136,5483.631059
-150.0,151,5483.743468
-460.0,361,5490.075613
-384.0,385,5492.072175
-79.0,80,5492.987015
-43.0,44,5497.119009
-58.0,59,5499.753378
-600.0,600,5502.664104
-44.0,45,5504.872431
-83.0,84,5506.630665
-277.0,178,5510.287727
-61.0,62,5513.65655
-600.0,600,5515.907317
-217.0,118,5516.131536
-103.0,4,5516.33896
-341.0,342,5516.592602
-177.0,78,5519.368779
-101.0,2,5519.620241
-157.0,58,5520.353448
-245.0,146,5521.515182
-46.0,47,5521.980121
-47.0,48,5527.43289
-59.0,60,5528.376598
-116.0,117,5529.530572
-130.0,131,5531.351866
-209.0,110,5532.15435
-251.0,152,5537.980089
-194.0,95,5543.115578
-238.0,139,5543.487219
-600.0,600,5545.415662
-21.0,22,5545.981572
-57.0,58,5549.965742
-58.0,59,5552.389142
-600.0,600,5552.868058
-285.0,186,5552.977377
-121.0,22,5555.023543
-165.0,166,5557.2119
-351.0,252,5557.67703
-145.0,46,5562.664676
-177.0,178,5566.822205
-226.0,127,5567.597441
-218.0,219,5575.234937
-169.0,70,5575.591571
-270.0,171,5586.784029
-273.0,274,5586.912268
-235.0,236,5589.999116
-446.0,347,5593.397887
-73.0,74,5595.407127
-323.0,324,5595.40719
-277.0,178,5596.176145
-582.0,583,5597.309652
-31.0,32,5599.917253
-49.0,50,5601.225822
-242.0,143,5603.609914
-232.0,133,5605.581324
-141.0,42,5610.392278
-130.0,131,5610.608337
-187.0,88,5611.41625
-32.0,33,5614.377913
-229.0,130,5614.968064
-287.0,188,5615.228211
-193.0,194,5620.167909
-72.0,73,5620.167977
-397.0,398,5622.392491
-142.0,43,5627.283027
-303.0,204,5627.401107
-132.0,133,5630.083194
-134.0,135,5630.916537
-133.0,134,5631.038236
-73.0,74,5635.9869
-62.0,63,5637.56804
-169.0,170,5640.085046
-122.0,23,5640.364998
-300.0,201,5643.669586
-138.0,139,5643.804121
-112.0,113,5644.43391
-129.0,130,5655.18746
-237.0,138,5659.524336
-267.0,168,5663.665403
-38.0,39,5663.984013
-416.0,317,5667.683028
-46.0,47,5669.171402
-150.0,51,5669.955223
-292.0,293,5673.835482
-274.0,175,5675.471391
-681.0,582,5678.236735
-304.0,305,5679.081193
-190.0,91,5680.55695
-25.0,26,5681.312345
-390.0,391,5681.428608
-107.0,108,5687.851403
-182.0,83,5690.029229
-189.0,190,5696.069569
-89.0,90,5698.52605
-190.0,191,5703.283838
-114.0,15,5705.095673
-377.0,378,5711.454358
-300.0,301,5716.245061
-180.0,181,5719.501828
-230.0,131,5720.301554
-231.0,232,5722.912228
-187.0,88,5726.587373
-163.0,64,5727.870599
-88.0,89,5733.31245
-118.0,119,5733.4317
-600.0,600,5739.118717
-121.0,122,5742.301899
-159.0,60,5746.292743
-600.0,600,5749.294273
-154.0,55,5752.699483
-223.0,224,5753.023044
-174.0,175,5754.038923
-27.0,28,5756.154381
-229.0,130,5757.381583
-210.0,211,5758.146697
-57.0,58,5759.125718
-600.0,600,5760.019495
-204.0,105,5761.052886
-84.0,85,5765.853052
-90.0,91,5770.799866
-127.0,128,5773.105195
-110.0,111,5774.096495
-131.0,32,5774.418212
-240.0,141,5775.555908
-180.0,181,5778.313669
-41.0,42,5778.903389
-230.0,231,5780.650493
-600.0,600,5781.609942
-155.0,56,5782.098822
-138.0,139,5782.098909
-112.0,13,5783.684263
-41.0,42,5786.971454
-178.0,79,5787.603782
-146.0,147,5789.973074
-92.0,93,5791.312147
-49.0,50,5792.652357
-222.0,123,5797.856274
-148.0,49,5798.435629
-181.0,82,5799.660116
-218.0,219,5799.882416
-116.0,17,5801.717886
-136.0,37,5802.3175
-280.0,181,5802.783793
-224.0,125,5806.075461
-172.0,73,5806.933989
-168.0,169,5807.163652
-51.0,52,5807.583654
-117.0,18,5809.229094
-276.0,277,5811.103866
-206.0,107,5812.286272
-105.0,106,5814.414048
-104.0,105,5814.793267
-74.0,75,5815.581779
-103.0,4,5816.003669
-120.0,21,5816.783
-74.0,75,5817.754049
-45.0,46,5819.879825
-78.0,79,5819.988096
-109.0,110,5820.117951
-82.0,83,5821.507905
-34.0,35,5823.994196
-75.0,76,5824.445915
-164.0,65,5827.517486
-194.0,195,5828.365376
-212.0,113,5830.795864
-254.0,155,5834.498514
-116.0,117,5835.099716
-128.0,129,5839.505401
-173.0,174,5844.130389
-130.0,131,5850.308797
-123.0,124,5853.879211
-102.0,3,5854.234432
-233.0,134,5859.781787
-319.0,220,5860.02263
-142.0,43,5865.05095
-319.0,320,5865.433443
-65.0,66,5872.809043
-268.0,169,5873.597585
-501.0,402,5873.848665
-377.0,378,5874.298948
-140.0,141,5875.818988
-122.0,23,5876.876131
-163.0,64,5880.937169
-105.0,106,5884.980263
-312.0,313,5886.231252
-189.0,90,5887.250776
-101.0,102,5887.619974
-221.0,122,5887.889805
-600.0,600,5889.131633
-343.0,244,5892.966131
-118.0,119,5894.801976
-166.0,67,5895.142928
-81.0,82,5897.536937
-207.0,108,5899.018418
-118.0,119,5899.018511
-44.0,45,5900.551187
-138.0,39,5903.409649
-193.0,94,5905.650444
-164.0,165,5906.862421
-37.0,38,5907.844608
-51.0,52,5911.675798
-55.0,56,5913.383423
-136.0,137,5913.383494
-346.0,247,5921.736962
-216.0,217,5971.255647
-100.0,101,5972.276079
-151.0,152,5972.640082
-154.0,155,5976.820661
-64.0,65,5979.842841
-117.0,118,5982.558145
-59.0,60,5983.818491
-122.0,123,5985.484321
-438.0,439,5987.169673
-59.0,60,5989.517431
-92.0,93,5990.545608
-166.0,67,5993.172122
-188.0,89,5994.005457
-26.0,27,5997.005504
-197.0,98,5998.214053
-87.0,88,5999.471467
-84.0,85,6000.192441
-90.0,91,6003.445406
-373.0,374,6003.558005
-105.0,106,6010.197448
-197.0,98,6011.115403
-600.0,600,6016.253461
-157.0,158,6017.136022
-173.0,74,6019.535201
-152.0,153,6020.831303
-81.0,82,6025.814387
-250.0,251,6032.143783
-315.0,316,6033.112286
-124.0,125,6034.08665
-192.0,193,6039.709563
-600.0,600,6041.436609
-175.0,76,6042.056113
-141.0,142,6042.430517
-218.0,219,6046.431734
-67.0,68,6050.001679
-165.0,66,6050.110907
-39.0,40,6051.037034
-352.0,353,6051.15565
-99.0,100,6051.410043
-252.0,153,6052.041224
-30.0,31,6055.14165
-132.0,33,6055.908895
-233.0,234,6059.474306
-153.0,54,6061.391755
-176.0,177,6062.215697
-61.0,62,6063.119488
-153.0,154,6068.086079
-161.0,162,6070.18075
-172.0,173,6070.519545
-128.0,129,6074.799099
-111.0,112,6076.276994
-177.0,78,6079.051448
-32.0,33,6083.050231
-185.0,186,6083.985581
-244.0,145,6087.383003
-459.0,360,6093.366137
-167.0,168,6094.374525
-186.0,87,6097.465075
-137.0,38,6098.528698
-50.0,51,6099.122023
-131.0,132,6099.234967
-142.0,143,6099.554606
-198.0,99,6108.355722
-193.0,94,6109.589059
-112.0,113,6111.936219
-384.0,385,6112.443724
-41.0,42,6113.417432
-159.0,160,6116.914096
-138.0,39,6117.151238
-98.0,99,6121.225422
-120.0,21,6123.66242
-93.0,94,6124.386376
-123.0,124,6126.540905
-253.0,254,6128.819474
-110.0,111,6129.714325
-54.0,55,6130.093404
-600.0,600,6130.939607
-59.0,60,6131.41638
-24.0,25,6132.726455
-490.0,491,6133.088475
-140.0,41,6133.691466
-133.0,34,6134.174068
-70.0,71,6141.053516
-89.0,90,6141.508505
-69.0,70,6141.833064
-91.0,92,6142.188326
-86.0,87,6144.178567
-159.0,160,6145.03484
-53.0,54,6147.60558
-50.0,51,6147.938383
-365.0,266,6147.938446
-150.0,51,6150.048482
-135.0,36,6151.828476
-139.0,40,6152.643834
-195.0,96,6152.8663
-31.0,32,6153.7295
-132.0,33,6156.35774
-74.0,75,6156.59729
-108.0,9,6157.38522
-59.0,60,6159.770446
-396.0,297,6167.728858
-124.0,125,6171.329974
-221.0,122,6171.793484
-216.0,217,6176.914896
-67.0,68,6178.913322
-114.0,115,6180.661062
-184.0,185,6181.128931
-430.0,331,6183.362893
-366.0,267,6184.624243
-164.0,65,6186.434742
-105.0,6,6187.139111
-151.0,52,6189.265157
-44.0,45,6189.709546
-132.0,33,6190.8841
-106.0,107,6193.09146
-250.0,151,6194.347173
-119.0,120,6195.025735
-59.0,60,6196.221562
-36.0,37,6198.564748
-506.0,507,6199.493943
-84.0,85,6200.810517
-254.0,255,6201.055294
-53.0,54,6201.315205
-53.0,54,6202.695853
-30.0,31,6203.288169
-154.0,55,6209.08489
-166.0,167,6209.30991
-54.0,55,6209.657099
-141.0,142,6209.657165
-115.0,116,6212.223784
-128.0,29,6212.695379
-241.0,142,6217.685081
-144.0,145,6218.335905
-194.0,95,6223.644302
-301.0,202,6224.355766
-95.0,96,6228.692604
-159.0,60,6230.496665
-56.0,57,6235.274611
-166.0,167,6237.501724
-228.0,129,6239.220515
-338.0,239,6239.824797
-267.0,268,6240.649925
-110.0,111,6243.341596
-107.0,108,6247.618255
-470.0,371,6251.730296
-469.0,370,6252.198733
-265.0,166,6259.620236
-181.0,182,6260.10043
-70.0,71,6260.421712
-288.0,189,6261.503656
-130.0,31,6263.286608
-223.0,224,6263.289116
-26.0,27,6264.684212
-312.0,213,6268.012349
-169.0,70,6268.337255
-66.0,67,6271.055202
-161.0,62,6271.871916
-144.0,45,6273.055739
-114.0,15,6273.502585
-113.0,14,6274.548937
-224.0,125,6274.775302
-58.0,59,6274.895619
-223.0,124,6277.404471
-260.0,261,6277.644978
-53.0,54,6283.813183
-84.0,85,6284.441545
-204.0,105,6286.299785
-244.0,145,6287.139371
-160.0,161,6291.424247
-75.0,76,6292.105292
-160.0,61,6293.082242
-159.0,60,6293.848572
-168.0,169,6296.147838
-129.0,30,6296.380853
-510.0,411,6298.364447
-126.0,127,6298.495215
-121.0,22,6298.942727
-234.0,235,6301.291615
-66.0,67,6301.503096
-23.0,24,6301.719872
-48.0,49,6303.967087
-28.0,29,6304.523093
-45.0,46,6306.635875
-143.0,144,6308.40878
-91.0,92,6309.026582
-68.0,69,6309.613215
-46.0,47,6312.25407
-136.0,37,6313.371945
-151.0,52,6314.465824
-102.0,103,6315.790057
-26.0,27,6317.616617
-67.0,68,6321.049084
-250.0,151,6321.789184
-85.0,86,6321.899306
-275.0,276,6327.704198
-478.0,379,6334.203099
-132.0,133,6335.872469
-135.0,136,6337.046822
-358.0,259,6338.938015
-300.0,201,6340.262134
-111.0,112,6340.374542
-162.0,63,6343.356232
-194.0,195,6344.111084
-63.0,64,6346.362264
-159.0,60,6350.294832
-67.0,68,6354.420637
-141.0,42,6355.291081
-96.0,97,6355.514143
-134.0,35,6358.510938
-477.0,378,6359.160901
-327.0,228,6360.942087
-231.0,232,6364.252632
-44.0,45,6364.527356
-102.0,3,6364.646766
-80.0,81,6364.971708
-66.0,67,6368.660223
-243.0,244,6368.660291
-102.0,103,6370.346108
-168.0,69,6372.313132
-374.0,275,6372.313205
-163.0,164,6374.226038
-91.0,92,6375.132698
-150.0,51,6376.3097
-70.0,71,6376.885413
-24.0,25,6377.192623
-56.0,57,6379.133937
-153.0,54,6381.575873
-122.0,23,6381.815019
-104.0,5,6382.189271
-154.0,55,6382.939692
-178.0,179,6385.837428
-255.0,156,6387.070233
-259.0,160,6391.470304
-165.0,66,6395.017359
-110.0,111,6395.132631
-205.0,106,6395.579936
-113.0,14,6396.741768
-109.0,110,6399.028044
-32.0,33,6400.626073
-170.0,171,6402.425084
-172.0,73,6404.123055
-67.0,68,6408.793566
-81.0,82,6408.793637
-78.0,79,6412.059164
-35.0,36,6413.287845
-303.0,204,6415.881891
-381.0,382,6423.094398
-179.0,80,6425.78155
-211.0,112,6425.904867
-144.0,145,6426.684842
-136.0,137,6430.12458
-213.0,214,6430.488391
-120.0,21,6432.650545
-86.0,87,6436.40425
-218.0,119,6437.710095
-48.0,49,6438.598634
-131.0,132,6441.897205
-100.0,101,6442.764551
-52.0,53,6448.308486
-600.0,600,6449.421023
-190.0,191,6449.743097
-204.0,105,6450.367652
-463.0,464,6451.190912
-209.0,110,6451.786515
-43.0,44,6454.758713
-65.0,66,6456.324719
-176.0,177,6458.014594
-154.0,55,6458.01468
-69.0,70,6463.472142
-194.0,95,6467.96252
-117.0,18,6470.1348
-101.0,2,6470.413965
-120.0,121,6472.898309
-200.0,101,6475.913335
-372.0,273,6476.128146
-248.0,149,6476.376379
-248.0,249,6482.31853
-78.0,79,6485.210283
-305.0,306,6486.960965
-253.0,154,6488.795193
-211.0,112,6489.590118
-38.0,39,6489.856649
-172.0,173,6493.628565
-74.0,75,6496.060291
-77.0,78,6499.563665
-174.0,175,6503.724864
-125.0,126,6504.593525
-240.0,141,6507.328778
-143.0,144,6511.752972
-202.0,103,6516.637326
-112.0,13,6518.387722
-197.0,98,6519.642907
-600.0,600,6524.185327
-163.0,164,6524.961775
-134.0,135,6528.422326
-267.0,268,6529.532343
-127.0,28,6531.767502
-63.0,64,6531.905631
-112.0,113,6533.302125
-129.0,130,6534.213814
-49.0,50,6538.096651
-46.0,47,6539.067008
-219.0,120,6539.714426
-323.0,324,6539.714503
-600.0,600,6549.427621
-152.0,153,6552.500901
-191.0,192,6552.619359
-278.0,179,6553.322096
-216.0,117,6553.554802
-252.0,153,6630.443368
-56.0,57,6633.934844
-60.0,61,6634.65669
-125.0,26,6636.915087
-128.0,129,6638.494051
-104.0,105,6638.756305
-104.0,5,6639.113906
-107.0,108,6639.239678
-162.0,63,6646.025817
-159.0,160,6658.104505
-119.0,120,6660.356894
-56.0,57,6667.348765
-139.0,140,6683.978349
-600.0,600,6684.204785
-600.0,600,6684.816788
-324.0,225,6684.963902
-534.0,435,6691.194053
-63.0,64,6691.811537
-568.0,469,6693.062267
-207.0,108,6697.420587
-53.0,54,6697.754557
-120.0,121,6699.46553
-600.0,600,6701.572603
-600.0,600,6706.185563
-99.0,100,6709.275755
-168.0,169,6712.155581
-228.0,129,6715.077747
-332.0,233,6721.226617
-165.0,166,6721.920401
-136.0,137,6722.99553
-66.0,67,6723.220438
-220.0,221,6724.433559
-131.0,32,6726.811373
-130.0,131,6728.073424
-149.0,50,6732.984818
-319.0,220,6736.084694
-31.0,32,6736.758018
-48.0,49,6742.012973
-26.0,27,6745.271693
-185.0,186,6745.713511
-256.0,257,6752.090348
-600.0,600,6757.604464
-266.0,267,6760.510607
-404.0,405,6770.933036
-209.0,210,6771.182184
-388.0,389,6771.580054
-171.0,172,6773.147289
-134.0,135,6773.904771
-257.0,258,6776.41103
-70.0,71,6779.332719
-87.0,88,6782.104664
-24.0,25,6782.444788
-127.0,128,6786.517006
-71.0,72,6790.423156
-102.0,3,6790.790445
-159.0,160,6792.872558
-192.0,93,6793.322828
-261.0,162,6795.530845
-42.0,43,6795.951699
-98.0,99,6798.018419
-52.0,53,6799.11073
-158.0,59,6803.161394
-458.0,359,6803.4434
-46.0,47,6809.108598
-600.0,600,6809.23192
-135.0,136,6810.087327
-110.0,11,6811.427658
-441.0,342,6814.578998
-145.0,46,6815.036839
-110.0,111,6817.339612
-145.0,146,6817.462777
-25.0,26,6817.755185
-172.0,73,6823.918722
-54.0,55,6824.419508
-233.0,234,6827.066057
-150.0,151,6827.637958
-188.0,89,6828.117645
-371.0,272,6829.144157
-59.0,60,6831.776528
-265.0,166,6831.933495
-144.0,45,6834.743929
-158.0,59,6835.428814
-52.0,53,6838.080372
-272.0,173,6838.445612
-140.0,141,6844.023246
-65.0,66,6846.325742
-261.0,162,6847.120911
-99.0,100,6849.995294
-52.0,53,6850.358031
-40.0,41,6852.090029
-157.0,158,6854.195901
-73.0,74,6860.993395
-63.0,64,6861.921181
-179.0,180,6867.759996
-414.0,315,6872.302123
-209.0,210,6875.676039
-240.0,241,6878.986928
-406.0,407,6880.58356
-116.0,117,6881.923266
-172.0,173,6882.682999
-130.0,131,6888.300979
-675.0,576,6893.406121
-93.0,94,6893.547627
-370.0,271,6893.760206
-120.0,121,6895.326432
-139.0,40,6898.347796
-49.0,50,6899.371378
-168.0,169,6899.501311
-221.0,222,6902.436846
-164.0,65,6903.151803
-140.0,41,6904.169312
-67.0,68,6906.174329
-69.0,70,6907.631637
-61.0,62,6909.470784
-97.0,98,6914.185084
-178.0,179,6914.446191
-102.0,103,6917.721567
-307.0,308,6918.761879
-155.0,56,6920.93076
-235.0,136,6923.527497
-53.0,54,6930.072372
-192.0,93,6932.470976
-342.0,243,6932.857809
-300.0,201,6933.513827
-228.0,129,6933.750684
-297.0,198,6938.328256
-154.0,55,6940.242977
-74.0,75,6942.968933
-225.0,226,6946.881296
-119.0,120,6947.75071
-168.0,69,6948.896599
-532.0,533,6952.429292
-157.0,158,6957.974427
-92.0,93,6958.487113
-278.0,179,6965.051632
-80.0,81,6967.677565
-210.0,211,6974.62576
-73.0,74,6976.655795
-305.0,206,6983.001818
-268.0,269,6984.545725
-420.0,321,6986.455103
-87.0,88,6986.978593
-560.0,461,6988.514767
-219.0,220,6991.219593
-181.0,182,6996.405531
-145.0,46,6997.02865
-91.0,92,6999.847087
-227.0,128,7000.318097
-116.0,17,7002.405808
-600.0,600,7003.125614
-252.0,153,7005.213006
-103.0,104,7009.372783
-32.0,33,7009.486514
-39.0,40,7014.296707
-123.0,124,7015.30344
-155.0,156,7016.41324
-107.0,8,7017.432495
-65.0,66,7017.698287
-108.0,9,7018.787405
-104.0,5,7019.406181
-45.0,46,7020.080783
-149.0,50,7023.643611
-39.0,40,7024.417556
-106.0,107,7028.741311
-339.0,240,7032.189342
-100.0,101,7032.445287
-73.0,74,7033.438366
-62.0,63,7040.263467
-80.0,81,7042.089663
-133.0,134,7044.76176
-129.0,130,7049.169486
-121.0,122,7054.765857
-152.0,53,7055.597377
-93.0,94,7056.198191
-600.0,600,7056.626187
-447.0,448,7058.271759
-34.0,35,7060.609848
-600.0,600,7060.759014
-158.0,159,7061.475392
-39.0,40,7065.427802
-106.0,107,7068.693578
-67.0,68,7069.598297
-204.0,105,7071.002927
-52.0,53,7072.083529
-148.0,149,7074.882837
-56.0,57,7075.80406
-33.0,34,7078.872736
-73.0,74,7079.968529
-165.0,166,7080.73211
-193.0,94,7083.691351
-411.0,312,7093.285367
-119.0,120,7093.835559
-109.0,110,7094.449355
-600.0,600,7096.977148
-51.0,52,7099.453126
-170.0,71,7105.464474
-429.0,330,7110.146778
-395.0,296,7112.070807
-251.0,152,7113.122598
-45.0,46,7116.053338
-266.0,267,7116.59327
-190.0,191,7117.495872
-164.0,65,7120.407144
-240.0,241,7129.07336
-131.0,132,7133.194445
-224.0,125,7135.128826
-351.0,252,7136.443765
-27.0,28,7139.969905
-29.0,30,7143.478827
-622.0,523,7144.098628
-152.0,153,7147.589897
-38.0,39,7148.21912
-307.0,308,7150.388871
-381.0,282,7150.506037
-235.0,136,7151.500243
-129.0,30,7151.618598
-118.0,19,7152.654835
-84.0,85,7157.486216
-57.0,58,7158.340501
-183.0,184,7165.652819
-277.0,278,7166.220935
-139.0,140,7166.656321
-75.0,76,7167.092756
-133.0,34,7169.528126
-250.0,151,7174.749404
-348.0,249,7181.523398
-133.0,134,7185.086936
-160.0,161,7185.76969
-600.0,600,7186.977808
-129.0,130,7190.353098
-81.0,82,7194.985031
-87.0,88,7196.506984
-389.0,290,7201.279221
-197.0,98,7202.48088
-134.0,135,7203.639848
-243.0,244,7211.066303
-112.0,113,7217.131305
-52.0,53,7217.530513
-284.0,185,7218.939371
-450.0,451,7220.011639
-600.0,600,7223.017928
-57.0,58,7224.657973
-136.0,37,7227.604552
-119.0,20,7230.113976
-92.0,93,7231.625997
-185.0,86,7312.568516
-296.0,297,7315.743705
-160.0,161,7315.993412
-202.0,203,7319.360681
-140.0,141,7324.451064
-120.0,121,7330.318213
-144.0,145,7333.399755
-141.0,142,7336.183106
-28.0,29,7336.774994
-202.0,203,7336.775086
-21.0,22,7339.163702
-294.0,295,7344.060047
-600.0,600,7344.745162
-653.0,554,7345.075305
-55.0,56,7345.914649
-167.0,168,7356.874073
-109.0,110,7357.30776
-209.0,110,7358.029604
-120.0,121,7359.676544
-449.0,350,7366.416919
-281.0,182,7368.13048
-98.0,99,7369.560864
-181.0,82,7376.236268
-85.0,86,7378.450454
-276.0,177,7379.582257
-85.0,86,7379.810527
-118.0,19,7381.780254
-166.0,67,7384.416821
-44.0,45,7385.270196
-48.0,49,7387.749187
-53.0,54,7390.779733
-34.0,35,7395.167487
-193.0,94,7399.328994
-296.0,197,7402.555152
-600.0,600,7402.853683
-600.0,600,7409.003301
-101.0,102,7414.959387
-137.0,138,7416.211597
-126.0,127,7418.348239
-41.0,42,7421.526003
-130.0,131,7424.993092
-88.0,89,7426.012369
-63.0,64,7426.274436
-600.0,600,7430.175474
-600.0,600,7433.083655
-111.0,112,7435.115487
-218.0,119,7439.39886
-189.0,90,7440.948244
-248.0,149,7444.111717
-114.0,115,7446.907388
-604.0,505,7446.907454
-188.0,189,7449.162673
-52.0,53,7453.406389
-202.0,103,7453.529633
-71.0,72,7455.757145
-135.0,136,7456.001098
-101.0,2,7456.241386
-206.0,107,7457.153679
-105.0,6,7457.923451
-41.0,42,7458.682721
-95.0,96,7461.199981
-69.0,70,7462.424826
-157.0,58,7463.239426
-136.0,37,7467.10831
-685.0,586,7467.372157
-102.0,3,7467.498639
-187.0,88,7467.498704
-102.0,103,7471.620544
-36.0,37,7471.999417
-94.0,95,7473.006675
-415.0,316,7474.124653
-139.0,140,7475.425523
-99.0,100,7475.541729
-155.0,56,7478.503644
-193.0,94,7478.855659
-42.0,43,7480.652944
-124.0,125,7482.881351
-192.0,93,7483.469163
-107.0,8,7484.440866
-141.0,42,7487.995206
-35.0,36,7488.864355
-133.0,134,7490.535497
-211.0,112,7492.552338
-216.0,117,7495.030414
-160.0,161,7495.256844
-59.0,60,7495.256908
-184.0,185,7495.593533
-41.0,42,7497.742587
-96.0,97,7502.197091
-77.0,78,7504.228796
-81.0,82,7505.259392
-73.0,74,7506.460623
-118.0,119,7509.55898
-193.0,194,7512.112411
-79.0,80,7514.029163
-299.0,200,7519.399376
-144.0,45,7519.536989
-338.0,339,7519.6659
-253.0,154,7520.939181
-116.0,117,7523.932738
-169.0,70,7528.483521
-74.0,75,7528.967143
-237.0,138,7529.422755
-196.0,197,7529.843843
-108.0,9,7530.528386
-196.0,197,7530.912789
-44.0,45,7536.565533
-66.0,67,7536.822229
-163.0,64,7536.945986
-62.0,63,7538.396112
-150.0,151,7539.802157
-154.0,155,7543.300452
-82.0,83,7546.71958
-49.0,50,7549.416436
-91.0,92,7549.648694
-179.0,180,7551.964707
-70.0,71,7558.131588
-104.0,105,7559.265536
-267.0,168,7560.118612
-297.0,198,7560.659845
-114.0,115,7563.101663
-34.0,35,7564.960536
-472.0,373,7565.469817
-110.0,11,7566.392522
-208.0,109,7571.379136
-291.0,192,7575.194212
-158.0,159,7579.597718
-141.0,142,7580.603026
-54.0,55,7581.953632
-110.0,11,7583.345422
-409.0,410,7586.817389
-259.0,260,7590.911535
-263.0,164,7591.268707
-106.0,7,7591.739171
-138.0,139,7596.486026
-64.0,65,7599.39506
-157.0,158,7599.918179
-224.0,125,7602.165515
-86.0,87,7602.625919
-313.0,314,7604.738357
-53.0,54,7605.96753
-191.0,192,7606.620059
-36.0,37,7607.003864
-207.0,108,7615.163872
-72.0,73,7615.526136
-110.0,111,7618.258882
-452.0,453,7620.803703
-144.0,45,7623.72139
-150.0,151,7624.379136
-301.0,202,7624.484331
-154.0,155,7625.91502
-105.0,106,7627.905008
-51.0,52,7630.468224
-287.0,288,7631.363678
-243.0,144,7632.919796
-40.0,41,7632.919859
-185.0,86,7634.634216
-128.0,29,7638.38509
-77.0,78,7640.367225
-163.0,164,7640.838815
-26.0,27,7641.692847
-158.0,159,7643.166336
-150.0,151,7644.499519
-142.0,43,7645.772303
-126.0,27,7646.586332
-41.0,42,7646.949265
-151.0,52,7647.37535
-220.0,121,7648.157481
-35.0,36,7650.09542
-21.0,22,7650.664994
-158.0,159,7651.169374
-47.0,48,7652.712754
-163.0,164,7653.253616
-39.0,40,7655.179911
-71.0,72,7655.565585
-121.0,122,7659.730207
-174.0,75,7660.254948
-113.0,114,7661.542547
-149.0,50,7661.773753
-87.0,88,7662.296751
-74.0,75,7662.80309
-208.0,109,7666.356738
-141.0,42,7666.904547
-44.0,45,7667.027052
-98.0,99,7667.387823
-152.0,53,7668.721197
-55.0,56,7673.619985
-163.0,64,7674.500656
-76.0,77,7676.721314
-152.0,153,7678.83093
-29.0,30,7680.402477
-54.0,55,7681.391505
-169.0,170,7683.370015
-63.0,64,7686.575298
-101.0,2,7686.843424
-261.0,262,7691.387466
-105.0,106,7693.877756
-60.0,61,7693.877836
-245.0,246,7698.094859
-113.0,14,7699.830348
-171.0,172,7700.858125
-124.0,125,7706.203141
-207.0,108,7706.813271
-486.0,387,7712.80564
-158.0,59,7713.281762
-210.0,111,7714.108199
-23.0,24,7716.03568
-48.0,49,7718.427053
-162.0,163,7719.128476
-486.0,387,7719.825599
-86.0,87,7724.404855
-73.0,74,7724.893603
-52.0,53,7725.663424
-213.0,114,7733.808463
-330.0,231,7734.496765
-203.0,104,7738.032552
-117.0,118,7738.526739
-267.0,168,7738.637561
-154.0,55,7740.227712
-128.0,129,7740.341158
-503.0,404,7742.104718
-31.0,32,7743.949929
-159.0,60,7745.217411
-87.0,88,7749.0773
-600.0,600,7755.06482
-136.0,137,7755.186408
-118.0,119,7756.587952
-143.0,144,7766.697526
-316.0,217,7766.697587
-223.0,224,7771.449284
-144.0,145,7773.06966
-236.0,137,7773.467988
-339.0,240,7774.692124
-82.0,83,7777.118643
-324.0,225,7782.788013
-82.0,83,7783.670916
-100.0,101,7783.950571
-93.0,94,7786.297332
-81.0,82,7787.214474
-273.0,174,7788.363288
-167.0,68,7791.403293
-65.0,66,7792.015102
-48.0,49,7793.402394
-145.0,46,7794.222737
-131.0,132,7800.383227
-133.0,134,7802.894234
-128.0,129,7807.224277
-39.0,40,7807.834832
-698.0,599,7807.834889
-381.0,282,7807.950025
-114.0,15,7809.578127
-87.0,88,7810.936482
-144.0,145,7810.936546
-38.0,39,7812.376712
-270.0,171,7812.64495
-65.0,66,7814.949115
-172.0,73,7818.342273
-79.0,80,7828.347029
-126.0,127,7830.655421
-174.0,175,7833.913342
-52.0,53,7837.065658
-186.0,187,7851.076177
-100.0,1,7851.199697
-342.0,343,7852.957966
-107.0,8,7853.910424
-595.0,496,7854.706165
-31.0,32,7857.813943
-514.0,415,7858.465217
-175.0,76,7860.730501
-201.0,202,7862.075037
-329.0,230,7862.308982
-531.0,432,7864.008875
-183.0,84,7865.052584
-157.0,58,7865.621386
-474.0,475,7870.942931
-104.0,105,7873.292983
-147.0,148,7875.872504
-118.0,119,7879.81961
-133.0,134,7881.081463
-165.0,166,7882.1906
-177.0,78,7885.31498
-54.0,55,7887.816431
-30.0,31,7889.110825
-90.0,91,7891.044847
-21.0,22,7891.803043
-169.0,170,7893.99872
-253.0,254,7894.774124
-158.0,59,7898.598835
-129.0,30,7898.708143
-349.0,250,7901.707104
-167.0,168,7903.171117
-90.0,91,7903.294313
-358.0,359,7905.971352
-167.0,168,7908.908734
-95.0,96,7910.535921
-75.0,76,7911.127779
-122.0,23,7911.792547
-165.0,166,7914.900134
-126.0,27,7915.153905
-242.0,143,7916.355167
-111.0,112,7917.08687
-190.0,91,7917.198617
-177.0,78,7919.843208
-127.0,28,7920.390836
-155.0,56,7972.441547
-46.0,47,7973.768232
-22.0,23,7974.144321
-101.0,2,7974.384835
-268.0,169,7974.736837
-77.0,78,7975.376835
-132.0,33,7976.425069
-134.0,135,7978.227245
-40.0,41,7978.549731
-210.0,111,7983.919248
-74.0,75,7984.07596
-79.0,80,7985.912215
-206.0,107,7987.137052
-45.0,46,7989.83554
-314.0,215,7993.421691
-145.0,146,7996.540746
-149.0,150,7996.655257
-80.0,81,7997.334158
-124.0,25,7999.979871
-179.0,80,7999.979952
-141.0,42,8001.977569
-142.0,143,8002.226762
-84.0,85,8004.10827
-341.0,242,8004.661565
-157.0,158,8005.907395
-49.0,50,8006.291112
-143.0,44,8007.705989
-51.0,52,8010.93407
-69.0,70,8012.666063
-162.0,63,8015.26391
-146.0,147,8015.54004
-91.0,92,8017.427514
-145.0,146,8017.944752
-239.0,140,8019.174422
-91.0,92,8022.101685
-157.0,58,8022.32647
-134.0,35,8026.221422
-122.0,123,8027.477034
-59.0,60,8029.455375
-216.0,117,8031.309227
-245.0,146,8033.171379
-134.0,135,8035.366004
-175.0,76,8035.517269
-90.0,91,8038.616409
-274.0,275,8039.302304
-164.0,65,8039.552316
-86.0,87,8040.30882
-148.0,49,8041.62149
-84.0,85,8043.78999
-165.0,66,8047.388735
-83.0,84,8052.151671
-234.0,135,8052.2778
-382.0,283,8052.695765
-113.0,114,8052.930011
-49.0,50,8053.766307
-207.0,108,8053.766384
-35.0,36,8057.304173
-134.0,135,8060.557807
-77.0,78,8062.332482
-89.0,90,8063.447934
-102.0,103,8064.992104
-28.0,29,8066.05107
-212.0,213,8066.192194
-86.0,87,8068.330412
-152.0,153,8072.734363
-183.0,84,8076.484566
-169.0,70,8076.869998
-133.0,134,8077.250087
-149.0,50,8078.996617
-218.0,119,8080.788309
-141.0,142,8081.151698
-103.0,104,8090.049678
-102.0,103,8090.304724
-195.0,96,8092.96293
-110.0,111,8093.110003
-100.0,101,8094.01148
-75.0,76,8099.912227
-92.0,93,8105.724205
-145.0,146,8117.71087
-231.0,232,8118.742989
-80.0,81,8127.570729
-284.0,185,8128.046811
-600.0,600,8128.172155
-83.0,84,8128.861105
-302.0,303,8130.111532
-420.0,321,8132.042662
-26.0,27,8135.252031
-75.0,76,8136.916391
-79.0,80,8138.29876
-126.0,27,8138.537199
-600.0,600,8138.796067
-117.0,18,8140.926075
-130.0,131,8145.865106
-76.0,77,8146.373544
-600.0,600,8150.1615
-140.0,41,8150.826989
-118.0,19,8152.316569
-149.0,150,8156.328748
-273.0,274,8160.268538
-396.0,297,8164.060162
-135.0,136,8167.624606
-183.0,184,8168.908804
-125.0,126,8172.085236
-183.0,84,8177.930402
-47.0,48,8178.048285
-125.0,126,8179.622477
-192.0,93,8180.339491
-130.0,31,8184.224907
-452.0,353,8184.353276
-203.0,204,8185.738116
-119.0,120,8192.43537
-60.0,61,8193.023496
-90.0,91,8195.09392
-136.0,137,8195.941709
-281.0,182,8199.608622
-33.0,34,8199.872537
-66.0,67,8200.124764
-172.0,173,8204.345418
-109.0,110,8207.874177
-86.0,87,8210.326458
-191.0,92,8210.443544
-600.0,600,8210.93486
-620.0,521,8215.03705
-93.0,94,8215.493517
-211.0,212,8217.65322
-94.0,95,8221.408629
-200.0,101,8222.529909
-101.0,102,8227.029549
-145.0,146,8227.029615
-48.0,49,8228.055696
-191.0,192,8230.076525
-213.0,114,8230.817089
-108.0,109,8234.108684
-80.0,81,8237.880594
-66.0,67,8238.786877
-146.0,47,8239.672786
-114.0,115,8240.767699
-194.0,95,8250.589382
-86.0,87,8250.744594
-123.0,124,8253.002093
-221.0,222,8253.002172
-435.0,336,8253.900382
-251.0,152,8255.302689
-35.0,36,8257.13194
-180.0,81,8263.071779
-54.0,55,8263.290074
-388.0,289,8263.412829
-123.0,124,8264.684947
-600.0,600,8269.262256
-171.0,172,8270.293158
-218.0,119,8277.004008
-108.0,109,8281.563076
-104.0,5,8282.097949
-237.0,138,8285.774094
-112.0,113,8289.610837
-107.0,108,8298.280862
-201.0,102,8301.225694
-576.0,477,8307.064016
-90.0,91,8308.486796
-237.0,138,8317.026498
-113.0,114,8320.22806
-600.0,600,8323.651538
-183.0,84,8330.002739
-216.0,117,8330.587079
-600.0,600,8331.585612
-600.0,600,8331.963631
-211.0,212,8333.009417
-600.0,600,8333.226104
-39.0,40,8335.131176
-89.0,90,8342.118715
-128.0,129,8345.0526
-226.0,127,8346.776651
-220.0,121,8347.326434
-64.0,65,8349.664466
-153.0,154,8350.988505
-600.0,600,8351.253995
-56.0,57,8351.772237
-164.0,165,8354.594423
-43.0,44,8354.965932
-200.0,101,8358.630044
-117.0,118,8361.186398
-111.0,112,8364.131409
-90.0,91,8365.129913
-23.0,24,8366.776419
-68.0,69,8374.665111
-308.0,209,8375.358624
-137.0,138,8376.920675
-240.0,241,8382.922827
-172.0,73,8385.790208
-235.0,236,8386.153028
-37.0,38,8390.175811
-138.0,139,8391.039112
-600.0,600,8393.405028
-70.0,71,8394.243573
-30.0,31,8397.763405
-115.0,116,8404.383941
-287.0,188,8404.591553
-187.0,88,8414.549521
-337.0,238,8417.662858
-27.0,28,8417.915504
-466.0,367,8418.17418
-227.0,128,8419.683893
-26.0,27,8421.436885
-600.0,600,8421.543095
-128.0,29,8422.987168
-78.0,79,8427.272817
-62.0,63,8428.726412
-46.0,47,8432.580169
-311.0,312,8434.102215
-600.0,600,8434.848055
-222.0,123,8435.730494
-91.0,92,8443.268292
-193.0,94,8444.981863
-156.0,157,8446.733522
-105.0,106,8446.992721
-389.0,290,8451.116006
-91.0,92,8453.723127
-275.0,176,8455.948264
-126.0,127,8461.647715
-600.0,600,8462.841203
-193.0,94,8466.760597
-305.0,206,8470.389856
-195.0,196,8476.20796
-129.0,130,8476.45836
-118.0,119,8476.458428
-69.0,70,8478.460408
-274.0,175,8486.860595
-197.0,98,8487.623202
-115.0,116,8489.841364
-120.0,121,8490.40282
-209.0,110,8491.148666
-136.0,37,8491.148735
-600.0,600,8492.046979
-109.0,10,8493.15644
-87.0,88,8500.290953
-440.0,441,8501.778855
-96.0,97,8502.095501
-142.0,143,8503.852738
-25.0,26,8505.159779
-138.0,139,8505.747501
-125.0,26,8508.110641
-132.0,133,8508.354462
-657.0,558,8508.919786
-50.0,51,8511.516289
-97.0,98,8511.660616
-86.0,87,8511.801201
-31.0,32,8512.078757
-103.0,104,8515.961892
-177.0,78,8518.067965
-64.0,65,8519.226443
-78.0,79,8521.089571
-121.0,22,8521.757222
-68.0,69,8525.886702
-140.0,141,8528.271722
-258.0,159,8529.892238
-297.0,198,8530.802502
-30.0,31,8534.418377
-59.0,60,8535.081211
-125.0,126,8536.062906
-97.0,98,8537.129343
-171.0,172,8540.591215
-148.0,49,8540.700327
-161.0,62,8541.494871
-52.0,53,8542.128623
-207.0,108,8542.344817
-33.0,34,8545.343008
-106.0,7,8546.07042
-588.0,489,8546.984451
-55.0,56,8552.602146
-101.0,2,8552.815169
-240.0,141,8553.169109
-128.0,129,8555.379744
-171.0,172,8647.976845
-78.0,79,8648.090416
-76.0,77,8648.20601
-172.0,173,8648.323321
-235.0,136,8648.920042
-44.0,45,8653.227962
-42.0,43,8653.808587
-49.0,50,8654.028468
-467.0,468,8655.592373
-262.0,263,8656.770163
-179.0,80,8657.215814
-142.0,143,8657.92768
-94.0,95,8658.68319
-19.0,20,8661.027681
-63.0,64,8664.072933
-88.0,89,8664.073004
-102.0,3,8664.438773
-144.0,45,8669.683326
-168.0,69,8672.095002
-218.0,119,8674.721463
-105.0,6,8675.45207
-50.0,51,8675.566953
-192.0,193,8679.389934
-71.0,72,8680.324711
-210.0,211,8682.178787
-37.0,38,8684.771739
-91.0,92,8686.061395
-107.0,108,8688.084533
-64.0,65,8689.813112
-341.0,342,8694.786239
-373.0,374,8695.92881
-126.0,127,8699.035108
-119.0,20,8701.348121
-127.0,128,8704.231471
-147.0,48,8707.077009
-209.0,110,8707.435082
-54.0,55,8710.532062
-201.0,202,8711.036857
-45.0,46,8712.668738
-251.0,252,8714.755789
-268.0,169,8715.288986
-42.0,43,8715.808091
-68.0,69,8718.293514
-53.0,54,8721.559546
-600.0,600,8722.523865
-76.0,77,8724.962146
-51.0,52,8727.923056
-89.0,90,8729.263529
-90.0,91,8733.529255
-145.0,46,8734.715562
-114.0,115,8738.660335
-348.0,249,8741.894587
-400.0,301,8742.297678
-180.0,81,8743.015094
-560.0,561,8744.564666
-90.0,91,8745.406837
-52.0,53,8748.178355
-90.0,91,8753.370384
-111.0,112,8755.122747
-101.0,102,8759.751769
-42.0,43,8760.12245
-199.0,200,8761.827977
-72.0,73,8761.966062
-149.0,150,8762.690505
-144.0,45,8765.055898
-37.0,38,8767.081428
-203.0,204,8768.094396
-172.0,73,8768.680151
-58.0,59,8768.680258
-129.0,30,8771.562819
-42.0,43,8772.034554
-36.0,37,8772.923354
-245.0,146,8779.030041
-95.0,96,8780.03069
-71.0,72,8781.459351
-164.0,165,8784.214187
-600.0,600,8784.802625
-152.0,53,8785.997194
-59.0,60,8788.365793
-650.0,551,8791.954818
-177.0,178,8792.658231
-128.0,129,8793.837085
-207.0,208,8795.615209
-89.0,90,8798.526846
-112.0,113,8798.912804
-45.0,46,8799.049463
-110.0,11,8800.390225
-85.0,86,8802.770942
-154.0,155,8802.917261
-168.0,69,8803.824509
-169.0,170,8804.088587
-101.0,2,8804.088658
-120.0,121,8806.11442
-57.0,58,8807.26233
-47.0,48,8808.423474
-83.0,84,8808.863999
-89.0,90,8809.199604
-161.0,62,8811.160525
-140.0,41,8815.920233
-181.0,82,8817.843469
-109.0,110,8818.725112
-109.0,110,8821.825628
-151.0,52,8823.766015
-173.0,174,8823.994014
-93.0,94,8826.627328
-193.0,94,8829.554726
-301.0,202,8832.080548
-223.0,224,8833.058243
-97.0,98,8835.07461
-146.0,47,8840.589373
-99.0,100,8841.259246
-435.0,336,8841.603764
-173.0,174,8842.100873
-19.0,20,8843.565985
-214.0,115,8845.585452
-121.0,122,8847.365032
-65.0,66,8848.405213
-52.0,53,8851.605111
-332.0,233,8853.696043
-108.0,109,8854.124961
-210.0,111,8859.86931
-242.0,143,8859.869382
-157.0,158,8860.124315
-83.0,84,8861.147507
-71.0,72,8861.859119
-126.0,127,8862.69964
-200.0,101,8865.577506
-148.0,49,8866.747694
-168.0,69,8867.733904
-67.0,68,8869.580947
-202.0,103,8871.791351
-113.0,114,8872.872452
-108.0,109,8878.031013
-194.0,95,8878.630139
-119.0,20,8880.305362
-99.0,100,8880.998768
-250.0,151,8883.97052
-113.0,114,8885.929474
-304.0,205,8886.18919
-240.0,141,8888.077556
-666.0,567,8889.271794
-133.0,134,8895.935579
-143.0,144,8897.70853
-182.0,183,8899.629003
-109.0,110,8900.650029
-111.0,12,8901.008276
-78.0,79,8906.635409
-202.0,103,8907.603092
-176.0,177,8909.635781
-20.0,21,8910.105932
-232.0,233,8910.955682
-131.0,132,8915.890977
-200.0,101,8918.329681
-155.0,156,8919.035172
-287.0,288,8919.392766
-76.0,77,8919.760468
-143.0,44,8921.104555
-160.0,61,8926.195163
-85.0,86,8929.565912
-133.0,34,8930.301503
-106.0,7,8930.426722
-205.0,206,8933.90142
-133.0,134,8937.186707
-260.0,161,8937.661234
-134.0,35,8938.112157
-171.0,172,8940.223782
-257.0,258,8940.474542
-121.0,122,8944.995498
-628.0,529,8947.881786
-75.0,76,8949.222632
-105.0,106,8950.050348
-202.0,103,8950.17958
-169.0,170,8950.656367
-100.0,101,8952.387136
-189.0,90,8955.41222
-135.0,36,8956.600148
-80.0,81,8958.735194
-185.0,186,8958.985033
-105.0,6,8959.468933
-80.0,81,8959.723125
-142.0,43,8960.511249
-100.0,101,8962.428236
-48.0,49,8964.989037
-130.0,131,8965.232776
-146.0,47,8965.755464
-107.0,8,8965.866007
-25.0,26,8968.78066
-139.0,40,8969.734562
-289.0,190,8969.734632
-80.0,81,8971.599701
-23.0,24,8972.547429
-243.0,144,8973.142989
-166.0,67,8973.50838
-125.0,126,8974.128358
-51.0,52,8977.802756
-170.0,171,8978.772193
-62.0,63,8980.038435
-209.0,110,8985.980709
-150.0,151,8986.438308
-175.0,76,8986.575108
-158.0,59,8986.838649
-152.0,153,8987.630169
-132.0,33,8989.700241
-103.0,104,8990.576152
-151.0,152,8991.682998
-51.0,52,8996.816302
-97.0,98,8997.907183
-214.0,215,8998.62552
-128.0,129,9001.838578
-137.0,138,9002.572169
-143.0,44,9003.548686
-58.0,59,9004.558696
-87.0,88,9006.774297
-140.0,141,9007.874007
-132.0,33,9008.220056
-64.0,65,9010.758165
-39.0,40,9011.23949
-189.0,190,9011.448711
-117.0,18,9012.742582
-212.0,113,9014.437959
-112.0,13,9016.076741
-75.0,76,9017.041769
-194.0,95,9018.87911
-88.0,89,9021.882613
-42.0,43,9022.020887
-152.0,53,9024.883507
-76.0,77,9024.883587
-223.0,124,9027.126522
-171.0,172,9031.06169
-37.0,38,9031.518298
-96.0,97,9032.870293
-103.0,104,9033.842812
-104.0,105,9037.042862
-70.0,71,9041.28821
-148.0,49,9047.086474
-144.0,145,9048.13387
-202.0,203,9048.61654
-232.0,133,9052.593635
-180.0,181,9052.705315
-600.0,600,9056.798136
-58.0,59,9059.53654
-87.0,88,9066.59737
-128.0,129,9067.009109
-193.0,194,9069.937852
-213.0,214,9071.178942
-600.0,600,9071.17901
-125.0,126,9073.492573
-473.0,374,9076.606799
-136.0,37,9077.679252
-140.0,141,9083.051778
-53.0,54,9083.850663
-244.0,145,9087.742651
-164.0,165,9088.865995
-295.0,196,9088.980938
-145.0,46,9089.207343
-464.0,365,9089.986613
-169.0,170,9090.682448
-138.0,139,9099.0815
-302.0,203,9100.10587
-206.0,107,9100.246004
-90.0,91,9100.574287
-103.0,4,9100.682057
-210.0,111,9102.039928
-165.0,166,9108.242655
-274.0,175,9109.16431
-94.0,95,9110.204561
-91.0,92,9111.272204
-92.0,93,9111.518353
-43.0,44,9113.395144
-62.0,63,9116.577171
-63.0,64,9117.766249
-64.0,65,9120.963054
-290.0,191,9122.406113
-194.0,95,9122.649062
-48.0,49,9126.575519
-417.0,318,9127.581822
-62.0,63,9129.82863
-106.0,107,9130.04289
-103.0,104,9134.375798
-82.0,83,9143.925197
-136.0,137,9145.883623
-299.0,200,9152.868299
-82.0,83,9155.481336
-101.0,102,9155.710486
-35.0,36,9159.997532
-600.0,501,9160.215329
-64.0,65,9160.533314
-313.0,314,9164.189673
-102.0,103,9167.768037
-521.0,522,9172.10459
-170.0,171,9180.021826
-300.0,201,9183.249705
-215.0,216,9185.593322
-600.0,600,9186.064952
-195.0,196,9190.300033
-65.0,66,9193.316306
-600.0,600,9196.226498
-241.0,142,9196.622247
-108.0,109,9198.755573
-202.0,103,9210.286213
-129.0,130,9210.876188
-236.0,137,9212.070705
-471.0,472,9218.773939
-85.0,86,9221.370836
-249.0,250,9222.402636
-63.0,64,9310.642624
-259.0,160,9313.806125
-163.0,164,9315.874057
-95.0,96,9317.958966
-55.0,56,9320.129792
-55.0,56,9324.163154
-108.0,9,9325.156994
-600.0,600,9325.581365
-240.0,141,9331.786462
-155.0,56,9331.932397
-600.0,600,9336.779144
-378.0,279,9337.402816
-52.0,53,9337.829595
-345.0,246,9338.469332
-160.0,61,9338.584956
-287.0,188,9341.11932
-142.0,43,9343.215166
-600.0,600,9343.330552
-185.0,186,9345.94344
-177.0,78,9346.056764
-75.0,76,9351.749034
-144.0,145,9354.966821
-281.0,182,9357.28953
-124.0,125,9357.643725
-111.0,112,9358.779913
-222.0,123,9360.117353
-83.0,84,9361.609974
-63.0,64,9364.635408
-346.0,247,9365.858829
-152.0,53,9372.107375
-152.0,153,9372.642808
-231.0,132,9372.881873
-98.0,99,9372.994673
-287.0,288,9374.100813
-260.0,161,9383.270446
-80.0,81,9383.550917
-354.0,255,9388.378608
-358.0,259,9390.357929
-159.0,160,9391.463114
-51.0,52,9394.657542
-211.0,212,9396.982721
-215.0,216,9398.226624
-169.0,70,9399.713028
-248.0,149,9401.268067
-105.0,106,9402.876036
-55.0,56,9406.237711
-216.0,117,9408.492974
-110.0,111,9411.59737
-181.0,82,9412.66213
-150.0,51,9418.519594
-419.0,420,9422.406989
-225.0,126,9423.23771
-196.0,197,9424.460433
-260.0,161,9425.369212
-52.0,53,9428.788783
-44.0,45,9430.511756
-265.0,166,9430.829888
-65.0,66,9432.15852
-220.0,121,9432.753109
-32.0,33,9435.91504
-67.0,68,9440.66808
-113.0,114,9441.876359
-110.0,11,9441.876422
-164.0,165,9442.467454
-490.0,391,9442.788312
-506.0,507,9442.901612
-124.0,25,9445.30066
-43.0,44,9446.924906
-161.0,62,9449.957753
-84.0,85,9452.591149
-153.0,154,9453.603121
-139.0,40,9454.464903
-214.0,215,9455.60514
-115.0,16,9456.353296
-100.0,101,9456.979169
-51.0,52,9458.786272
-246.0,247,9459.130056
-104.0,105,9459.130128
-105.0,6,9459.860556
-107.0,108,9466.512394
-87.0,88,9466.872342
-168.0,69,9467.333663
-221.0,122,9470.161995
-115.0,116,9470.736318
-94.0,95,9471.05926
-128.0,129,9473.841255
-78.0,79,9476.404223
-106.0,107,9478.770238
-79.0,80,9480.184911
-182.0,83,9483.420224
-147.0,148,9486.905265
-194.0,195,9488.909676
-169.0,170,9498.025954
-290.0,191,9498.026041
-99.0,100,9498.283011
-299.0,300,9504.95027
-71.0,72,9506.561799
-168.0,169,9508.783571
-327.0,228,9509.790101
-600.0,600,9511.372967
-72.0,73,9513.587442
-135.0,36,9517.967544
-427.0,328,9518.179216
-71.0,72,9519.731158
-183.0,184,9519.960532
-102.0,103,9520.727848
-113.0,14,9522.180013
-341.0,242,9526.264113
-78.0,79,9526.864725
-47.0,48,9527.876117
-160.0,161,9528.384022
-26.0,27,9530.172049
-41.0,42,9531.365375
-157.0,58,9534.805301
-131.0,132,9535.421237
-76.0,77,9537.421787
-263.0,164,9538.879195
-216.0,117,9543.823037
-86.0,87,9544.807424
-82.0,83,9546.962824
-36.0,37,9547.994668
-178.0,79,9553.821773
-88.0,89,9556.98696
-224.0,225,9557.096524
-195.0,196,9557.675164
-134.0,135,9563.270561
-185.0,86,9563.55777
-233.0,234,9565.556356
-77.0,78,9566.028749
-102.0,3,9566.379146
-432.0,433,9568.014242
-207.0,108,9575.715163
-600.0,600,9575.837954
-207.0,108,9575.970751
-98.0,99,9579.187727
-227.0,128,9580.827979
-153.0,154,9582.932928
-178.0,79,9584.555557
-79.0,80,9588.487371
-369.0,270,9588.737694
-81.0,82,9590.499088
-20.0,21,9591.196066
-68.0,69,9591.196136
-298.0,299,9591.560992
-145.0,146,9592.720579
-147.0,148,9602.032843
-234.0,135,9604.123009
-116.0,117,9604.649129
-38.0,39,9606.454945
-145.0,146,9608.48289
-158.0,159,9608.948199
-162.0,163,9610.133671
-301.0,302,9610.880512
-160.0,61,9613.530138
-41.0,42,9614.829923
-53.0,54,9615.079323
-199.0,200,9615.802698
-111.0,112,9617.017861
-77.0,78,9619.879588
-125.0,126,9629.610886
-243.0,144,9633.475368
-135.0,36,9637.698035
-199.0,200,9637.835835
-74.0,75,9638.185331
-174.0,175,9640.003947
-348.0,349,9648.72269
-97.0,98,9649.639441
-415.0,316,9652.264081
-435.0,336,9652.264146
-137.0,38,9653.04328
-135.0,136,9653.502881
-523.0,424,9653.611594
-107.0,8,9654.525758
-126.0,27,9655.352663
-152.0,153,9655.598956
-37.0,38,9656.636091
-161.0,62,9656.747225
-37.0,38,9657.459368
-156.0,157,9658.164623
-134.0,35,9660.700088
-38.0,39,9661.88338
-122.0,123,9667.668431
-60.0,61,9667.780497
-126.0,127,9669.251699
-98.0,99,9669.586128
-68.0,69,9669.947837
-120.0,21,9670.231951
-244.0,145,9672.242933
-148.0,49,9675.979034
-132.0,33,9676.087651
-85.0,86,9677.969061
-207.0,208,9679.740607
-203.0,204,9680.339276
-103.0,104,9682.026733
-54.0,55,9682.252881
-66.0,67,9685.468298
-82.0,83,9685.468365
-296.0,197,9691.710691
-217.0,118,9693.525759
-73.0,74,9693.746177
-112.0,113,9694.696666
-219.0,120,9695.810409
-143.0,144,9696.048219
-139.0,40,9698.323292
-166.0,67,9701.72987
-293.0,294,9703.380881
-155.0,156,9703.380948
-115.0,116,9708.336845
-221.0,122,9710.434035
-61.0,62,9710.836714
-178.0,79,9712.776575
-179.0,180,9716.753213
-218.0,219,9717.187186
-67.0,68,9718.162859
-271.0,172,9718.27349
-65.0,66,9720.169471
-102.0,103,9722.483633
-138.0,139,9724.213729
-309.0,210,9725.821659
-85.0,86,9726.546646
-61.0,62,9727.258938
-100.0,101,9729.782276
-142.0,43,9731.043309
-118.0,119,9731.043383
-99.0,100,9736.082971
-64.0,65,9738.675791
-96.0,97,9738.81744
-68.0,69,9739.166719
-219.0,120,9740.882821
-196.0,97,9741.377503
-215.0,216,9743.682231
-85.0,86,9749.08378
-88.0,89,9749.304863
-169.0,70,9751.978538
-99.0,100,9752.824673
-160.0,161,9755.315425
-142.0,143,9756.232644
-65.0,66,9756.923803
-66.0,67,9759.772148
-94.0,95,9760.517655
-168.0,69,9760.891632
-47.0,48,9760.891699
-273.0,174,9761.903292
-37.0,38,9764.146292
-35.0,36,9766.044695
-92.0,93,9766.989921
-57.0,58,9767.210365
-91.0,92,9767.592417
-188.0,89,9774.851542
-173.0,74,9776.616051
-251.0,152,9778.985658
-114.0,115,9779.965242
-104.0,105,9779.965324
-108.0,109,9780.231727
-161.0,162,9780.231808
-129.0,30,9780.231831
-98.0,99,9786.645145
-94.0,95,9791.016904
-100.0,101,9791.711538
-600.0,600,9793.340947
-119.0,120,9794.167066
-134.0,135,9795.920897
-165.0,166,9798.344852
-173.0,74,9801.984086
-189.0,90,9802.199136
-154.0,55,9802.33845
-138.0,39,9802.898466
-135.0,36,9806.348033
-24.0,25,9809.33953
-195.0,196,9809.718846
-165.0,166,9810.689671
-168.0,169,9814.191236
-198.0,99,9814.191308
-112.0,113,9816.436636
-104.0,5,9817.00207
-156.0,57,9817.378715
-43.0,44,9819.386674
-82.0,83,9819.536825
-136.0,37,9821.441777
-81.0,82,9828.859011
-89.0,90,9829.912547
-355.0,256,9832.208645
-106.0,107,9833.552856
-123.0,24,9836.20656
-556.0,557,9844.861443
-241.0,242,9844.980681
-182.0,83,9845.667431
-30.0,31,9848.509142
-179.0,180,9849.244
-171.0,172,9849.388515
-165.0,166,9851.110564
-176.0,77,9854.531638
-93.0,94,9860.442409
-63.0,64,9862.227353
-162.0,163,9864.045959
-38.0,39,9866.821251
-147.0,148,9868.550637
-569.0,470,9868.550709
-43.0,44,9869.200686
-103.0,4,9869.701152
-173.0,174,9869.833951
-293.0,194,9871.536278
-74.0,75,9877.218593
-100.0,101,9878.52808
-110.0,11,9878.528162
-600.0,600,9878.862017
-102.0,3,9879.241381
-85.0,86,9879.583274
-78.0,79,9880.58489
-194.0,195,9883.215784
-140.0,41,9883.348893
-230.0,131,9884.984651
-64.0,65,9886.721129
-38.0,39,9887.693685
-82.0,83,9992.354878
-109.0,110,9994.371401
-41.0,42,9994.717927
-124.0,25,9995.066837
-173.0,74,9995.488971
-57.0,58,9995.489039
-123.0,24,9997.618445
-129.0,30,9998.68784
-272.0,173,10000.266656
-30.0,31,10002.247823
-72.0,73,10002.851737
-101.0,2,10003.072777
-48.0,49,10003.227797
-158.0,59,10007.302216
-334.0,335,10009.189719
-320.0,221,10010.534949
-195.0,196,10016.762374
-286.0,187,10016.875442
-242.0,143,10018.704013
-136.0,137,10018.954458
-89.0,90,10019.44427
-117.0,118,10024.087614
-148.0,149,10024.374218
-194.0,195,10025.740011
-61.0,62,10026.106101
-87.0,88,10027.178214
-202.0,103,10028.797508
-129.0,30,10029.295197
-50.0,51,10032.136225
-111.0,112,10032.659137
-37.0,38,10033.259105
-151.0,152,10036.750448
-58.0,59,10038.907629
-203.0,104,10039.25887
-197.0,98,10040.651373
-73.0,74,10041.276964
-291.0,192,10046.738139
-77.0,78,10048.563974
-81.0,82,10048.698764
-69.0,70,10049.068794
-66.0,67,10049.287456
-104.0,105,10049.287533
-56.0,57,10053.632347
-49.0,50,10055.091548
-115.0,116,10062.887069
-334.0,335,10063.819608
-88.0,89,10063.936463
-143.0,144,10065.531925
-243.0,144,10065.658773
-39.0,40,10067.672993
-156.0,157,10067.791102
-398.0,299,10068.49426
-123.0,124,10069.514449
-57.0,58,10070.771883
-56.0,57,10072.146638
-56.0,57,10075.182823
-49.0,50,10081.373516
-139.0,140,10084.644724
-128.0,129,10085.166888
-220.0,121,10087.006314
-161.0,162,10090.317792
-98.0,99,10096.252394
-293.0,294,10098.861578
-337.0,338,10105.536711
-163.0,164,10105.892989
-238.0,239,10109.178183
-140.0,41,10110.22687
-145.0,146,10112.997904
-130.0,131,10113.816771
-268.0,269,10116.426025
-152.0,53,10116.542569
-121.0,122,10120.09155
-175.0,76,10122.732656
-187.0,88,10123.284123
-393.0,294,10124.390301
-230.0,131,10124.512848
-80.0,81,10125.769894
-182.0,83,10126.152762
-177.0,78,10132.057644
-117.0,118,10134.084289
-86.0,87,10134.84865
-600.0,600,10138.435968
-234.0,135,10140.63929
-230.0,131,10141.401812
-162.0,163,10142.660962
-220.0,121,10146.149469
-115.0,16,10147.959931
-65.0,66,10148.902874
-236.0,137,10150.613416
-102.0,103,10152.414769
-186.0,187,10155.920001
-182.0,183,10159.626233
-134.0,135,10163.733235
-127.0,128,10163.841964
-39.0,40,10164.220714
-136.0,137,10166.734297
-131.0,132,10167.943738
-108.0,109,10168.6446
-175.0,76,10172.949326
-502.0,403,10173.569543
-53.0,54,10174.351473
-214.0,115,10180.189779
-206.0,107,10185.067988
-216.0,117,10186.774831
-301.0,202,10187.626908
-503.0,404,10189.445769
-201.0,202,10191.727941
-156.0,157,10192.069765
-48.0,49,10192.305085
-347.0,248,10192.305156
-22.0,23,10194.263653
-170.0,71,10200.043492
-176.0,177,10200.043567
-163.0,64,10201.54898
-96.0,97,10203.24634
-33.0,34,10205.432589
-323.0,224,10210.581203
-164.0,65,10210.862367
-109.0,110,10212.932592
-162.0,63,10212.932667
-311.0,212,10213.820305
-50.0,51,10217.037002
-139.0,40,10217.749261
-72.0,73,10219.365331
-191.0,192,10222.420694
-58.0,59,10223.653238
-94.0,95,10223.890617
-413.0,314,10228.384147
-96.0,97,10230.326744
-114.0,115,10230.833962
-86.0,87,10233.914152
-515.0,416,10235.680922
-200.0,101,10235.801033
-210.0,211,10238.35655
-146.0,47,10239.303054
-93.0,94,10239.591659
-179.0,80,10239.811953
-125.0,26,10241.328368
-218.0,219,10247.804724
-178.0,79,10248.938561
-226.0,127,10250.464316
-229.0,130,10250.735175
-207.0,108,10251.916018
-211.0,212,10255.516541
-73.0,74,10256.443027
-173.0,174,10261.406769
-290.0,191,10261.648822
-123.0,124,10265.19383
-169.0,170,10268.819744
-145.0,146,10268.969501
-110.0,111,10269.541538
-76.0,77,10270.589709
-188.0,189,10272.521233
-247.0,148,10272.885406
-55.0,56,10276.05141
-69.0,70,10277.129726
-157.0,158,10280.419419
-68.0,69,10280.766154
-135.0,136,10281.232098
-166.0,167,10288.510817
-151.0,152,10288.510903
-106.0,107,10288.769162
-99.0,100,10289.016777
-159.0,160,10291.680491
-95.0,96,10291.922121
-143.0,144,10297.033209
-182.0,83,10297.907945
-184.0,85,10298.580467
-196.0,97,10299.782732
-262.0,163,10300.030096
-126.0,27,10300.167194
-122.0,23,10301.348071
-116.0,17,10302.163795
-91.0,92,10302.299422
-288.0,189,10310.147994
-74.0,75,10310.736745
-82.0,83,10310.851117
-114.0,115,10313.078707
-186.0,187,10313.191564
-134.0,135,10313.312538
-209.0,110,10314.722973
-232.0,133,10314.937382
-67.0,68,10321.217907
-198.0,99,10322.278886
-169.0,70,10323.203494
-72.0,73,10323.334236
-96.0,97,10324.721596
-113.0,14,10326.325442
-45.0,46,10328.547174
-172.0,173,10330.918445
-77.0,78,10332.605615
-70.0,71,10334.902298
-194.0,195,10336.172706
-44.0,45,10336.287543
-227.0,128,10337.457242
-138.0,139,10337.703223
-150.0,51,10342.210706
-281.0,282,10343.119209
-200.0,101,10344.394629
-169.0,70,10345.575887
-208.0,109,10348.864789
-55.0,56,10349.694026
-203.0,104,10349.796167
-136.0,37,10349.958409
-174.0,175,10355.506641
-55.0,56,10356.434689
-104.0,105,10356.951234
-42.0,43,10361.967943
-129.0,130,10365.367933
-80.0,81,10366.068793
-34.0,35,10370.132342
-49.0,50,10371.218323
-119.0,20,10373.55128
-116.0,117,10375.66445
-83.0,84,10379.954364
-565.0,466,10383.574028
-343.0,244,10384.182701
-414.0,315,10386.990872
-126.0,27,10387.208692
-430.0,331,10387.82001
-132.0,133,10388.943789
-113.0,114,10388.943859
-134.0,135,10395.634929
-70.0,71,10397.237514
-91.0,92,10397.899382
-182.0,83,10398.58952
-139.0,140,10399.687846
-115.0,16,10400.357942
-282.0,183,10408.663539
-100.0,101,10409.213187
-89.0,90,10410.494888
-118.0,119,10410.632675
-600.0,600,10412.019231
-151.0,152,10412.806463
-35.0,36,10412.806533
-330.0,231,10413.406227
-44.0,45,10414.449811
-131.0,132,10414.681567
-63.0,64,10420.220557
-156.0,57,10421.234609
-94.0,95,10421.566771
-68.0,69,10422.3191
-122.0,23,10422.810501
-126.0,27,10425.844154
-123.0,124,10427.465435
-146.0,147,10428.842356
-74.0,75,10430.906862
-129.0,30,10432.195481
-111.0,112,10433.957144
-111.0,112,10434.302594
-225.0,226,10436.499092
-208.0,209,10436.867258
-107.0,108,10440.10638
-215.0,116,10445.827294
-87.0,88,10446.714915
-169.0,170,10450.535906
-133.0,134,10452.371768
-162.0,163,10452.981117
-111.0,112,10453.118296
-177.0,178,10455.012275
-258.0,259,10455.756384
-33.0,34,10459.4518
-170.0,71,10460.842097
-72.0,73,10463.21143
-96.0,97,10463.346992
-46.0,47,10464.891184
-131.0,132,10465.530514
-296.0,197,10468.142541
-66.0,67,10470.913274
-111.0,112,10473.854522
-76.0,77,10480.050959
-147.0,148,10480.40957
-266.0,167,10485.115626
-250.0,151,10485.976974
-31.0,32,10488.860502
-423.0,324,10490.527793
-228.0,229,10491.732233
-20.0,21,10494.201498
-74.0,75,10494.838005
-135.0,136,10496.179698
-532.0,433,10496.930321
-173.0,74,10497.679824
-152.0,153,10498.516411
-224.0,225,10500.462017
-43.0,44,10503.913092
-231.0,132,10506.49797
-103.0,104,10506.85031
-208.0,109,10510.054055
-182.0,83,10510.415404
-47.0,48,10515.639474
-162.0,163,10517.008556
-126.0,127,10518.712032
-200.0,201,10519.895332
-233.0,134,10522.331178
-333.0,234,10522.447624
-112.0,113,10523.557543
-201.0,102,10528.970436
-244.0,245,10535.090732
-199.0,100,10535.307744
-69.0,70,10537.225465
-185.0,186,10537.457517
-63.0,64,10542.489193
-204.0,205,10542.724065
-49.0,50,10542.961403
-67.0,68,10545.183628
-203.0,104,10547.172908
-48.0,49,10548.460646
-60.0,61,10549.610729
-410.0,311,10556.154864
-62.0,63,10557.08952
-91.0,92,10559.164906
-51.0,52,10563.046674
-115.0,16,10564.963372
-183.0,184,10568.644006
-87.0,88,10569.531285
-241.0,242,10570.652864
-38.0,39,10573.458279
-561.0,462,10652.187978
-182.0,183,10653.434574
-87.0,88,10655.670203
-132.0,33,10655.8777
-58.0,59,10655.990268
-131.0,132,10656.200749
-23.0,24,10658.729767
-107.0,108,10658.729838
-188.0,89,10665.810875
-77.0,78,10667.574295
-600.0,600,10667.679906
-121.0,122,10669.528937
-138.0,139,10671.095401
-48.0,49,10671.329756
-174.0,75,10676.005314
-52.0,53,10677.398661
-132.0,33,10679.884357
-94.0,95,10682.159275
-121.0,122,10683.538738
-269.0,270,10683.999826
-242.0,143,10684.112581
-261.0,262,10688.758026
-100.0,101,10689.268014
-600.0,600,10690.20098
-65.0,66,10691.809043
-68.0,69,10692.017545
-97.0,98,10694.769383
-130.0,131,10697.002603
-69.0,70,10697.874645
-45.0,46,10699.901307
-180.0,81,10700.941267
-93.0,94,10702.723757
-162.0,63,10704.469302
-338.0,239,10707.568655
-70.0,71,10708.427248
-279.0,180,10709.61564
-278.0,179,10710.000887
-151.0,52,10715.953782
-90.0,91,10718.219654
-172.0,173,10718.341934
-125.0,126,10719.244661
-144.0,145,10719.689787
-174.0,175,10721.505543
-159.0,60,10725.350212
-147.0,148,10725.714076
-80.0,81,10727.57234
-193.0,194,10732.071028
-234.0,135,10734.912633
-180.0,81,10736.964659
-23.0,24,10737.739793
-52.0,53,10738.31596
-173.0,174,10739.87083
-150.0,51,10743.413137
-247.0,248,10744.555882
-182.0,183,10746.235387
-26.0,27,10749.417133
-119.0,120,10751.966156
-27.0,28,10752.671007
-108.0,9,10753.044178
-111.0,112,10757.857019
-42.0,43,10757.974425
-154.0,155,10757.974506
-224.0,125,10758.24058
-432.0,333,10760.192508
-45.0,46,10763.649833
-70.0,71,10766.438457
-170.0,171,10773.764742
-166.0,167,10777.969191
-121.0,122,10778.461706
-104.0,105,10779.142616
-208.0,209,10783.073754
-51.0,52,10784.21226
-197.0,98,10790.095207
-164.0,165,10793.460265
-496.0,497,10795.944435
-600.0,600,10796.516003
-408.0,309,10797.157422
-45.0,46,10801.673895
-83.0,84,10802.932885
-179.0,180,10803.893129
-90.0,91,10805.981605
-88.0,89,10806.96721
-126.0,27,10809.941102
-334.0,235,10811.09083
-96.0,97,10814.936363
-221.0,222,10815.422646
-39.0,40,10820.244234
-74.0,75,10823.753638
-124.0,125,10825.648393
-69.0,70,10828.300825
-172.0,173,10830.224133
-201.0,102,10839.608733
-38.0,39,10844.407483
-186.0,187,10845.291153
-600.0,600,10848.605248
-300.0,201,10848.943334
-162.0,163,10849.078484
-400.0,401,10849.217835
-42.0,43,10850.468649
-58.0,59,10855.368292
-55.0,56,10855.593264
-194.0,95,10861.358088
-224.0,125,10863.43754
-596.0,497,10863.557689
-144.0,45,10868.808576
-600.0,600,10870.893597
-96.0,97,10872.725608
-29.0,30,10874.506627
-223.0,224,10875.161158
-275.0,176,10875.98292
-47.0,48,10878.162459
-197.0,198,10878.648747
-44.0,45,10883.861801
-189.0,90,10885.57858
-147.0,148,10886.090146
-107.0,108,10887.109922
-103.0,104,10890.42109
-157.0,58,10890.747577
-236.0,137,10891.813956
-47.0,48,10892.489964
-67.0,68,10893.847287
-71.0,72,10898.329489
-190.0,91,10900.769851
-109.0,110,10904.925468
-600.0,600,10913.816433
-353.0,254,10914.598095
-101.0,2,10914.817377
-85.0,86,10914.817443
-291.0,192,10915.675823
-133.0,134,10916.241092
-61.0,62,10923.576905
-81.0,82,10924.413685
-236.0,237,10925.830687
-316.0,317,10928.191569
-600.0,600,10932.872142
-103.0,4,10933.326455
-89.0,90,10934.116752
-88.0,89,10934.834156
-174.0,175,10936.305424
-119.0,120,10939.701957
-43.0,44,10939.827451
-70.0,71,10942.2538
-160.0,161,10947.022618
-125.0,126,10950.809711
-75.0,76,10951.132167
-470.0,371,10956.789276
-148.0,149,10956.994904
-181.0,182,10960.774344
-106.0,107,10963.097436
-168.0,169,10966.435355
-50.0,51,10966.677175
-394.0,295,10967.370625
-94.0,95,10968.151649
-209.0,110,10969.59866
-589.0,490,10971.682457
-87.0,88,10973.259372
-51.0,52,10975.610327
-78.0,79,10975.610392
-33.0,34,10979.555005
-79.0,80,10980.926906
-124.0,125,10981.823826
-133.0,34,10983.4467
-149.0,150,10984.071647
-60.0,61,10990.659122
-244.0,145,10992.63453
-79.0,80,10993.583079
-129.0,130,10997.205753
-131.0,32,10997.315527
-106.0,7,10998.183368
-248.0,249,11002.403321
-103.0,104,11002.85269
-290.0,191,11003.28656
-107.0,108,11005.182054
-109.0,110,11016.299119
-433.0,434,11018.937772
-143.0,144,11019.36639
-600.0,600,11021.054839
-170.0,171,11023.029013
-215.0,216,11023.531249
-53.0,54,11027.370389
-113.0,114,11029.524143
-115.0,16,11031.286731
-78.0,79,11032.352237
-220.0,121,11032.703031
-46.0,47,11037.948569
-134.0,135,11038.170085
-198.0,199,11041.919391
-38.0,39,11042.649461
-105.0,106,11044.265155
-499.0,400,11051.094581
-194.0,95,11053.533191
-139.0,140,11057.968133
-345.0,246,11059.290688
-600.0,600,11065.983071
-133.0,134,11066.306105
-202.0,203,11067.330871
-371.0,272,11068.807287
-139.0,140,11069.278021
-55.0,56,11072.820152
-37.0,38,11073.73281
-248.0,149,11074.829253
-66.0,67,11075.056521
-162.0,163,11077.800393
-96.0,97,11080.256483
-471.0,472,11081.247227
-62.0,63,11082.671826
-161.0,162,11084.989203
-30.0,31,11086.222764
-172.0,73,11088.701123
-131.0,132,11090.306038
-152.0,153,11091.537947
-169.0,170,11092.502427
-60.0,61,11093.026146
-106.0,107,11093.366303
-19.0,20,11093.751335
-142.0,43,11097.805684
-176.0,77,11098.814705
-66.0,67,11101.192766
-82.0,83,11101.844686
-118.0,19,11103.429587
-114.0,115,11106.339509
-77.0,78,11107.738073
-38.0,39,11107.892356
-186.0,187,11109.892889
-62.0,63,11114.893008
-251.0,152,11115.039172
-271.0,272,11115.617753
-62.0,63,11116.885255
-142.0,143,11118.091736
-32.0,33,11118.781202
-123.0,124,11120.651581
-72.0,73,11124.087789
-32.0,33,11124.303926
-82.0,83,11124.655622
-521.0,422,11125.922416
-167.0,168,11126.838771
-115.0,116,11130.269988
-58.0,59,11131.451671
-95.0,96,11135.365747
-147.0,148,11135.829154
-260.0,161,11136.676733
-204.0,105,11138.11571
-84.0,85,11140.16681
-35.0,36,11144.501815
-81.0,82,11145.148902
-105.0,106,11149.137787
-221.0,222,11150.018476
-103.0,104,11150.453531
-118.0,19,11152.165491
-217.0,218,11152.421753
-142.0,143,11152.676321
-106.0,107,11157.290313
-260.0,161,11162.865897
-200.0,101,11163.743937
-109.0,110,11165.040268
-246.0,147,11165.839315
-42.0,43,11167.81546
-70.0,71,11173.169519
-166.0,167,11176.559016
-114.0,115,11181.205231
-138.0,139,11182.017169
-185.0,186,11185.255337
-126.0,127,11187.96644
-93.0,94,11192.252672
-191.0,92,11196.26896
-175.0,176,11197.203285
-134.0,135,11197.892444
-673.0,574,11198.139687
-110.0,11,11199.376186
-68.0,69,11200.373125
-107.0,8,11201.305626
-75.0,76,11206.170244
-180.0,181,11209.498089
-35.0,36,11210.426918
-162.0,163,11217.011908
-73.0,74,11218.069876
-153.0,154,11219.366016
-680.0,581,11219.737556
-600.0,600,11220.206019
-38.0,39,11222.703884
-351.0,252,11225.845871
-92.0,93,11291.699008
-111.0,12,11293.042191
-296.0,297,11294.693014
-155.0,156,11295.681973
-145.0,146,11297.19375
-255.0,156,11298.040871
-101.0,2,11298.278086
-49.0,50,11300.390413
-286.0,287,11303.97201
-98.0,99,11306.846807
-177.0,78,11309.19946
-235.0,236,11310.174079
-258.0,159,11315.253865
-110.0,111,11316.734237
-266.0,167,11317.199514
-102.0,103,11320.864357
-73.0,74,11323.721052
-70.0,71,11324.908623
-287.0,288,11325.919814
-26.0,27,11327.049102
-174.0,175,11327.182549
-186.0,187,11331.89322
-164.0,65,11332.629014
-143.0,144,11334.171839
-97.0,98,11337.606352
-85.0,86,11342.85657
-106.0,107,11344.541553
-209.0,210,11345.666761
-191.0,192,11349.237203
-583.0,584,11353.655961
-148.0,149,11354.629294
-54.0,55,11355.712543
-250.0,251,11356.316221
-135.0,136,11358.364821
-36.0,37,11358.963407
-232.0,133,11360.945185
-108.0,9,11361.996133
-71.0,72,11362.114643
-117.0,18,11364.121492
-178.0,79,11364.933998
-91.0,92,11369.731325
-411.0,312,11370.330653
-251.0,252,11373.700205
-102.0,103,11374.16637
-145.0,46,11375.066059
-102.0,3,11375.397174
-39.0,40,11378.207443
-194.0,195,11381.120566
-161.0,162,11382.99435
-156.0,157,11383.237119
-140.0,141,11386.927107
-207.0,108,11386.92719
-288.0,289,11390.137365
-93.0,94,11392.289473
-184.0,185,11397.183876
-260.0,161,11397.308226
-88.0,89,11397.308312
-103.0,104,11404.091349
-63.0,64,11404.47267
-76.0,77,11405.921342
-207.0,108,11409.612623
-63.0,64,11417.081448
-306.0,307,11418.789596
-109.0,110,11418.789668
-136.0,37,11421.565794
-125.0,26,11421.905707
-161.0,162,11423.324999
-66.0,67,11426.883254
-349.0,350,11427.910855
-207.0,208,11429.286425
-80.0,81,11431.378016
-54.0,55,11434.314307
-68.0,69,11435.078606
-217.0,118,11437.405006
-608.0,509,11443.090893
-51.0,52,11449.260943
-108.0,109,11450.229998
-240.0,241,11450.617171
-171.0,172,11455.174557
-48.0,49,11456.068262
-293.0,194,11457.058843
-600.0,600,11460.38808
-355.0,256,11461.228077
-66.0,67,11462.921988
-213.0,114,11463.273876
-60.0,61,11467.490556
-93.0,94,11467.955419
-108.0,109,11468.739745
-216.0,217,11474.054601
-52.0,53,11474.594795
-167.0,68,11475.460975
-120.0,21,11476.983618
-138.0,139,11476.983688
-53.0,54,11480.201859
-166.0,167,11482.022666
-264.0,165,11482.150046
-177.0,78,11486.235497
-166.0,167,11486.750582
-162.0,63,11487.84642
-59.0,60,11489.291997
-124.0,125,11490.341015
-127.0,28,11492.580266
-92.0,93,11493.316277
-55.0,56,11493.43222
-175.0,176,11497.843157
-600.0,600,11499.232317
-57.0,58,11499.48153
-57.0,58,11500.221673
-47.0,48,11505.127801
-171.0,72,11506.373201
-168.0,169,11510.237955
-217.0,218,11512.029404
-215.0,216,11513.247784
-181.0,182,11514.732949
-82.0,83,11514.733015
-127.0,128,11515.057043
-48.0,49,11518.710217
-148.0,49,11520.324287
-199.0,100,11521.711677
-81.0,82,11524.551167
-117.0,118,11525.658957
-106.0,7,11526.490626
-55.0,56,11526.926883
-46.0,47,11527.337764
-188.0,189,11528.484779
-100.0,101,11530.739055
-72.0,73,11533.20247
-153.0,154,11544.835558
-125.0,126,11547.757123
-160.0,161,11549.518455
-222.0,223,11554.407868
-498.0,499,11557.284876
-101.0,102,11559.698092
-46.0,47,11559.814672
-302.0,303,11561.819728
-170.0,171,11565.032566
-30.0,31,11565.647397
-435.0,436,11565.778566
-145.0,146,11566.732515
-76.0,77,11568.822478
-27.0,28,11569.810734
-40.0,41,11570.278059
-49.0,50,11574.521464
-172.0,173,11577.310596
-70.0,71,11577.81565
-123.0,24,11580.211794
-56.0,57,11580.964178
-141.0,142,11581.20632
-169.0,70,11588.365143
-600.0,600,11596.843642
-363.0,264,11600.655322
-198.0,199,11603.863554
-312.0,213,11605.673927
-168.0,169,11607.599527
-173.0,74,11608.900211
-48.0,49,11609.412695
-54.0,55,11611.843793
-300.0,301,11612.32868
-71.0,72,11620.1478
-650.0,551,11623.21098
-128.0,29,11623.579774
-144.0,145,11626.068331
-262.0,263,11627.010134
-56.0,57,11629.626512
-30.0,31,11630.409115
-159.0,160,11630.633191
-600.0,600,11634.294913
-90.0,91,11636.225953
-111.0,112,11643.391207
-176.0,177,11643.604695
-80.0,81,11645.555683
-152.0,153,11647.099917
-173.0,174,11650.29509
-89.0,90,11654.082169
-180.0,81,11654.977816
-204.0,105,11655.590451
-431.0,432,11657.160311
-103.0,4,11657.620608
-217.0,218,11659.630818
-144.0,145,11664.237464
-190.0,91,11664.923571
-107.0,108,11667.890947
-63.0,64,11672.549249
-211.0,112,11672.92817
-202.0,203,11674.359016
-245.0,146,11674.918622
-172.0,173,11676.00508
-126.0,27,11677.317479
-600.0,600,11678.250732
-31.0,32,11679.64598
-137.0,138,11680.25316
-70.0,71,11680.940215
-199.0,100,11684.123189
-83.0,84,11688.186315
-114.0,115,11688.331466
-58.0,59,11690.936048
-225.0,126,11692.154321
-101.0,102,11693.030707
-222.0,223,11693.904445
-122.0,23,11694.840231
-142.0,143,11696.337735
-45.0,46,11701.652789
-153.0,154,11708.661236
-245.0,246,11708.781396
-192.0,193,11716.006772
-210.0,211,11717.25073
-388.0,289,11721.673207
-272.0,173,11721.77662
-151.0,152,11726.413681
-105.0,106,11729.570671
-379.0,380,11732.1972
-305.0,206,11732.633736
-108.0,109,11734.108787
-450.0,351,11735.168897
-42.0,43,11738.964176
-212.0,213,11740.546817
-116.0,117,11745.387381
-213.0,114,11745.514654
-174.0,175,11746.182949
-99.0,100,11746.532248
-232.0,233,11748.184342
-65.0,66,11755.95827
-187.0,88,11756.694646
-103.0,104,11757.430093
-107.0,108,11757.970141
-33.0,34,11761.35582
-269.0,270,11769.798194
-127.0,128,11772.55761
-236.0,237,11773.369791
-108.0,109,11786.29843
-315.0,216,11786.418874
-165.0,166,11789.456682
-245.0,146,11789.915262
-343.0,344,11796.256709
-54.0,55,11796.606815
-600.0,600,11799.272665
-117.0,118,11800.542808
-392.0,393,11802.741361
-41.0,42,11804.001718
-57.0,58,11807.071489
-159.0,60,11809.607289
-600.0,600,11810.332448
-134.0,135,11812.26217
-170.0,171,11816.175946
-40.0,41,11817.021234
-337.0,238,11817.382334
-206.0,107,11819.5373
-104.0,105,11821.989741
-147.0,48,11822.744234
-58.0,59,11823.094909
-206.0,207,11828.420054
-83.0,84,11829.691483
-108.0,109,11830.320825
-79.0,80,11831.481586
-79.0,80,11832.237964
-194.0,195,11833.371558
-46.0,47,11833.865042
-134.0,35,11835.519464
-67.0,68,11839.940123
-92.0,93,11841.02932
-51.0,52,11841.482888
-160.0,161,11841.837312
-115.0,116,11843.103422
-50.0,51,11847.488913
-59.0,60,11848.132998
-178.0,179,11853.874644
-68.0,69,11855.731171
-600.0,600,11856.478799
-29.0,30,11857.311795
-282.0,183,11861.045291
-43.0,44,11862.38901
-64.0,65,11863.387833
-25.0,26,11865.55872
-202.0,203,11866.532021
-241.0,242,11945.337432
-97.0,98,11947.637713
-122.0,123,11949.665823
-262.0,163,11952.239897
-191.0,192,11953.262734
-52.0,53,11953.843269
-77.0,78,11961.376916
-104.0,105,11961.993561
-93.0,94,11964.895306
-116.0,117,11967.010992
-171.0,72,11969.783931
-600.0,600,11973.160518
-26.0,27,11976.167006
-141.0,142,11978.215433
-600.0,600,11981.270092
-143.0,144,11981.513489
-169.0,170,11986.489763
-89.0,90,11986.628527
-151.0,52,11987.255449
-558.0,559,11991.305054
-219.0,120,11992.179661
-55.0,56,11993.663655
-37.0,38,11997.999825
-71.0,72,12000.382165
-224.0,125,12000.846275
-204.0,205,12004.800178
-81.0,82,12007.301023
-233.0,234,12013.670485
-116.0,117,12014.044847
-600.0,600,12014.835575
-106.0,107,12017.544875
-32.0,33,12018.673434
-127.0,128,12022.628258
-84.0,85,12023.836807
-302.0,203,12024.746961
-406.0,307,12027.060356
-114.0,115,12027.647722
-100.0,101,12029.443503
-194.0,95,12038.151016
-600.0,600,12039.45024
-251.0,152,12040.381665
-259.0,160,12042.535285
-112.0,113,12042.770918
-370.0,271,12050.311579
-95.0,96,12051.505918
-96.0,97,12053.710279
-126.0,127,12054.168806
-54.0,55,12056.672232
-124.0,125,12057.191096
-162.0,63,12061.474443
-206.0,207,12062.10412
-86.0,87,12071.262185
-125.0,126,12071.484946
-51.0,52,12077.346351
-457.0,458,12077.705202
-59.0,60,12078.548943
-147.0,148,12079.174955
-24.0,25,12082.215209
-362.0,263,12084.187735
-19.0,20,12084.581179
-58.0,59,12084.821327
-166.0,67,12086.615774
-76.0,77,12093.611273
-600.0,600,12097.599144
-195.0,196,12107.132006
-255.0,156,12111.597838
-474.0,475,12111.826037
-22.0,23,12114.330168
-161.0,162,12115.859373
-27.0,28,12117.414806
-309.0,310,12120.627409
-600.0,600,12121.001518
-124.0,25,12123.984531
-506.0,407,12124.845969
-76.0,77,12126.752652
-200.0,101,12127.980895
-147.0,148,12129.011019
-209.0,110,12137.244266
-487.0,488,12143.713336
-100.0,101,12148.960747
-188.0,189,12149.079159
-395.0,296,12155.58468
-59.0,60,12155.903208
-121.0,122,12157.812968
-61.0,62,12162.71141
-94.0,95,12168.827439
-192.0,193,12171.41224
-38.0,39,12173.202167
-135.0,36,12175.415031
-600.0,600,12176.801494
-114.0,15,12177.15589
-548.0,449,12180.973307
-197.0,198,12185.045809
-21.0,22,12187.648635
-199.0,100,12187.976745
-96.0,97,12187.976803
-167.0,168,12192.073571
-36.0,37,12192.18637
-45.0,46,12193.246082
-600.0,600,12194.220984
-600.0,600,12197.150066
-120.0,121,12207.209002
-153.0,154,12209.812634
-146.0,147,12211.087804
-44.0,45,12214.998855
-70.0,71,12215.361597
-159.0,160,12215.638682
-68.0,69,12223.628392
-600.0,600,12224.70725
-187.0,88,12225.306497
-90.0,91,12225.965085
-296.0,297,12226.516111
-41.0,42,12230.767653
-270.0,171,12230.87816
-100.0,101,12236.239169
-122.0,123,12237.695066
-110.0,111,12237.94207
-64.0,65,12238.266228
-115.0,116,12239.810261
-41.0,42,12243.126494
-59.0,60,12244.868195
-160.0,61,12246.905542
-34.0,35,12247.237185
-600.0,600,12249.83617
-133.0,134,12253.0598
-43.0,44,12254.686648
-600.0,600,12256.449055
-121.0,122,12258.490685
-149.0,150,12263.872658
-158.0,159,12264.546997
-91.0,92,12266.783535
-139.0,40,12269.350652
-312.0,313,12271.942858
-92.0,93,12274.986908
-506.0,407,12277.484319
-299.0,200,12277.807275
-55.0,56,12278.576267
-245.0,246,12281.302312
-39.0,40,12282.353379
-126.0,127,12284.211375
-227.0,228,12284.971401
-72.0,73,12289.639634
-317.0,218,12292.15035
-147.0,148,12294.400348
-90.0,91,12294.658839
-107.0,108,12297.451847
-146.0,147,12299.250684
-49.0,50,12300.491751
-183.0,84,12307.253122
-70.0,71,12307.592178
-384.0,285,12307.917383
-24.0,25,12310.014967
-39.0,40,12312.110026
-160.0,161,12313.016849
-111.0,112,12313.407673
-128.0,29,12316.344294
-69.0,70,12318.010786
-266.0,267,12320.36645
-118.0,119,12321.3724
-29.0,30,12324.905294
-96.0,97,12329.338651
-165.0,166,12332.334113
-106.0,107,12332.704819
-33.0,34,12333.063577
-598.0,499,12335.772392
-216.0,217,12336.773511
-63.0,64,12339.998927
-175.0,176,12345.116197
-42.0,43,12350.323158
-154.0,155,12350.44047
-152.0,153,12354.728293
-162.0,163,12354.850947
-52.0,53,12356.355066
-179.0,180,12360.829601
-600.0,600,12361.252184
-62.0,63,12361.8626
-115.0,116,12363.605133
-69.0,70,12364.292441
-67.0,68,12372.263588
-593.0,494,12373.313616
-159.0,160,12373.313684
-109.0,110,12374.774246
-229.0,130,12376.06124
-123.0,124,12378.243863
-107.0,8,12379.133335
-64.0,65,12379.884159
-112.0,113,12386.357844
-130.0,131,12390.966261
-256.0,257,12390.966327
-248.0,149,12391.696982
-39.0,40,12395.583279
-60.0,61,12398.009327
-600.0,600,12402.274653
-282.0,283,12405.686273
-254.0,255,12408.777467
-319.0,220,12411.368795
-113.0,14,12412.87512
-177.0,78,12414.498538
-120.0,121,12415.865557
-158.0,159,12415.98755
-320.0,221,12416.981833
-89.0,90,12419.072423
-68.0,69,12420.821421
-100.0,101,12427.620992
-200.0,101,12428.652194
-122.0,123,12428.774382
-77.0,78,12429.92173
-120.0,121,12430.033946
-139.0,40,12434.534355
-514.0,515,12437.699623
-118.0,119,12443.302472
-160.0,161,12447.03753
-164.0,165,12447.413217
-270.0,271,12450.311859
-137.0,138,12450.435615
-218.0,219,12452.72296
-101.0,102,12455.292209
-600.0,600,12464.546009
-112.0,113,12466.008279
-160.0,161,12466.008362
-161.0,162,12466.47126
-142.0,143,12472.004025
-53.0,54,12472.699559
-84.0,85,12474.284819
-214.0,215,12475.287767
-105.0,6,12475.934449
-221.0,222,12475.934514
-92.0,93,12476.496517
-144.0,45,12476.982594
-280.0,181,12486.278045
-32.0,33,12489.908876
-151.0,152,12493.732383
-155.0,156,12493.732452
-229.0,230,12498.052035
-151.0,52,12499.506796
-600.0,600,12506.31382
-171.0,172,12509.5859
-246.0,147,12510.720052
-99.0,100,12511.327229
-413.0,314,12511.456781
-364.0,365,12515.668746
-287.0,188,12593.402712
-130.0,131,12594.825907
-93.0,94,12595.453645
-106.0,107,12596.291433
-143.0,144,12599.176903
-47.0,48,12601.455168
-462.0,463,12601.457738
-138.0,139,12604.478015
-50.0,51,12604.93744
-187.0,88,12605.176921
-314.0,215,12608.877243
-168.0,169,12611.852253
-188.0,189,12615.635898
-134.0,135,12619.852615
-107.0,108,12627.621606
-146.0,147,12628.348661
-340.0,241,12628.348748
-117.0,18,12630.614289
-206.0,107,12632.10474
-43.0,44,12632.908778
-235.0,236,12635.627617
-67.0,68,12636.458625
-414.0,315,12637.221675
-120.0,21,12638.150288
-320.0,321,12641.028838
-48.0,49,12643.890204
-441.0,342,12644.145452
-103.0,104,12644.388722
-96.0,97,12647.837207
-269.0,170,12650.582973
-184.0,185,12654.665791
-208.0,109,12656.691296
-144.0,145,12661.232888
-220.0,221,12662.901639
-76.0,77,12665.481683
-206.0,207,12671.717833
-265.0,266,12671.717905
-261.0,262,12674.388993
-23.0,24,12674.499654
-211.0,212,12675.029619
-120.0,121,12676.928049
-143.0,144,12677.923087
-25.0,26,12679.92542
-47.0,48,12680.668746
-67.0,68,12682.472293
-363.0,264,12685.236049
-182.0,183,12686.66274
-148.0,149,12688.991221
-56.0,57,12688.991281
-88.0,89,12690.217562
-104.0,5,12690.791194
-110.0,111,12693.354957
-59.0,60,12696.070946
-185.0,186,12696.071036
-172.0,173,12697.955869
-84.0,85,12703.141407
-145.0,146,12703.357575
-69.0,70,12703.933529
-250.0,151,12706.308938
-50.0,51,12709.234964
-117.0,118,12709.505387
-54.0,55,12710.361598
-49.0,50,12712.27556
-187.0,188,12712.544516
-79.0,80,12712.544594
-351.0,252,12714.306569
-149.0,50,12718.52766
-181.0,182,12719.166632
-142.0,43,12719.538394
-85.0,86,12722.798286
-93.0,94,12723.527497
-60.0,61,12726.281117
-31.0,32,12727.243133
-54.0,55,12733.663164
-360.0,261,12740.128018
-74.0,75,12742.431649
-371.0,272,12742.431727
-204.0,205,12750.396224
-69.0,70,12750.75582
-72.0,73,12751.098377
-457.0,358,12760.347059
-88.0,89,12760.566691
-234.0,135,12766.273515
-593.0,494,12767.440362
-157.0,158,12769.342567
-357.0,258,12770.119704
-83.0,84,12770.386267
-48.0,49,12772.068081
-27.0,28,12773.715781
-132.0,133,12775.860683
-167.0,68,12777.965166
-45.0,46,12778.900362
-99.0,100,12779.01012
-65.0,66,12786.550323
-75.0,76,12787.811012
-600.0,600,12789.289719
-106.0,107,12790.283195
-174.0,175,12792.165701
-243.0,144,12792.403722
-600.0,600,12792.516267
-208.0,209,12793.451233
-36.0,37,12793.564415
-64.0,65,12795.255826
-58.0,59,12800.400598
-107.0,108,12805.933512
-117.0,118,12806.04519
-179.0,180,12807.331677
-38.0,39,12810.639292
-155.0,156,12813.436711
-282.0,183,12813.436774
-53.0,54,12816.888087
-98.0,99,12817.446752
-152.0,153,12818.112667
-26.0,27,12821.181486
-271.0,272,12821.801192
-70.0,71,12829.593313
-187.0,88,12832.01557
-139.0,140,12833.626081
-277.0,178,12833.980678
-233.0,234,12834.444683
-386.0,387,12837.410215
-30.0,31,12838.104324
-181.0,82,12843.542924
-205.0,106,12844.402766
-56.0,57,12844.756676
-248.0,249,12845.784797
-421.0,322,12850.874628
-271.0,172,12857.544343
-345.0,246,12858.197376
-83.0,84,12860.545793
-241.0,142,12860.883155
-241.0,242,12861.769962
-166.0,167,12862.872959
-69.0,70,12865.46804
-170.0,171,12865.612622
-173.0,74,12869.314639
-30.0,31,12869.458636
-80.0,81,12871.499331
-229.0,230,12871.748275
-120.0,121,12877.159615
-103.0,104,12877.801424
-87.0,88,12879.657771
-294.0,195,12881.005604
-206.0,107,12883.913298
-130.0,131,12887.100679
-41.0,42,12889.031198
-192.0,93,12890.838671
-210.0,111,12894.245018
-77.0,78,12896.319516
-178.0,179,12909.768654
-518.0,419,12909.983803
-468.0,369,12912.300034
-160.0,161,12914.619916
-50.0,51,12915.717058
-83.0,84,12919.327908
-173.0,74,12923.24634
-117.0,118,12925.945682
-64.0,65,12926.780424
-323.0,324,12928.074986
-50.0,51,12929.202184
-303.0,304,12929.202262
-51.0,52,12932.033006
-152.0,153,12933.551203
-74.0,75,12940.637496
-114.0,115,12942.490635
-80.0,81,12942.813487
-261.0,162,12946.824877
-600.0,600,12946.824941
-600.0,600,12947.382533
-91.0,92,12953.004699
-108.0,9,12954.008533
-97.0,98,12958.659917
-138.0,139,12958.807977
-269.0,270,12960.26495
-176.0,177,12960.90603
-438.0,339,12965.878231
-48.0,49,12965.878294
-61.0,62,12965.878306
-68.0,69,12966.510961
-290.0,191,12968.618117
-100.0,101,12972.450153
-62.0,63,12973.05407
-73.0,74,12974.255606
-63.0,64,12976.012141
-39.0,40,12977.681132
-130.0,131,12981.537752
-66.0,67,12981.972553
-180.0,181,12986.579606
-94.0,95,12988.584935
-171.0,72,12990.390828
-394.0,395,12992.234426
-123.0,124,12995.886673
-30.0,31,12999.527788
-214.0,115,12999.976952
-150.0,151,13006.195449
-159.0,160,13009.162706
-115.0,116,13013.779197
-525.0,526,13015.147985
-139.0,140,13016.256897
-116.0,117,13023.167402
-83.0,84,13023.920296
-139.0,140,13031.637798
-120.0,121,13037.592008
-600.0,600,13042.228463
-600.0,600,13045.773356
-271.0,272,13047.632854
-166.0,167,13050.844145
-85.0,86,13052.603418
-20.0,21,13053.435271
-74.0,75,13055.111441
-150.0,151,13055.625876
-50.0,51,13061.747452
-600.0,600,13062.930573
-114.0,115,13066.39376
-154.0,155,13066.393832
-130.0,131,13069.071589
-136.0,137,13071.25016
-667.0,568,13072.911486
-466.0,467,13077.47246
-145.0,46,13078.201808
-116.0,117,13079.632344
-116.0,117,13079.632416
-168.0,169,13081.024356
-113.0,114,13081.931729
-172.0,173,13082.598158
-201.0,102,13082.71548
-19.0,20,13084.907162
-108.0,109,13089.582561
-209.0,110,13091.83523
-66.0,67,13092.256797
-127.0,128,13092.374598
-98.0,99,13093.444612
-128.0,129,13093.876902
-20.0,21,13094.542423
-30.0,31,13097.02112
-53.0,54,13098.634486
-165.0,166,13099.702508
-63.0,64,13104.263548
-61.0,62,13105.525633
-119.0,120,13108.336243
-127.0,128,13108.61247
-152.0,53,13111.887411
-185.0,186,13113.303291
-80.0,81,13118.172365
-57.0,58,13124.850099
-231.0,232,13126.546292
-169.0,170,13128.131804
-159.0,160,13130.207203
-185.0,86,13136.117909
-410.0,311,13139.998044
-544.0,445,13140.442333
-142.0,143,13140.909969
-254.0,255,13142.261445
-125.0,126,13144.509507
-90.0,91,13146.509295
-168.0,169,13147.347212
-28.0,29,13147.939521
-600.0,600,13150.363148
-37.0,38,13151.737499
-106.0,107,13152.428757
-102.0,103,13152.908476
-56.0,57,13153.15857
-141.0,42,13156.784414
-262.0,163,13159.523424
-201.0,102,13162.303726
-104.0,105,13164.815958
-128.0,29,13168.194659
-224.0,225,13238.678646
-217.0,118,13243.33894
-195.0,196,13245.760934
-117.0,118,13246.011602
-344.0,245,13246.432022
-91.0,92,13249.254819
-203.0,204,13250.413758
-42.0,43,13250.791608
-109.0,110,13250.910347
-155.0,56,13252.969908
-86.0,87,13253.339046
-51.0,52,13256.792415
-303.0,304,13258.574685
-185.0,86,13260.923195
-129.0,130,13265.6083
-90.0,91,13267.448649
-132.0,33,13269.386557
-304.0,205,13269.864177
-87.0,88,13271.152399
-178.0,179,13274.172521
-39.0,40,13275.805752
-153.0,154,13276.498702
-205.0,206,13276.930463
-267.0,268,13280.466896
-41.0,42,13280.678188
-42.0,43,13281.456624
-54.0,55,13286.802236
-171.0,172,13287.12848
-114.0,115,13287.276358
-175.0,176,13289.639676
-81.0,82,13289.756765
-124.0,125,13295.70322
-152.0,53,13295.703291
-106.0,107,13299.602161
-232.0,133,13302.191141
-123.0,124,13304.092652
-342.0,243,13304.830505
-47.0,48,13307.671488
-105.0,106,13307.88584
-108.0,109,13308.257937
-31.0,32,13308.496698
-187.0,188,13308.811119
-46.0,47,13313.860623
-183.0,84,13317.285329
-76.0,77,13317.637319
-160.0,161,13318.160538
-125.0,126,13318.498981
-114.0,15,13319.088424
-95.0,96,13319.36841
-102.0,103,13319.857109
-81.0,82,13327.935506
-73.0,74,13328.272469
-131.0,132,13329.041883
-110.0,111,13330.888706
-57.0,58,13337.674284
-600.0,600,13338.907372
-120.0,121,13342.01122
-233.0,234,13344.721369
-136.0,137,13355.149652
-222.0,223,13355.266544
-116.0,117,13355.79527
-96.0,97,13356.226844
-258.0,259,13358.367285
-140.0,41,13359.631541
-347.0,348,13359.631607
-296.0,197,13360.578367
-62.0,63,13363.054192
-381.0,382,13363.555415
-46.0,47,13364.074048
-42.0,43,13364.860137
-35.0,36,13364.9716
-117.0,118,13368.93262
-110.0,111,13369.184537
-84.0,85,13369.759483
-54.0,55,13371.355714
-36.0,37,13373.522613
-224.0,125,13379.538449
-141.0,142,13379.798352
-60.0,61,13380.792895
-101.0,102,13381.848124
-112.0,113,13382.302492
-289.0,190,13385.898604
-44.0,45,13387.053858
-134.0,135,13387.293781
-225.0,226,13390.529614
-57.0,58,13393.727067
-112.0,113,13393.8427
-122.0,123,13393.842762
-123.0,124,13394.195544
-57.0,58,13400.8297
-258.0,159,13400.945388
-116.0,117,13401.062973
-189.0,90,13404.727416
-91.0,92,13404.870293
-164.0,165,13405.473154
-94.0,95,13405.719518
-146.0,147,13408.140669
-79.0,80,13410.635486
-75.0,76,13413.660671
-112.0,113,13418.783086
-170.0,171,13420.956109
-240.0,141,13421.875353
-65.0,66,13426.584501
-167.0,168,13427.628584
-147.0,148,13427.87477
-299.0,200,13428.209218
-341.0,242,13429.292067
-131.0,32,13431.876646
-279.0,180,13434.796619
-178.0,79,13436.042844
-126.0,127,13436.042906
-62.0,63,13437.032359
-82.0,83,13437.648919
-121.0,22,13438.696543
-148.0,149,13439.631131
-44.0,45,13441.283206
-119.0,120,13442.037403
-40.0,41,13442.283473
-67.0,68,13450.41785
-96.0,97,13452.703715
-178.0,179,13455.799245
-88.0,89,13463.079045
-215.0,216,13463.978891
-50.0,51,13469.006343
-366.0,367,13475.012049
-324.0,325,13479.826019
-94.0,95,13479.8261
-269.0,170,13483.307037
-196.0,97,13485.922512
-53.0,54,13492.074094
-138.0,139,13499.25621
-67.0,68,13500.027356
-115.0,16,13501.17864
-600.0,600,13506.356758
-600.0,600,13508.912305
-22.0,23,13509.018642
-102.0,103,13511.841523
-57.0,58,13515.524793
-600.0,600,13519.566432
-54.0,55,13522.015058
-600.0,600,13525.060524
-50.0,51,13525.555983
-528.0,429,13529.399704
-66.0,67,13529.87267
-184.0,185,13533.378982
-72.0,73,13533.492861
-127.0,128,13540.258581
-93.0,94,13540.602024
-403.0,304,13544.153632
-134.0,35,13548.280446
-600.0,600,13549.068041
-245.0,146,13550.38666
-487.0,488,13557.798475
-32.0,33,13561.867182
-395.0,296,13564.110968
-126.0,127,13564.358765
-27.0,28,13567.199197
-72.0,73,13575.730497
-427.0,328,13578.702753
-131.0,132,13579.50583
-180.0,181,13582.966438
-321.0,322,13587.984205
-115.0,116,13592.248932
-518.0,419,13597.433995
-227.0,128,13597.929567
-54.0,55,13598.782105
-660.0,561,13599.008873
-499.0,500,13599.241594
-115.0,16,13600.941178
-186.0,187,13601.539141
-115.0,116,13601.913453
-108.0,109,13611.825495
-130.0,131,13613.189192
-216.0,117,13615.284157
-123.0,124,13615.712966
-164.0,165,13617.888819
-497.0,398,13621.895553
-83.0,84,13625.45246
-271.0,172,13631.700625
-167.0,168,13632.440879
-261.0,162,13633.95099
-153.0,54,13640.37768
-80.0,81,13641.121098
-145.0,146,13642.359189
-281.0,182,13643.046406
-221.0,222,13643.527116
-476.0,377,13644.485439
-134.0,35,13645.150568
-35.0,36,13648.858463
-138.0,139,13648.858554
-57.0,58,13650.637207
-30.0,31,13652.603553
-60.0,61,13656.114762
-101.0,102,13657.27595
-125.0,126,13657.276016
-92.0,93,13663.416941
-121.0,122,13664.752627
-600.0,600,13667.374599
-34.0,35,13667.486133
-220.0,221,13669.066845
-31.0,32,13671.024228
-119.0,120,13671.269922
-277.0,278,13672.925019
-134.0,135,13673.057165
-146.0,47,13678.207566
-100.0,101,13679.074383
-103.0,104,13681.129346
-142.0,43,13683.34547
-181.0,182,13685.968628
-129.0,130,13686.489974
-126.0,27,13686.640119
-163.0,164,13690.467695
-400.0,301,13691.469911
-149.0,50,13692.601019
-197.0,98,13692.924883
-174.0,175,13693.725885
-138.0,39,13694.961404
-52.0,53,13697.504777
-120.0,121,13700.338474
-182.0,183,13700.817581
-92.0,93,13703.809062
-127.0,28,13704.189265
-106.0,107,13705.203841
-103.0,104,13706.106422
-166.0,167,13706.589468
-53.0,54,13706.948865
-43.0,44,13712.013019
-150.0,151,13713.188308
-93.0,94,13715.452342
-70.0,71,13715.675838
-248.0,149,13715.67592
-124.0,125,13719.562536
-181.0,182,13727.838384
-150.0,151,13729.738796
-126.0,127,13730.222931
-225.0,126,13730.330064
-158.0,159,13731.754048
-142.0,143,13732.256567
-28.0,29,13733.495252
-348.0,249,13734.734051
-157.0,58,13736.500733
-57.0,58,13738.52171
-171.0,172,13739.318925
-49.0,50,13740.449081
-110.0,111,13740.563358
-33.0,34,13744.400628
-223.0,124,13744.643898
-120.0,121,13746.467101
-220.0,121,13747.744569
-93.0,94,13751.763585
-122.0,123,13753.894579
-199.0,100,13756.196841
-290.0,191,13760.714655
-146.0,147,13761.72786
-121.0,122,13761.72792
-202.0,203,13769.852072
-73.0,74,13770.326367
-75.0,76,13770.597119
-230.0,131,13771.316262
-304.0,305,13771.921699
-177.0,178,13772.288136
-44.0,45,13775.952745
-68.0,69,13778.497914
-181.0,182,13782.141164
-256.0,257,13783.705174
-69.0,70,13784.211028
-106.0,7,13784.562485
-63.0,64,13786.103721
-130.0,131,13787.731602
-158.0,159,13790.483032
-282.0,183,13792.659869
-66.0,67,13793.651978
-58.0,59,13797.314594
-36.0,37,13797.967484
-238.0,139,13798.08062
-76.0,77,13801.712619
-173.0,174,13804.452975
-131.0,32,13805.534601
-85.0,86,13807.548352
-197.0,198,13810.947156
-324.0,225,13810.947245
-219.0,120,13812.395283
-220.0,121,13812.622726
-177.0,78,13814.858027
-62.0,63,13815.100513
-165.0,66,13818.639529
-67.0,68,13871.990636
-124.0,125,13874.756215
-77.0,78,13876.804966
-130.0,131,13876.914556
-124.0,125,13878.609672
-160.0,161,13879.971042
-79.0,80,13880.859129
-60.0,61,13881.431
-43.0,44,13881.65538
-21.0,22,13882.448245
-164.0,65,13889.114263
-600.0,600,13889.114331
-405.0,306,13889.227088
-180.0,81,13890.387611
-131.0,132,13892.244038
-102.0,103,13893.908436
-125.0,26,13895.247442
-56.0,57,13895.806256
-141.0,142,13899.15865
-34.0,35,13899.270769
-81.0,82,13900.031887
-208.0,209,13903.135206
-124.0,125,13908.64501
-84.0,85,13910.175253
-187.0,188,13911.277371
-142.0,43,13913.470348
-254.0,155,13913.999004
-333.0,234,13916.791922
-131.0,32,13917.800203
-183.0,184,13920.672734
-130.0,131,13925.062156
-221.0,222,13925.062228
-196.0,197,13925.731849
-186.0,87,13926.523467
-63.0,64,13927.899216
-145.0,146,13927.899285
-177.0,178,13933.731272
-148.0,149,13934.555926
-186.0,87,13935.602888
-71.0,72,13936.110532
-114.0,115,13938.214483
-118.0,119,13938.719248
-137.0,38,13940.661047
-222.0,123,13940.782159
-212.0,113,13941.02753
-28.0,29,13944.17802
-95.0,96,13945.259762
-176.0,77,13954.219021
-235.0,136,13954.815595
-97.0,98,13955.704559
-195.0,196,13961.365596
-71.0,72,13962.62619
-361.0,262,13966.593898
-234.0,235,13968.519548
-171.0,72,13969.808453
-246.0,247,13970.057979
-72.0,73,13971.225966
-153.0,154,13973.681325
-150.0,51,13975.912138
-84.0,85,13976.397085
-64.0,65,13977.348379
-333.0,234,13982.090037
-86.0,87,13983.834724
-47.0,48,13987.773567
-268.0,169,13988.157683
-134.0,135,13992.945505
-187.0,188,13998.149323
-128.0,129,13998.66627
-192.0,93,13998.781896
-128.0,129,14002.702626
-47.0,48,14003.816455
-600.0,600,14004.730938
-160.0,61,14005.906819
-314.0,315,14012.368412
-91.0,92,14013.214022
-78.0,79,14013.845779
-107.0,8,14014.210456
-96.0,97,14015.061155
-162.0,163,14017.655508
-222.0,223,14018.960841
-130.0,131,14021.079149
-78.0,79,14021.60787
-82.0,83,14023.496475
-168.0,69,14026.863592
-88.0,89,14027.865125
-165.0,66,14028.755638
-146.0,47,14029.021851
-141.0,142,14031.571973
-135.0,136,14037.472307
-99.0,100,14039.415031
-219.0,220,14039.621378
-111.0,112,14039.733043
-600.0,600,14040.640288
-55.0,56,14043.798351
-41.0,42,14044.470814
-236.0,137,14044.748419
-27.0,28,14047.952082
-34.0,35,14048.517138
-101.0,102,14055.380597
-148.0,149,14056.450502
-149.0,150,14056.957044
-397.0,298,14063.455589
-199.0,200,14064.220648
-153.0,154,14066.23892
-78.0,79,14066.737666
-304.0,305,14067.259741
-109.0,110,14069.87336
-138.0,139,14072.155752
-48.0,49,14072.789639
-313.0,214,14073.72499
-65.0,66,14073.867118
-72.0,73,14081.265616
-66.0,67,14081.483233
-171.0,172,14083.296013
-132.0,133,14084.962792
-151.0,152,14091.136832
-330.0,231,14093.064527
-104.0,105,14093.064596
-32.0,33,14094.834785
-205.0,206,14095.5101
-176.0,177,14105.235483
-149.0,150,14113.046416
-448.0,449,14116.10981
-202.0,203,14116.824107
-197.0,198,14118.040675
-47.0,48,14118.748541
-245.0,246,14121.727504
-172.0,173,14125.574573
-80.0,81,14126.189169
-103.0,104,14128.185007
-429.0,430,14133.063982
-70.0,71,14134.438559
-85.0,86,14135.604724
-129.0,30,14137.928249
-608.0,509,14140.382178
-172.0,173,14141.854145
-141.0,42,14142.794323
-94.0,95,14144.157183
-77.0,78,14144.622344
-52.0,53,14149.204508
-66.0,67,14149.943705
-70.0,71,14153.319547
-117.0,118,14154.50409
-33.0,34,14157.439725
-136.0,137,14165.269038
-137.0,138,14170.672221
-178.0,179,14170.992145
-203.0,204,14180.904066
-454.0,455,14181.365473
-539.0,540,14181.806369
-109.0,110,14183.487988
-120.0,121,14184.410934
-600.0,600,14187.948586
-48.0,49,14189.11427
-207.0,208,14189.225924
-182.0,83,14197.437561
-245.0,146,14197.583619
-139.0,140,14197.836908
-568.0,469,14198.844714
-87.0,88,14199.317035
-105.0,106,14201.484548
-137.0,38,14202.044666
-283.0,184,14202.512719
-113.0,14,14204.103208
-118.0,119,14211.816679
-107.0,108,14211.961724
-82.0,83,14214.087306
-125.0,126,14217.082548
-45.0,46,14217.397556
-167.0,168,14221.268866
-57.0,58,14223.895836
-173.0,174,14232.647471
-137.0,138,14237.538304
-440.0,341,14237.653845
-140.0,141,14240.296937
-214.0,215,14242.568024
-34.0,35,14246.55771
-164.0,165,14251.773052
-135.0,136,14253.418219
-600.0,600,14254.636657
-129.0,130,14255.5553
-160.0,161,14256.444379
-463.0,364,14256.66292
-30.0,31,14258.169953
-69.0,70,14259.830302
-117.0,18,14260.185096
-528.0,529,14260.779994
-122.0,123,14260.895136
-75.0,76,14265.31549
-91.0,92,14266.29249
-66.0,67,14268.117
-166.0,167,14279.516102
-138.0,139,14282.460259
-146.0,147,14282.46033
-269.0,270,14284.849254
-93.0,94,14290.173543
-32.0,33,14293.853331
-334.0,235,14295.220824
-112.0,113,14295.366208
-101.0,102,14296.608607
-169.0,170,14302.17251
-546.0,447,14308.348217
-121.0,122,14309.333603
-62.0,63,14316.629568
-304.0,205,14320.279337
-136.0,37,14321.000537
-198.0,199,14325.062658
-156.0,157,14326.595351
-292.0,293,14327.874341
-66.0,67,14328.708011
-600.0,600,14330.385984
-600.0,600,14330.51795
-51.0,52,14334.849706
-77.0,78,14335.76947
-92.0,93,14335.879424
-115.0,16,14336.639508
-78.0,79,14337.062788
-464.0,365,14337.601689
-50.0,51,14341.441134
-67.0,68,14343.633767
-119.0,120,14344.280801
-89.0,90,14347.454079
-41.0,42,14352.340736
-156.0,157,14355.702154
-108.0,109,14356.75977
-244.0,245,14358.763273
-52.0,53,14361.813713
-334.0,235,14363.613187
-116.0,117,14365.624971
-182.0,83,14368.192078
-100.0,101,14373.554526
-91.0,92,14374.346591
-154.0,155,14374.702628
-108.0,9,14375.407848
-114.0,15,14376.44642
-135.0,136,14381.700295
-81.0,82,14383.245407
-362.0,363,14383.737154
-123.0,24,14384.529956
-600.0,600,14389.827867
-206.0,207,14400.518464
-286.0,287,14401.701909
-182.0,183,14404.394308
-251.0,252,14404.728652
-181.0,182,14405.506957
-110.0,11,14405.967389
-219.0,220,14409.07149
-82.0,83,14411.229323
-203.0,104,14412.441646
-71.0,72,14412.554187
-600.0,600,14413.050865
-70.0,71,14413.62673
-55.0,56,14417.773327
-59.0,60,14420.702009
-270.0,271,14421.127969
-260.0,161,14424.587478
-129.0,130,14427.779023
-166.0,167,14428.455717
-170.0,71,14429.321282
-155.0,156,14430.574097
-104.0,105,14432.746197
-56.0,57,14434.843827
-67.0,68,14435.382132
-156.0,157,14435.731328
-83.0,84,14439.935411
-47.0,48,14445.718232
-155.0,156,14447.145379
-115.0,16,14447.54236
-152.0,153,14450.302641
-149.0,150,14535.366984
-53.0,54,14535.993178
-58.0,59,14536.203907
-34.0,35,14536.529391
-178.0,179,14538.156502
-40.0,41,14539.92433
-81.0,82,14546.116595
-151.0,152,14553.496505
-131.0,132,14555.196779
-432.0,333,14555.41427
-537.0,538,14557.309257
-103.0,104,14558.053375
-556.0,457,14559.477924
-47.0,48,14563.080848
-246.0,247,14564.978013
-80.0,81,14565.110877
-99.0,100,14565.3206
-52.0,53,14565.749641
-337.0,238,14565.9995
-92.0,93,14568.924982
-73.0,74,14573.480969
-82.0,83,14575.38618
-136.0,137,14581.097553
-223.0,224,14581.314822
-123.0,24,14583.798083
-200.0,201,14586.169523
-100.0,101,14587.152278
-291.0,192,14587.8394
-258.0,259,14598.760341
-94.0,95,14598.760415
-111.0,112,14599.986858
-145.0,146,14600.563876
-170.0,171,14600.942683
-349.0,250,14602.411253
-428.0,329,14602.8994
-144.0,45,14604.108856
-122.0,23,14605.120712
-171.0,172,14606.213454
-167.0,68,14606.863665
-23.0,24,14607.000375
-86.0,87,14611.502014
-111.0,112,14614.073493
-103.0,104,14615.339476
-58.0,59,14621.354034
-61.0,62,14623.05635
-132.0,133,14623.056428
-195.0,96,14623.199063
-40.0,41,14627.798
-201.0,202,14630.387544
-81.0,82,14630.811072
-273.0,274,14632.735419
-94.0,95,14638.636965
-373.0,274,14639.309465
-168.0,169,14642.327813
-91.0,92,14643.085587
-117.0,118,14644.281032
-188.0,189,14644.737129
-187.0,188,14651.988916
-220.0,121,14653.272397
-25.0,26,14654.93126
-111.0,112,14655.287752
-139.0,140,14660.405169
-82.0,83,14664.833393
-296.0,197,14665.767196
-113.0,114,14666.190984
-22.0,23,14668.322231
-211.0,212,14668.975975
-145.0,46,14671.248936
-600.0,600,14674.497298
-279.0,180,14675.110274
-80.0,81,14677.379524
-346.0,347,14678.133628
-189.0,90,14679.131922
-179.0,180,14680.779547
-124.0,25,14681.007095
-85.0,86,14684.703722
-48.0,49,14684.981407
-108.0,109,14688.22092
-102.0,103,14692.933207
-75.0,76,14693.596362
-156.0,157,14695.688301
-149.0,150,14698.486814
-64.0,65,14700.41824
-126.0,27,14703.522219
-440.0,441,14715.626462
-106.0,7,14716.506964
-162.0,163,14717.538865
-118.0,19,14718.656283
-103.0,4,14719.114624
-201.0,202,14719.228256
-308.0,309,14723.838495
-265.0,266,14724.438465
-47.0,48,14724.833618
-25.0,26,14726.964816
-484.0,385,14729.877764
-113.0,114,14738.17614
-166.0,167,14738.667304
-181.0,182,14738.779576
-228.0,129,14739.603096
-600.0,600,14741.127242
-28.0,29,14744.626685
-69.0,70,14746.443916
-175.0,176,14747.629207
-109.0,110,14757.609565
-160.0,161,14757.769774
-97.0,98,14758.131323
-91.0,92,14758.628073
-200.0,201,14762.563975
-175.0,76,14766.782686
-104.0,5,14767.30938
-93.0,94,14768.800958
-439.0,340,14769.980104
-221.0,122,14773.006278
-600.0,600,14774.083442
-32.0,33,14778.00531
-83.0,84,14778.683187
-93.0,94,14780.845108
-214.0,215,14783.100677
-154.0,155,14785.193839
-41.0,42,14785.516586
-76.0,77,14792.093104
-469.0,470,14794.466897
-100.0,101,14797.119852
-35.0,36,14798.556115
-331.0,332,14800.847969
-43.0,44,14802.009087
-169.0,170,14804.520078
-36.0,37,14804.964025
-77.0,78,14813.491467
-207.0,208,14815.703513
-97.0,98,14816.230515
-192.0,193,14820.473048
-475.0,376,14820.586945
-99.0,100,14824.921466
-471.0,472,14826.959429
-533.0,434,14828.123282
-108.0,109,14828.237114
-230.0,231,14828.581749
-110.0,111,14833.586502
-221.0,122,14834.957889
-94.0,95,14839.258734
-46.0,47,14840.339979
-136.0,137,14840.861122
-127.0,128,14843.320576
-137.0,138,14844.146937
-118.0,119,14847.055218
-33.0,34,14848.012126
-186.0,187,14848.485439
-96.0,97,14851.393299
-44.0,45,14852.331449
-34.0,35,14852.583144
-235.0,136,14854.75103
-63.0,64,14855.419932
-148.0,49,14858.276692
-468.0,369,14858.896042
-58.0,59,14861.648915
-177.0,78,14864.708161
-227.0,128,14867.284025
-77.0,78,14867.401774
-41.0,42,14872.152068
-281.0,182,14872.613044
-257.0,258,14873.252577
-108.0,109,14874.264058
-188.0,189,14880.536359
-198.0,99,14884.426244
-140.0,141,14888.089519
-75.0,76,14889.222784
-146.0,147,14889.222855
-238.0,239,14891.912297
-31.0,32,14892.93773
-93.0,94,14895.215949
-317.0,218,14899.269243
-92.0,93,14902.795003
-163.0,164,14907.51949
-69.0,70,14907.784262
-143.0,144,14910.026677
-600.0,600,14910.38471
-139.0,140,14911.945744
-213.0,214,14914.558041
-101.0,102,14915.046546
-51.0,52,14916.226212
-79.0,80,14917.06647
-101.0,102,14919.340573
-42.0,43,14921.0673
-100.0,101,14922.191777
-67.0,68,14922.878201
-34.0,35,14927.01248
-128.0,129,14931.999838
-101.0,102,14933.923138
-124.0,125,14935.521144
-184.0,185,14935.855467
-600.0,600,14936.930217
-97.0,98,14938.218857
-37.0,38,14938.367781
-50.0,51,14944.08523
-102.0,103,14947.910977
-39.0,40,14952.363526
-90.0,91,14954.471537
-128.0,29,14955.598064
-351.0,352,14959.713036
-188.0,189,14959.8316
-251.0,252,14965.588377
-298.0,299,14966.004215
-100.0,101,14966.905795
-112.0,113,14967.150099
-568.0,569,14976.975211
-156.0,157,14977.534206
-105.0,106,14978.837533
-500.0,401,14981.009497
-154.0,155,14983.089052
-56.0,57,14983.402455
-57.0,58,14984.109335
-184.0,185,14986.898945
-45.0,46,14988.659856
-218.0,219,14991.821772
-123.0,124,14992.80761
-59.0,60,14995.199482
-186.0,87,15003.020347
-200.0,201,15004.053169
-107.0,108,15004.396665
-43.0,44,15008.291423
-194.0,195,15009.662313
-472.0,473,15013.816328
-187.0,88,15014.646361
-176.0,177,15015.891936
-128.0,129,15018.911064
-61.0,62,15020.830895
-136.0,137,15023.870676
-360.0,361,15024.622664
-391.0,392,15029.219676
-115.0,116,15029.339811
-90.0,91,15029.453394
-191.0,192,15031.468871
-183.0,84,15034.327292
-118.0,119,15034.550114
-105.0,106,15036.18837
-210.0,211,15038.929602
-56.0,57,15040.814548
-123.0,124,15043.583385
-223.0,124,15048.95574
-127.0,128,15050.969873
-90.0,91,15051.444865
-101.0,2,15051.708694
-200.0,201,15052.686012
-186.0,187,15053.174918
-220.0,221,15054.720433
-151.0,152,15056.502661
-144.0,45,15056.837715
-79.0,80,15060.12577
-98.0,99,15068.02563
-109.0,110,15068.935194
-138.0,139,15070.568646
-50.0,51,15074.128463
-221.0,222,15074.503392
-66.0,67,15076.952909
-317.0,218,15085.563358
-135.0,136,15086.734814
-419.0,320,15090.324581
-161.0,162,15093.512528
-552.0,453,15096.407308
-28.0,29,15097.088246
-120.0,21,15098.996266
-287.0,188,15099.204491
-214.0,215,15099.532725
-137.0,138,15101.908391
-127.0,28,15102.858427
-128.0,129,15112.231059
-101.0,102,15184.758799
-143.0,44,15188.124168
-172.0,173,15189.934076
-600.0,600,15193.489126
-189.0,90,15194.970991
-116.0,17,15195.442335
-321.0,222,15195.758393
-100.0,101,15199.651588
-76.0,77,15203.697227
-185.0,86,15205.509846
-193.0,94,15206.062712
-35.0,36,15207.741715
-169.0,170,15209.247707
-541.0,442,15212.529147
-126.0,27,15215.74319
-69.0,70,15216.073181
-104.0,5,15216.296896
-62.0,63,15216.77597
-510.0,511,15217.016178
-94.0,95,15217.251319
-259.0,160,15218.204684
-112.0,13,15218.321868
-21.0,22,15220.663748
-154.0,155,15223.411749
-556.0,457,15226.239615
-94.0,95,15228.030027
-64.0,65,15228.030095
-114.0,115,15231.331385
-100.0,101,15235.029593
-175.0,176,15237.032008
-193.0,194,15238.1955
-190.0,91,15238.41912
-187.0,88,15241.523197
-160.0,61,15245.442455
-90.0,91,15245.708275
-279.0,180,15247.351537
-190.0,91,15247.984018
-383.0,284,15249.243189
-110.0,111,15251.747757
-115.0,16,15253.524808
-51.0,52,15255.245633
-121.0,122,15260.064522
-161.0,162,15260.62824
-113.0,14,15261.587208
-199.0,100,15266.673543
-187.0,188,15268.893322
-85.0,86,15271.159603
-111.0,112,15273.20667
-279.0,180,15273.987408
-401.0,402,15274.452798
-119.0,120,15280.621953
-53.0,54,15281.009506
-136.0,137,15284.91393
-106.0,107,15285.956239
-349.0,350,15286.174548
-117.0,118,15288.061571
-110.0,11,15289.296445
-79.0,80,15289.956314
-35.0,36,15290.307986
-118.0,19,15291.416855
-140.0,141,15297.00741
-227.0,228,15297.603216
-66.0,67,15297.723374
-436.0,437,15298.177487
-61.0,62,15298.305969
-79.0,80,15298.937583
-59.0,60,15304.826886
-64.0,65,15305.97917
-78.0,79,15306.462559
-47.0,48,15310.681
-64.0,65,15314.015796
-146.0,147,15315.007591
-177.0,78,15315.125545
-398.0,299,15320.735709
-26.0,27,15323.823256
-186.0,87,15325.135821
-131.0,132,15325.970829
-415.0,316,15334.970467
-278.0,179,15335.537655
-108.0,109,15336.057816
-212.0,113,15338.769417
-40.0,41,15339.778388
-354.0,355,15340.100849
-499.0,500,15342.566478
-142.0,43,15343.57917
-55.0,56,15348.809496
-229.0,230,15351.178911
-132.0,133,15351.17898
-139.0,140,15356.263843
-214.0,215,15360.258387
-362.0,263,15369.818973
-286.0,187,15370.456024
-269.0,170,15370.787177
-179.0,180,15371.942213
-126.0,27,15373.478648
-123.0,124,15374.414479
-180.0,181,15376.899037
-304.0,305,15378.636388
-600.0,600,15382.813768
-61.0,62,15383.959237
-145.0,146,15386.58105
-132.0,133,15387.119576
-187.0,188,15396.264408
-78.0,79,15396.513025
-134.0,135,15402.600205
-256.0,257,15403.582198
-181.0,182,15405.376728
-336.0,237,15406.279025
-303.0,204,15406.738687
-123.0,124,15410.877362
-52.0,53,15412.27259
-86.0,87,15412.490233
-116.0,117,15418.704445
-85.0,86,15420.81727
-83.0,84,15422.166108
-102.0,3,15422.510524
-172.0,73,15427.207621
-245.0,146,15429.096259
-67.0,68,15437.003461
-141.0,142,15437.215637
-87.0,88,15437.324568
-600.0,600,15440.208858
-411.0,412,15443.822268
-199.0,200,15445.452525
-114.0,115,15450.355886
-93.0,94,15450.867351
-168.0,69,15451.695977
-155.0,156,15454.838651
-190.0,191,15459.139989
-190.0,191,15467.360292
-145.0,146,15468.348953
-600.0,600,15472.140468
-180.0,181,15475.429523
-600.0,600,15475.42959
-280.0,181,15479.610224
-259.0,260,15480.140222
-44.0,45,15480.619694
-27.0,28,15483.98969
-158.0,159,15485.676287
-154.0,155,15486.275454
-56.0,57,15486.389691
-208.0,109,15488.160136
-329.0,330,15488.823008
-33.0,34,15492.778945
-105.0,106,15498.428941
-133.0,134,15501.112159
-166.0,167,15503.065499
-148.0,149,15503.446699
-378.0,279,15504.376559
-136.0,37,15507.872513
-128.0,29,15507.872599
-338.0,239,15507.872622
-49.0,50,15508.913634
-107.0,108,15510.789709
-200.0,201,15515.749103
-171.0,72,15515.991685
-51.0,52,15516.777474
-184.0,185,15522.112834
-80.0,81,15526.026231
-38.0,39,15526.720591
-450.0,351,15528.34451
-36.0,37,15532.669529
-78.0,79,15535.270205
-169.0,170,15535.385576
-322.0,223,15541.531767
-302.0,303,15543.503172
-248.0,149,15543.720987
-79.0,80,15544.271878
-110.0,111,15545.232673
-497.0,398,15553.711868
-111.0,112,15554.701847
-195.0,96,15554.932478
-184.0,85,15555.442577
-190.0,191,15557.407479
-221.0,122,15558.180252
-253.0,154,15562.586299
-76.0,77,15563.805786
-91.0,92,15566.20014
-224.0,125,15569.735682
-138.0,139,15570.092655
-121.0,122,15572.498285
-141.0,142,15574.010087
-108.0,109,15575.210202
-600.0,600,15577.17544
-148.0,149,15580.909638
-130.0,131,15589.155176
-174.0,175,15592.728243
-156.0,157,15599.50628
-257.0,258,15599.742698
-90.0,91,15603.782502
-229.0,130,15604.678488
-396.0,297,15604.782596
-345.0,346,15606.748601
-284.0,285,15608.713278
-139.0,40,15609.456094
-169.0,70,15614.936275
-98.0,99,15616.227182
-434.0,335,15616.553215
-195.0,96,15620.385886
-138.0,39,15620.847935
-198.0,199,15622.498005
-78.0,79,15625.132228
-316.0,217,15628.79124
-120.0,121,15628.791309
-259.0,260,15639.106835
-157.0,158,15647.478658
-190.0,191,15647.707464
-216.0,217,15648.157172
-93.0,94,15650.111946
-499.0,500,15658.27666
-190.0,91,15658.386923
-74.0,75,15658.900789
-129.0,30,15661.786181
-147.0,148,15664.786355
-88.0,89,15669.016702
-517.0,418,15669.23611
-302.0,203,15671.682335
-127.0,128,15673.006021
-37.0,38,15673.366913
-110.0,111,15674.395273
-60.0,61,15678.694198
-66.0,67,15681.152905
-82.0,83,15684.033761
-41.0,42,15686.053063
-128.0,129,15688.139041
-210.0,211,15689.210422
-600.0,600,15691.046785
-49.0,50,15695.162384
-600.0,600,15699.246741
-145.0,146,15701.687936
-277.0,278,15702.112322
-225.0,126,15703.258746
-156.0,157,15704.856616
-278.0,179,15711.955342
-199.0,100,15712.932549
-116.0,17,15714.938919
-174.0,175,15715.515784
-272.0,173,15719.033579
-344.0,345,15719.033641
-151.0,152,15722.190186
-30.0,31,15722.639162
-171.0,172,15722.856598
-108.0,9,15723.628744
-90.0,91,15725.503215
-135.0,136,15727.703133
-35.0,36,15727.973921
-42.0,43,15727.973999
-235.0,236,15729.22419
-63.0,64,15729.722424
-43.0,44,15733.105717
-57.0,58,15734.490232
-182.0,183,15736.835099
-79.0,80,15738.695646
-128.0,129,15744.819555
-102.0,103,15748.896677
-212.0,213,15750.302944
-268.0,269,15750.435917
-162.0,163,15752.08023
-322.0,223,15754.106459
-32.0,33,15754.349676
-118.0,119,15821.532645
-147.0,148,15821.637835
-262.0,263,15824.616547
-161.0,162,15828.27395
-59.0,60,15828.382794
-135.0,36,15828.842713
-41.0,42,15832.976827
-248.0,249,15834.620825
-141.0,142,15837.736264
-339.0,340,15839.389839
-58.0,59,15841.330976
-159.0,160,15847.315986
-168.0,169,15857.570782
-253.0,254,15857.826641
-139.0,140,15857.955105
-600.0,600,15859.760115
-271.0,272,15864.796801
-323.0,224,15865.861388
-587.0,488,15866.436441
-102.0,103,15869.552814
-122.0,123,15872.314005
-166.0,67,15874.199478
-209.0,110,15877.646171
-294.0,295,15881.851623
-114.0,115,15885.785787
-148.0,149,15886.981299
-263.0,264,15888.642941
-126.0,127,15889.041659
-324.0,225,15892.017969
-302.0,303,15894.896336
-101.0,102,15897.559903
-79.0,80,15901.090098
-33.0,34,15901.351517
-119.0,120,15902.447973
-122.0,23,15903.783468
-148.0,149,15904.147888
-183.0,184,15910.223813
-69.0,70,15911.974632
-269.0,270,15912.98958
-87.0,88,15914.427897
-191.0,192,15917.229434
-63.0,64,15919.452308
-72.0,73,15921.575834
-31.0,32,15925.125166
-206.0,207,15926.356242
-108.0,109,15926.998098
-440.0,441,15928.594995
-164.0,165,15929.330963
-247.0,248,15930.177286
-58.0,59,15932.09762
-50.0,51,15934.798855
-44.0,45,15934.798921
-137.0,138,15935.628382
-66.0,67,15938.078801
-178.0,179,15938.07887
-24.0,25,15940.989504
-133.0,134,15942.820541
-120.0,121,15949.001704
-74.0,75,15950.040135
-302.0,203,15950.527847
-125.0,126,15950.527923
-162.0,163,15954.066453
-139.0,140,15954.790925
-194.0,195,15955.230918
-136.0,137,15959.139768
-45.0,46,15960.176519
-201.0,102,15962.177387
-98.0,99,15962.284068
-157.0,158,15973.894166
-108.0,109,15974.955949
-210.0,211,15975.426964
-291.0,192,15976.688851
-155.0,156,15978.573786
-104.0,5,15979.198534
-56.0,57,15981.781896
-48.0,49,15982.5643
-69.0,70,15983.747863
-44.0,45,15984.562338
-338.0,239,15990.54546
-93.0,94,15992.933517
-392.0,293,15993.859386
-99.0,100,15995.703135
-208.0,109,15997.633827
-525.0,426,15999.680195
-87.0,88,16001.107486
-76.0,77,16004.915895
-44.0,45,16006.393209
-202.0,103,16009.733289
-343.0,244,16011.466051
-148.0,149,16011.466136
-170.0,171,16013.244301
-48.0,49,16017.304157
-49.0,50,16017.430545
-160.0,61,16020.246632
-147.0,148,16022.108694
-524.0,425,16024.063917
-175.0,76,16026.252362
-48.0,49,16027.946289
-189.0,190,16028.633649
-70.0,71,16028.633718
-127.0,128,16039.13259
-208.0,109,16041.371849
-217.0,118,16041.763313
-114.0,115,16042.151258
-40.0,41,16043.986778
-31.0,32,16045.189946
-162.0,163,16045.44563
-411.0,412,16047.781678
-139.0,40,16049.777321
-196.0,97,16058.774515
-135.0,36,16062.972826
-164.0,165,16063.934412
-176.0,177,16070.351667
-67.0,68,16071.081121
-76.0,77,16073.166653
-275.0,276,16073.767123
-282.0,283,16074.888572
-600.0,600,16079.590208
-600.0,600,16087.024349
-142.0,143,16087.024414
-134.0,135,16090.607663
-99.0,100,16091.402536
-521.0,422,16092.952476
-270.0,171,16093.063519
-175.0,176,16094.222281
-210.0,211,16095.68164
-125.0,26,16095.921673
-107.0,108,16099.84182
-182.0,83,16101.068698
-51.0,52,16102.106049
-208.0,109,16103.334158
-87.0,88,16103.334226
-85.0,86,16105.746687
-35.0,36,16107.661219
-70.0,71,16108.090224
-195.0,196,16110.128428
-76.0,77,16114.952988
-208.0,209,16118.84857
-43.0,44,16120.077554
-202.0,103,16120.195078
-109.0,110,16122.860065
-268.0,169,16123.129255
-198.0,199,16124.447124
-109.0,10,16124.447192
-145.0,146,16124.814723
-39.0,40,16129.460779
-91.0,92,16129.574059
-75.0,76,16131.980567
-257.0,258,16132.410813
-143.0,144,16136.886687
-119.0,120,16138.391774
-99.0,100,16141.192867
-151.0,152,16142.199579
-124.0,125,16144.185838
-70.0,71,16146.882285
-90.0,91,16147.673882
-251.0,252,16149.776733
-153.0,154,16150.463614
-164.0,65,16157.24564
-114.0,115,16157.504393
-149.0,150,16159.827585
-222.0,123,16162.135444
-145.0,46,16162.802817
-172.0,73,16165.975806
-292.0,293,16166.114516
-28.0,29,16169.435383
-50.0,51,16171.659547
-190.0,191,16172.326787
-283.0,284,16174.132703
-128.0,129,16174.455905
-114.0,115,16174.990778
-254.0,255,16176.17287
-104.0,105,16181.33123
-164.0,165,16181.445724
-84.0,85,16182.108936
-94.0,95,16186.96555
-114.0,115,16187.210036
-109.0,110,16187.554738
-118.0,119,16188.016112
-191.0,92,16192.50288
-193.0,194,16193.819086
-120.0,21,16195.001794
-124.0,125,16195.609873
-147.0,148,16198.39603
-112.0,113,16201.153979
-71.0,72,16202.406684
-134.0,135,16202.810987
-248.0,149,16204.711874
-45.0,46,16210.100639
-131.0,132,16210.688352
-224.0,125,16213.32776
-321.0,222,16213.658484
-103.0,104,16214.743746
-177.0,178,16216.735435
-132.0,133,16216.963588
-35.0,36,16220.945304
-93.0,94,16224.301156
-183.0,184,16224.438801
-76.0,77,16226.020596
-139.0,40,16229.295951
-158.0,159,16229.514772
-129.0,130,16230.049191
-55.0,56,16230.933665
-124.0,25,16232.021195
-135.0,136,16236.553188
-70.0,71,16237.985799
-327.0,228,16240.070553
-267.0,268,16241.273807
-67.0,68,16244.453879
-178.0,179,16246.611319
-126.0,127,16246.611387
-160.0,61,16248.276236
-150.0,51,16252.708788
-205.0,206,16254.720299
-146.0,147,16255.189589
-96.0,97,16259.758411
-44.0,45,16260.497448
-291.0,192,16262.652784
-81.0,82,16264.509234
-42.0,43,16264.994202
-121.0,122,16267.153145
-63.0,64,16268.188683
-118.0,19,16269.261184
-456.0,357,16271.026023
-31.0,32,16271.820553
-73.0,74,16273.107561
-48.0,49,16274.913307
-261.0,262,16277.394284
-294.0,295,16279.145492
-147.0,148,16279.957441
-176.0,77,16282.136494
-150.0,151,16282.626696
-29.0,30,16282.751863
-150.0,51,16283.486566
-114.0,115,16288.348976
-75.0,76,16290.94851
-169.0,170,16291.642677
-91.0,92,16293.352294
-104.0,105,16295.424837
-65.0,66,16299.086542
-175.0,176,16300.317076
-76.0,77,16302.225873
-174.0,175,16302.807331
-62.0,63,16302.807411
-136.0,137,16306.715627
-90.0,91,16310.922582
-76.0,77,16311.7788
-208.0,209,16312.512336
-129.0,130,16314.100332
-114.0,115,16315.340753
-80.0,81,16315.903696
-44.0,45,16315.903773
-66.0,67,16320.131447
-67.0,68,16323.311787
-277.0,178,16323.311857
-185.0,86,16324.164134
-73.0,74,16324.654677
-41.0,42,16325.092559
-586.0,487,16327.40992
-99.0,100,16327.660209
-33.0,34,16328.154695
-157.0,158,16330.116209
-68.0,69,16331.589361
-134.0,35,16331.703426
-187.0,88,16338.54108
-100.0,101,16343.501878
-235.0,136,16343.772734
-115.0,116,16345.182813
-188.0,189,16345.668251
-67.0,68,16346.623314
-150.0,151,16347.878964
-140.0,41,16349.938278
-77.0,78,16352.787832
-240.0,241,16352.909606
-35.0,36,16354.088523
-85.0,86,16362.735203
-136.0,137,16363.695091
-179.0,180,16364.402681
-175.0,176,16367.090645
-65.0,66,16371.502488
-154.0,155,16372.281367
-43.0,44,16372.281436
-118.0,19,16374.664543
-41.0,42,16377.499256
-80.0,81,16386.761252
-364.0,365,16388.397749
-414.0,315,16389.906626
-163.0,164,16390.921226
-140.0,141,16391.197743
-600.0,600,16395.757161
-187.0,88,16401.694
-111.0,12,16459.239469
-435.0,336,16460.395651
-24.0,25,16462.278498
-192.0,93,16462.996015
-144.0,145,16463.527598
-160.0,161,16463.865172
-246.0,147,16464.71956
-395.0,396,16465.907133
-216.0,217,16468.5987
-56.0,57,16468.810804
-58.0,59,16469.674268
-123.0,124,16474.653459
-66.0,67,16476.360018
-59.0,60,16476.492981
-136.0,137,16478.971271
-127.0,128,16479.086511
-125.0,26,16482.00236
-170.0,171,16483.31617
-130.0,31,16485.45983
-159.0,160,16486.677772
-198.0,199,16488.416252
-109.0,110,16489.05131
-93.0,94,16489.832713
-143.0,144,16493.058119
-271.0,172,16494.573463
-105.0,106,16495.680003
-119.0,20,16496.93054
-38.0,39,16497.608392
-96.0,97,16499.878976
-211.0,112,16502.118185
-122.0,123,16504.059829
-89.0,90,16505.787726
-61.0,62,16506.836798
-301.0,202,16508.759449
-74.0,75,16510.624464
-210.0,211,16511.090058
-149.0,50,16512.584466
-87.0,88,16514.171263
-42.0,43,16515.575915
-185.0,186,16518.046594
-291.0,192,16519.485679
-24.0,25,16521.005247
-96.0,97,16523.848112
-138.0,139,16524.916497
-128.0,129,16526.124667
-132.0,33,16527.686033
-171.0,72,16527.914162
-219.0,120,16528.135518
-227.0,228,16532.17901
-242.0,143,16532.179079
-103.0,4,16532.672632
-58.0,59,16535.01068
-96.0,97,16539.128709
-101.0,102,16539.901312
-120.0,121,16540.256389
-165.0,166,16540.47589
-97.0,98,16551.120881
-164.0,165,16551.345262
-213.0,114,16553.603889
-245.0,146,16557.055815
-156.0,157,16557.17189
-405.0,306,16560.327302
-85.0,86,16561.253127
-233.0,234,16562.04946
-182.0,83,16563.132352
-59.0,60,16564.06824
-114.0,15,16564.904721
-119.0,120,16565.032736
-386.0,287,16565.96997
-86.0,87,16567.102261
-72.0,73,16570.442065
-51.0,52,16571.747318
-81.0,82,16573.295145
-167.0,68,16574.567914
-135.0,136,16576.680505
-110.0,111,16577.385895
-176.0,177,16580.417256
-127.0,28,16580.530779
-162.0,163,16583.322781
-136.0,137,16585.796899
-224.0,125,16585.796981
-142.0,143,16590.914515
-164.0,165,16592.07237
-101.0,102,16592.072438
-167.0,168,16596.139803
-89.0,90,16596.479118
-61.0,62,16599.585268
-72.0,73,16605.201439
-144.0,145,16609.429971
-126.0,127,16614.592105
-394.0,295,16615.188284
-224.0,225,16617.795005
-93.0,94,16620.721624
-136.0,137,16621.595598
-56.0,57,16622.169925
-446.0,347,16627.030844
-186.0,87,16628.057423
-487.0,388,16629.130479
-167.0,68,16629.998987
-297.0,298,16631.371032
-130.0,131,16635.840802
-187.0,188,16636.638993
-236.0,137,16637.384911
-72.0,73,16638.486013
-234.0,135,16642.672935
-135.0,136,16643.806585
-144.0,145,16645.922959
-134.0,35,16646.639067
-94.0,95,16646.868341
-106.0,7,16647.424051
-150.0,151,16648.862382
-198.0,99,16649.860487
-119.0,120,16651.207551
-34.0,35,16651.449343
-281.0,182,16657.547253
-84.0,85,16659.426629
-153.0,154,16661.306962
-117.0,18,16661.527742
-114.0,115,16661.852601
-91.0,92,16661.852673
-41.0,42,16662.287963
-122.0,123,16665.182936
-63.0,64,16669.395066
-217.0,118,16675.818722
-156.0,157,16681.027261
-171.0,172,16681.732012
-232.0,133,16685.373781
-440.0,341,16685.885811
-87.0,88,16686.468373
-116.0,17,16687.422319
-67.0,68,16689.258177
-128.0,29,16689.369631
-64.0,65,16689.599991
-29.0,30,16690.068396
-524.0,425,16696.935977
-85.0,86,16697.796182
-350.0,351,16703.300485
-240.0,141,16705.777031
-144.0,145,16707.011584
-35.0,36,16707.395702
-136.0,37,16710.383421
-108.0,109,16710.487947
-185.0,186,16711.568834
-290.0,191,16711.821514
-126.0,27,16714.552469
-419.0,420,16715.050253
-161.0,162,16715.805655
-74.0,75,16716.247463
-145.0,46,16717.021436
-60.0,61,16717.375398
-78.0,79,16719.591153
-133.0,34,16719.718087
-148.0,49,16722.005088
-131.0,32,16723.414194
-107.0,8,16724.453179
-86.0,87,16725.377461
-174.0,75,16725.927983
-160.0,161,16726.058205
-118.0,119,16728.442484
-42.0,43,16730.111171
-98.0,99,16731.140384
-137.0,138,16733.325914
-38.0,39,16734.541613
-91.0,92,16736.446064
-193.0,94,16736.587686
-115.0,116,16737.606457
-27.0,28,16737.825606
-71.0,72,16741.701789
-172.0,173,16741.916582
-217.0,118,16742.025949
-95.0,96,16742.241611
-64.0,65,16744.016815
-87.0,88,16748.085784
-126.0,127,16751.567708
-124.0,125,16756.536485
-74.0,75,16756.897045
-193.0,194,16760.270124
-185.0,186,16763.424371
-63.0,64,16764.001603
-186.0,187,16764.115654
-194.0,195,16764.798962
-144.0,145,16768.317822
-91.0,92,16774.150973
-154.0,155,16774.990289
-56.0,57,16774.990359
-112.0,113,16777.278889
