#{"t_start": 1768695178.1897993, "env_id": "None"}
r,l,t
-10.231825,76,13.865804
-9.844807,385,50.128194
0.15696923,600,75.907826
0.321404,600,75.907912
0.9055796,600,75.907932
-0.43953484,600,75.907947
0.57912856,600,75.907959
-0.84921634,600,75.907977
0.009069734,600,75.907992
-0.0023030068,600,75.908005
-0.33468172,600,75.908017
-0.7537295,600,75.908029
1.0712361,600,85.221195
-10.125821,93,87.213489
-10.454074,206,101.016599
-9.019893,123,102.183316
-1.2601991,600,122.54666
0.4106406,600,148.404815
0.08052867,600,148.404884
-0.7291989,600,148.404897
0.83813906,600,148.404906
0.83586836,600,148.404916
-0.4821472,600,148.404925
0.1721068,600,148.404934
0.4047619,600,148.404944
-0.21726774,600,157.505862
-9.474495,163,168.016249
-1.2581043,600,173.139888
0.42303073,600,174.383431
-0.93176115,600,194.466766
-8.7539215,262,205.479501
0.45682102,600,220.023857
0.10935694,600,220.023936
0.18268009,600,220.023952
-0.36550182,600,220.023964
0.23394072,600,220.023982
-0.1253129,600,220.023995
-0.06208194,600,220.024006
0.41642833,600,229.141433
-0.07230822,600,239.510435
0.35267055,600,244.503389
1.5350115,600,265.592974
-9.107315,448,272.98407
-0.4192264,600,276.560956
-0.4377175,600,290.704606
-0.1590272,600,290.704709
-0.07646133,600,290.704734
-0.12886715,600,290.704753
-1.5544999,600,290.70477
0.23317362,600,290.704786
-0.4936702,600,299.595966
-1.156957,600,310.043785
-0.26266697,600,315.165912
-9.944787,310,327.303352
-0.22128518,600,335.904366
-0.09691316,600,343.281713
-0.48704204,600,346.817487
-10.8294,502,349.667258
-0.1741329,600,360.946509
0.19239949,600,360.946574
-0.95491576,600,360.946588
0.065547585,600,360.946599
-10.032728,178,367.551635
-0.1061756,600,369.882288
0.45651534,600,379.983445
-0.2657151,600,385.015208
-10.381711,259,391.206866
-0.13865077,600,397.222106
0.10831362,600,406.007267
-0.1212346,600,413.352569
-9.757262,211,415.936455
-1.1186988,600,419.737666
-9.727836,75,424.814901
-9.9149885,545,424.81496
-9.511337,568,427.633544
-0.7869691,600,431.468413
-10.590926,297,432.279802
-0.071429804,600,437.902435
-0.6341855,600,440.16064
0.43653902,600,450.251009
-10.991521,318,450.638925
0.046839315,600,455.261569
-9.7894945,374,468.907399
-9.93633,264,469.03087
-9.735095,35,473.292679
1.5475919,600,476.809939
-10.220173,64,480.898877
-9.891993,27,484.12217
0.29097843,600,490.722096
-0.24759851,600,495.743833
-1.1705191,600,498.602209
0.57378685,600,502.553582
-1.2662939,600,503.40386
-0.08801916,600,511.669639
-10.364433,529,518.774602
-0.4189429,600,522.078525
-0.010150409,600,522.447537
0.2516585,600,540.887209
-9.589777,262,543.18213
-11.065152,528,547.462614
0.43275556,600,548.859103
-0.6551254,600,562.857726
0.10792921,600,567.927606
-0.458051,600,570.681727
-0.025425134,600,574.515478
-0.064712465,600,575.324293
-9.714496,76,584.191808
-0.6926829,600,590.37156
0.515636,600,593.626386
0.14192249,600,593.975295
-0.03294922,600,806.022698
0.6675722,600,808.218602
0.33730194,600,812.506562
0.8345823,600,813.818576
-0.1423459,600,827.767033
0.33129027,600,832.966588
0.439817,600,835.760388
-0.7326789,600,839.427735
-9.329747,129,848.373466
0.20416208,600,849.445192
2.1724215,600,855.790101
-2.2128704,600,859.209177
0.9907779,600,859.609869
0.29014066,600,877.973546
0.48546433,600,880.24438
-0.049102053,600,884.694372
-0.09734631,600,886.087198
0.27384967,600,900.177225
-0.4697981,600,907.998599
-0.17102619,600,911.914711
-0.29732108,600,920.774061
0.31553233,600,921.77506
0.42476735,600,927.888507
-9.448301,141,928.609908
0.40545908,600,931.20705
1.2011977,600,931.586498
0.76546997,600,949.814821
-0.28003618,600,952.113941
-0.2222288,600,956.414222
-0.41885895,600,957.698943
1.2244464,600,971.900223
-10.691034,243,979.011685
-1.5394127,600,979.752868
1.5007119,600,992.370182
-0.6044349,600,993.464915
-2.618451,600,999.734419
-0.32424006,600,1000.522004
-0.40980422,600,1003.123741
-1.1621239,600,1003.486906
-4.013367,600,1023.892477
0.37284815,600,1028.226127
0.21415858,600,1029.52001
-0.05495314,600,1043.680923
-0.8615195,600,1050.695222
-0.029583959,600,1051.41455
-0.0924688,600,1063.836413
-0.0019888547,600,1064.903283
-0.05924599,600,1071.042949
0.16764265,600,1071.767924
-0.9947731,600,1074.391051
-0.07457101,600,1074.775293
-0.4738615,600,1094.960708
1.8232286,600,1099.120933
5.6485047,600,1100.396045
-0.11204439,600,1113.961564
4.3083344,600,1120.95921
1.5746474,600,1121.67023
-0.13559939,600,1133.766446
-0.33423927,600,1134.793943
1.8698722,600,1140.787119
0.8392881,600,1141.490455
0.69931036,600,1144.148126
2.5385516,600,1144.504607
1.7529007,600,1164.829459
-0.8253551,600,1168.925299
-0.79495955,600,1170.147961
1.5203952,600,1184.100299
-0.5599745,600,1190.965436
0.37274787,600,1191.655621
-1.6257051,600,1203.904357
0.2932831,600,1204.992448
4.073856,600,1211.218259
1.0027552,600,1211.935775
1.846719,600,1214.615015
3.533731,600,1214.995808
4.424054,600,1235.406999
-8.593932,180,1235.966201
-0.24754417,600,1239.682036
5.9049244,600,1241.024333
0.080884516,600,1255.137568
3.3568332,600,1262.445675
0.71852547,600,1263.149376
0.5981678,600,1275.731703
0.6369049,600,1276.826846
5.4161763,600,1283.095239
0.062788896,600,1283.817187
0.28237864,600,1286.712472
3.0759401,600,1307.365286
0.23628463,600,1307.923745
0.80324966,600,1311.729675
4.0225744,600,1313.040053
0.514773,600,1326.764362
11.628973,168,1331.63454
3.3254142,600,1334.072036
1.5024287,600,1334.805477
1.4075063,600,1347.454639
0.3448393,600,1348.562048
0.80984086,600,1354.843277
-0.76388913,600,1355.57829
2.0111406,600,1358.449961
1.3866111,600,1378.966929
4.3875837,600,1379.548833
0.25911883,600,1384.693649
0.90219396,600,1597.804101
2.4056199,600,1602.361176
-2.5041142,600,1604.743096
0.37499768,600,1605.497843
0.98337835,600,1618.037605
-1.5908442,600,1619.16786
0.06493776,600,1625.334605
0.24973622,600,1626.102175
3.192785,600,1628.983689
-0.44084913,600,1649.360819
3.2151818,600,1649.922035
2.3590398,600,1654.903897
2.578618,600,1668.95617
7.0637975,600,1673.729442
2.7983856,600,1676.162835
0.7650517,600,1676.923223
2.385699,600,1689.757242
0.7453038,600,1690.849573
-0.34608445,600,1697.094668
1.4155508,600,1697.849871
1.1767442,600,1700.838869
-1.4558965,600,1721.403304
1.4823648,600,1721.993384
0.50421697,600,1726.899151
0.21411549,600,1740.752882
-0.09393718,600,1745.469484
4.711292,600,1747.83209
1.29724,600,1748.60159
-5.668594,281,1760.481924
0.25217047,600,1761.467068
0.37145814,600,1762.530938
-0.97769165,600,1768.758011
1.0712516,600,1769.454448
0.13922513,600,1772.524738
-7.8306465,308,1784.911182
2.19826,600,1793.084391
3.0151346,600,1793.737557
0.7594968,600,1812.563057
3.0083735,600,1817.366697
-0.069795944,600,1820.479992
15.715672,309,1821.800998
0.9427719,600,1832.07341
0.070327796,600,1833.048215
0.29015416,600,1834.112935
2.2326906,600,1840.01419
-6.947585,169,1840.239831
1.4634323,600,1840.733014
0.21516456,600,1843.786766
0.15783523,600,1863.639839
3.5595229,600,1864.213671
-9.519814,259,1870.373342
-2.7577047,600,1882.69045
-0.81161934,600,1887.401705
4.234194,600,1891.721074
5.9263153,600,1901.967486
-1.3956577,600,1902.871763
0.56177527,600,1903.952291
2.626451,600,1910.057337
0.4374637,600,1910.748204
-3.8387449,600,1913.696212
3.0158532,600,1933.86406
-0.62217546,600,1934.42284
0.62379843,600,1940.220968
0.5505797,600,1952.497481
0.48562196,600,1957.138497
-0.101165,600,1961.611893
1.149954,600,1971.821601
2.4389286,600,1972.809927
-9.28858,544,1973.42723
3.9944983,600,1973.915715
-0.14236175,600,1980.782766
0.9766866,600,1983.820562
-10.035272,40,1988.559345
-9.392212,89,1998.863818
-8.274974,225,1999.389685
-2.4405115,600,2004.003628
1.7835457,600,2004.629774
-8.858913,91,2010.210354
2.5322678,600,2010.97902
-10.572511,153,2017.408304
-9.545564,37,2021.82703
-0.89808774,600,2023.909369
-1.0988632,600,2028.707695
2.5233204,600,2033.264511
0.2455315,600,2043.810273
-0.41873074,600,2045.432906
3.14632,600,2045.961623
-9.119318,365,2048.895172
-11.811654,215,2049.977978
-2.5433977,600,2052.919735
-8.962768,112,2066.259954
-9.900351,149,2067.83347
3.3838913,600,2076.429795
-8.780479,447,2082.430673
-3.3368895,600,2082.542124
-6.3166018,600,2083.275756
-1.5849919,600,2093.822968
1.1880065,600,2105.184874
-8.8758955,571,2111.950227
-11.753745,372,2112.083961
-2.8829944,600,2117.049887
-0.63886946,600,2117.569065
-3.2299452,600,2120.510472
-9.405145,153,2130.360553
-7.7950726,432,2134.117941
-0.748793,600,2137.895102
-6.7981653,530,2139.666496
1.368638,600,2154.22456
-0.6498462,600,2154.865786
-8.901088,385,2163.309718
-8.917085,202,2163.533788
-6.391505,600,2165.2849
-9.899585,25,2168.153649
-2.054456,600,2176.233193
-2.3388267,600,2375.257662
0.059853557,600,2380.019885
3.6247215,600,2383.407062
0.8408781,600,2392.931629
-1.5906794,600,2396.562665
-10.909471,334,2399.293746
0.6876223,600,2400.379149
-9.775762,80,2409.585805
-10.080964,8,2410.511433
1.1007893,600,2416.280678
5.9045367,600,2417.05916
0.2892159,600,2425.549448
0.6095049,600,2425.817188
1.2050079,600,2438.713093
5.105557,600,2445.754584
-4.223813,600,2450.698827
-7.933383,600,2454.178595
-0.31713608,600,2463.946411
-1.5946155,600,2467.677128
0.6388016,600,2470.587293
-9.578477,196,2474.320503
1.0809864,600,2482.244654
11.840764,503,2485.799341
2.7243931,600,2488.011792
-1.2590595,600,2488.691554
0.16080256,600,2497.495798
3.294591,600,2510.370765
11.583288,258,2512.759019
2.1133482,600,2517.37429
2.4218264,600,2525.687032
-0.49658427,600,2535.482777
-1.1301798,600,2539.308414
-0.6412217,600,2542.005635
3.0976565,600,2545.738897
0.48094177,600,2557.189424
4.781643,600,2559.564018
5.5019307,600,2560.226698
-0.87834287,600,2569.118965
0.97400993,600,2582.042288
0.28526995,600,2584.390769
1.8440431,600,2588.948741
-1.1679363,600,2597.180762
9.812914,600,2606.737677
1.550075,600,2610.34191
4.100165,600,2612.97238
5.662157,600,2616.50421
7.014246,600,2627.719912
5.403841,600,2630.081945
5.9632816,600,2630.828752
3.3051887,600,2639.294829
-9.100214,200,2639.876552
-9.916899,99,2641.557163
5.8338947,600,2652.09613
3.3465643,600,2654.411675
1.1530098,600,2658.943543
3.5644178,600,2667.149201
-8.2002735,67,2675.136669
5.1625433,600,2676.94181
3.8075225,600,2680.596012
1.0214847,600,2683.40897
3.6191843,600,2698.451614
5.967206,600,2701.41512
-9.258265,154,2701.668682
12.765058,408,2707.419158
4.5402026,600,2710.26506
2.4430423,600,2710.877295
9.545171,600,2712.529175
2.2767508,600,2723.043628
1.8726064,600,2725.520719
-7.7837625,101,2737.388041
14.259581,341,2741.801873
12.928894,260,2743.383157
-7.9542713,379,2743.506126
6.7928166,600,2746.435588
10.873054,600,2748.27321
2.286407,600,2751.96317
-6.3112593,275,2770.600468
1.6741345,600,2773.416147
0.6101466,600,2778.980636
4.253349,600,2781.880044
5.4345417,600,2782.498051
-2.1824846,372,2787.996448
5.825679,600,2794.750535
-7.1150646,533,2806.919159
3.4861002,600,2813.443069
2.5553827,600,2817.973402
4.811415,600,2819.740725
-4.93672,296,2822.908091
2.1936903,600,2823.384324
-4.2274165,425,2832.800605
-3.8188758,473,2835.147416
-9.70652,32,2836.637416
3.98042,600,2841.66679
1.6820601,600,2844.430627
-9.960798,33,2845.646031
-7.057213,307,2849.823251
-5.4264255,275,2852.35295
4.6512547,600,2853.014419
0.2697277,255,2853.733746
4.7410803,600,2865.883253
-7.1555924,217,2871.506039
-7.2655187,438,2874.949409
12.295826,336,2874.949479
4.8098564,600,2878.27362
-0.03481119,600,2888.987629
-3.329709,327,2891.002421
-5.4430327,396,2899.863315
0.61835,542,2900.823275
14.031222,147,2908.669679
-6.3651733,497,2912.618639
0.51891506,600,2915.549268
3.3137422,600,2920.828564
-9.773487,423,2924.841718
-9.738607,281,2933.964609
-7.441766,116,2934.569024
-7.07629,478,2934.69235
6.0977826,600,2936.886917
2.8299966,600,2942.36234
-7.9942455,361,2942.577661
6.0945497,600,2945.904866
-8.687877,69,2950.694172
6.1122403,600,2960.539737
2.8047993,600,3188.46704
8.448834,600,3192.39305
1.5022162,600,3195.230575
1.4580508,600,3204.367821
3.3327804,600,3213.305847
2.4952185,600,3213.896667
8.806681,600,3214.031321
4.8840566,600,3216.24023
-3.3124485,258,3218.371427
3.6648378,600,3221.846798
3.0273325,600,3225.210047
-0.108927906,600,3229.880157
12.039277,532,3231.401648
12.530411,330,3243.506938
14.41887,205,3246.257495
-9.226985,195,3253.18919
-10.062165,8,3254.156684
7.9632215,600,3263.460922
3.7335553,600,3266.433343
-2.2929626,536,3277.997212
7.8403068,600,3284.974872
7.151521,600,3285.67805
4.226804,600,3287.815173
7.0767646,600,3289.863634
17.631514,584,3294.715017
12.159464,437,3295.413599
3.2859669,600,3302.487595
13.419199,411,3311.473479
6.43271,600,3317.087984
13.505449,246,3318.322104
6.10603,600,3324.642892
13.59337,583,3334.498728
11.371828,398,3340.906871
6.9942107,600,3347.843966
4.584865,600,3354.779874
0.59512246,600,3355.524192
7.1701994,600,3357.507444
5.882076,600,3365.187459
5.8023806,600,3372.299963
16.799643,381,3378.953226
7.3901997,600,3381.508451
1.0551093,600,3387.190939
6.6385317,600,3388.552843
1.0836756,600,3395.094922
8.361276,600,3411.676692
-9.109952,288,3415.732013
7.9668007,600,3418.696776
11.093325,278,3421.686771
-2.5412402,600,3425.786152
8.843617,600,3426.52591
3.7815604,600,3428.686856
-8.619118,43,3433.836237
8.128164,600,3436.638846
7.0501018,600,3443.946669
-8.944998,153,3444.829072
-5.323366,450,3448.731345
-1.6193228,530,3450.537503
4.823199,600,3450.537575
17.219225,337,3451.933857
-8.307164,75,3453.790531
12.492823,114,3463.971658
-9.996403,6,3464.626232
-10.256949,102,3465.648194
13.593244,238,3479.95163
-5.074704,356,3485.985875
4.550498,600,3487.02456
-9.989412,15,3488.770657
12.215575,600,3489.897633
11.1339245,600,3492.801816
9.800632,600,3496.721693
-10.029829,115,3502.28512
9.305058,600,3504.700691
10.097588,600,3507.378484
-6.773246,489,3508.106581
-5.577885,439,3517.506793
4.191096,600,3519.54619
18.579575,342,3533.275336
0.5774212,600,3535.478341
8.916107,600,3550.746047
6.2887692,600,3556.727479
-3.6914802,427,3558.48095
-10.443458,30,3560.263691
8.026874,600,3560.620897
-6.1615953,372,3561.359249
12.99844,74,3567.202279
4.7988806,600,3567.586109
7.333972,600,3573.188596
2.4689448,600,3575.539439
2.8071823,600,3578.266453
9.132865,600,3590.107889
6.0303416,600,3604.030981
6.141506,600,3606.240446
-9.010093,40,3608.744214
-8.987301,377,3612.280248
2.5759892,600,3621.767708
0.87938887,600,3631.332345
8.396218,600,3631.719636
1.0697767,600,3632.492773
-6.795636,128,3637.066772
2.0304592,600,3638.489946
1.9394861,600,3644.471616
10.240929,600,3646.794228
5.6226354,600,3649.494926
-9.329721,24,3652.381686
-7.3808346,201,3656.479401
9.47276,600,3661.688103
-4.291575,485,3664.07317
15.413998,192,3669.583998
12.120251,178,3677.511602
17.330288,397,3678.909792
14.739482,358,3679.502741
7.203471,600,3680.110946
13.001012,429,3682.334717
4.238751,600,3683.550493
-9.23431,56,3685.469655
-7.62006,367,3705.25488
9.6900835,600,3709.802339
17.35038,273,3712.655421
3.5479398,600,3715.72193
-7.9667883,467,3719.37005
2.2994356,600,3723.547742
18.054506,364,3725.650077
13.989275,359,3728.320063
1.5719135,600,3740.98588
6.7864895,600,3748.949309
5.302346,600,3750.951811
2.4905994,600,3755.042362
-3.297194,351,3761.26905
17.269045,465,3924.907589
-3.8459282,373,3932.368518
12.476484,177,3935.674701
8.356579,600,3936.305333
6.429767,600,3943.498736
5.655991,600,3946.461302
19.779903,414,3949.541655
-0.008733789,600,3954.266463
2.5340269,600,3956.235898
20.450123,309,3960.982719
22.874857,428,3960.982794
13.345872,265,3963.37102
19.999004,211,3968.249138
17.166136,197,3972.686523
-4.084175,487,3978.361347
9.480044,600,3979.360001
17.883165,390,3992.851378
-5.1145434,224,4004.71756
7.6660814,600,4006.2522
10.491538,600,4006.81749
-4.8183937,135,4008.340901
16.120552,274,4011.566085
15.491352,131,4022.001949
21.141026,466,4022.98169
-1.821475,598,4024.629734
12.617282,600,4026.899615
23.033207,475,4028.52147
9.930333,600,4031.603621
6.718583,600,4031.603694
10.158879,600,4033.925581
16.497028,252,4037.684196
15.312807,112,4039.937694
13.904045,128,4043.393182
18.025928,201,4054.724798
13.873953,463,4058.484446
17.842611,166,4059.114573
22.118147,358,4066.213457
-6.0030985,291,4071.494202
16.50528,135,4074.390448
6.3486066,600,4076.161236
6.964253,600,4081.518076
1.6013695,600,4092.122544
12.782833,322,4092.557447
4.9913764,600,4093.053414
12.706062,281,4099.417027
3.8550498,600,4101.801771
13.661137,78,4101.920547
3.8222525,600,4104.200231
14.445769,531,4105.728205
12.731691,403,4106.616844
19.101212,196,4116.103648
-5.3328433,127,4116.661008
10.857754,229,4119.068063
15.757557,387,4119.877421
15.141077,194,4122.154956
15.349918,194,4124.498097
18.518559,177,4126.35062
-8.724646,99,4128.290437
14.700384,98,4133.649038
-6.3284135,170,4139.826689
20.148693,215,4141.404983
4.1724434,600,4142.157309
-5.5789266,157,4144.87707
-6.509015,540,4145.119233
18.123463,362,4146.713531
4.005607,600,4146.832648
-6.945325,142,4150.605506
15.063977,137,4157.845212
-6.4181747,454,4160.189134
15.672031,146,4164.039832
13.309319,115,4164.172517
-4.959096,317,4166.004426
13.2008295,82,4169.919684
13.804252,257,4170.492447
17.140068,153,4176.076694
-1.742547,491,4177.445843
-6.8187075,486,4182.337842
16.321331,173,4191.285285
18.583244,431,4196.365203
-7.048422,470,4198.219605
-4.4547267,293,4199.208015
21.758286,478,4203.768848
22.214859,496,4204.269713
19.203407,338,4204.401107
18.154198,231,4204.907054
18.82854,190,4204.907145
-5.8039746,130,4206.736696
17.832373,170,4216.428162
15.914854,129,4220.102818
23.830292,378,4220.914615
20.52752,251,4233.423118
14.794203,135,4236.896308
7.0539036,600,4237.278462
6.6167226,600,4241.202111
15.055531,152,4255.363667
13.460739,467,4259.756444
20.106274,223,4259.971515
3.32254,600,4269.40405
2.3901353,600,4270.344095
2.4755774,600,4275.326848
1.116763,600,4275.898718
4.25361,600,4277.593679
16.006874,170,4279.810634
11.818252,44,4280.55071
11.704016,42,4280.917141
-6.994693,371,4280.917199
4.96837,600,4287.639387
-3.9718323,399,4288.634197
4.053899,600,4291.446582
21.111103,265,4291.552867
13.227425,72,4296.227413
17.736038,178,4302.095324
13.505322,92,4302.355967
18.117401,189,4303.367549
12.012213,50,4308.060861
18.44997,193,4318.880032
14.919918,137,4319.481162
19.12714,268,4322.987685
4.352697,600,4326.390748
14.561992,105,4332.03979
16.917137,165,4338.375319
9.94664,600,4340.300136
11.209772,600,4341.288887
18.0686,307,4344.22874
18.162048,206,4347.317945
4.6443577,600,4348.660578
4.5794106,600,4350.677307
6.9350715,600,4351.406437
-5.543778,100,4355.954788
6.525642,600,4359.386489
12.709161,130,4363.90408
22.758526,274,4364.136376
20.86726,254,4370.036548
18.007778,207,4371.43623
1.4687213,600,4372.890256
-7.843448,118,4377.679758
13.84736,116,4383.778221
17.411991,198,4387.537962
13.946392,95,4388.998439
13.554205,78,4393.073435
21.536858,372,4394.622702
1.7167555,600,4397.101608
12.508918,55,4403.651154
10.638275,600,4409.129426
1.100355,600,4412.013175
13.402602,76,4412.644639
12.993971,260,4418.354879
4.54528,600,4422.366478
25.132105,557,4425.115649
17.248669,273,4425.327378
5.1855025,600,4426.750264
16.56973,143,4428.949322
18.723099,515,4433.872978
19.076454,220,4435.226712
16.723015,395,4435.83174
21.258228,579,4440.034077
12.150003,282,4446.084274
17.266268,179,4448.061098
18.312885,454,4448.378184
15.929274,130,4449.373054
14.265408,93,4451.20144
13.152604,70,4454.33319
12.645123,280,4458.188799
15.957849,220,4461.662447
11.983812,353,4463.881772
17.201418,398,4465.157694
21.544914,370,4468.970752
-4.6408763,123,4472.754667
19.229572,210,4473.071538
14.74534,103,4477.457772
19.546162,239,4479.148544
21.717499,451,4482.203101
-6.7071905,266,4485.632974
12.6206,69,4485.63304
13.269062,80,4488.702234
23.059235,455,4488.940365
16.71063,144,4489.771679
17.943693,172,4493.3433
12.682793,83,4498.340353
12.678088,87,4503.614401
18.003002,184,4507.21753
18.98416,218,4715.944435
21.292492,411,4718.813185
6.3624887,600,4720.022726
5.779633,600,4721.280103
16.572083,143,4721.714964
6.037494,600,4733.495596
14.318081,293,4733.973055
-1.070797,592,4734.79062
13.52461,146,4735.70075
21.864035,274,4740.447764
15.183105,111,4746.262801
14.368486,140,4750.158456
9.707289,600,4753.498972
13.772775,163,4753.612508
-0.10063904,600,4756.740701
1.0827873,600,4760.931174
16.27852,181,4761.407223
16.414822,164,4769.384688
13.555901,124,4776.133917
16.501892,194,4776.497483
15.355448,396,4782.020729
8.3267355,600,4786.029368
3.00279,600,4790.106106
5.4722867,600,4791.421817
9.574424,600,4791.911028
12.563181,56,4792.625586
-5.8287106,390,4799.52959
19.221643,201,4799.903955
14.7883625,109,4805.465798
14.689619,108,4812.825688
8.405068,600,4817.241313
21.513655,252,4819.995939
17.777561,170,4825.917783
7.9333587,600,4828.221087
19.342857,248,4829.323401
-0.38505465,600,4832.396014
8.5238285,600,4840.878484
16.343365,173,4846.402282
4.6766763,600,4847.841432
18.946629,237,4848.308069
3.9581904,600,4853.343951
14.646637,147,4858.02635
14.856916,116,4860.09422
13.068785,116,4861.557423
17.744335,251,4862.077492
3.3178976,600,4862.82711
3.7053504,600,4863.299891
18.149965,401,4864.954417
14.990649,110,4875.907553
15.32299,150,4876.020214
4.4052143,600,4883.989783
16.005985,287,4894.1414
20.873585,270,4895.181298
2.0426207,600,4899.129635
1.6739366,600,4900.193549
13.380699,80,4904.461861
14.073051,119,4914.23578
5.4113717,600,4919.214449
14.518619,152,4922.516123
1.9681668,600,4924.376251
14.148714,100,4926.156943
21.714008,295,4928.90772
6.9114223,600,4932.380105
0.934255,600,4932.830124
2.3434198,600,4935.647409
-6.1582613,539,4939.382218
15.040759,147,4939.715714
-9.410066,52,4941.709298
15.5163965,150,4946.48333
4.070985,600,4946.483402
15.638133,128,4947.91472
15.392572,456,4952.845
1.7491999,600,4954.829049
15.75783,151,4957.334989
18.202868,325,4964.46235
18.460243,188,4976.932726
-5.273642,404,4989.370621
5.298667,600,4989.876858
20.144802,391,4992.624084
0.6267905,600,4995.031471
-9.58687,472,4995.508048
16.819431,548,4997.039817
-7.996368,396,5010.991529
17.073027,161,5014.467478
4.453385,600,5017.337103
1.8550265,600,5018.727724
10.953287,244,5021.370957
10.831809,383,5022.123749
4.135503,600,5023.660254
7.5502977,600,5028.001534
-1.8401594,336,5029.466307
-9.806299,285,5030.488174
-9.6980505,59,5030.488231
-3.8359032,349,5030.488242
17.998028,182,5032.32397
-6.972842,343,5035.236463
14.872784,139,5038.40099
-7.072502,171,5038.755995
18.241598,201,5040.901839
-6.847297,106,5042.97267
17.056355,188,5043.448079
12.600131,83,5048.385515
15.048792,144,5049.212792
17.843143,173,5049.713109
14.035946,122,5052.69844
12.390042,57,5056.546711
12.8367605,98,5060.056164
-10.299511,227,5062.053426
17.459208,194,5063.709487
-4.060995,137,5072.873611
-7.486314,427,5081.095765
18.40826,244,5081.766834
19.89108,331,5082.23108
9.124226,600,5085.288784
13.448172,79,5091.641642
16.30528,600,5098.886639
-6.981662,81,5101.114895
4.881446,600,5101.513013
13.449681,518,5104.797318
17.753502,206,5106.165664
18.741177,362,5106.762906
13.211725,75,5110.357683
12.592369,65,5112.434189
-8.781175,288,5115.025198
22.939474,453,5115.732086
7.2437744,600,5120.344476
-6.6563234,124,5126.846582
-7.315501,244,5127.435619
17.73765,185,5127.686726
-7.9784927,491,5130.529541
10.109326,600,5130.778736
13.743848,95,5131.29544
11.309579,30,5134.054391
17.895763,217,5135.555538
13.836607,130,5141.955676
-7.662836,137,5143.339993
16.864958,502,5144.08639
14.6479435,144,5144.421211
-3.8206673,268,5146.907593
10.980205,46,5149.94767
13.38674,75,5152.395075
-7.05857,187,5156.158395
12.767903,90,5157.713767
-4.9199347,241,5159.152915
11.2516,54,5162.483324
11.279886,49,5164.947701
13.943588,234,5169.686513
8.446681,600,5171.475748
4.3709536,600,5177.058294
21.80568,271,5181.966557
17.165384,158,5183.61322
12.352357,56,5183.734204
17.001266,232,5184.990502
19.205996,459,5185.333482
-1.7481084,600,5185.469639
14.568053,137,5187.733108
14.318903,455,5189.245376
20.806026,346,5193.072983
13.16209,75,5196.497559
15.564148,130,5200.26916
22.3908,495,5202.446322
14.8566,296,5204.41351
13.85977,103,5208.563158
16.6465,159,5211.865754
13.082428,80,5211.973737
12.8494835,77,5213.646889
-3.5751238,302,5217.482696
13.936917,91,5219.319659
14.955607,113,5225.162096
-8.242567,370,5227.210335
1.4990683,600,5233.168961
14.095175,431,5236.213142
18.089237,196,5236.672816
13.098572,168,5239.117436
18.426237,252,5241.456106
18.70523,458,5243.14568
18.471283,512,5243.87382
15.354687,149,5244.824613
12.8791895,72,5250.229275
-9.244058,71,5251.695086
13.981341,164,5252.709464
14.338627,316,5254.922704
3.4934561,600,5256.18894
15.661179,486,5257.752587
16.464418,192,5259.066094
13.824648,151,5261.916008
19.090454,222,5263.126197
14.5240965,105,5268.719907
13.710723,83,5271.801911
19.613459,214,5275.665042
15.871754,137,5279.467814
19.71725,272,5287.309654
-6.1291094,99,5287.430972
14.945578,144,5288.991381
23.919287,541,5289.628717
17.92107,206,5293.292834
21.972542,418,5301.432687
15.353994,191,5302.1721
14.499533,453,5460.538381
3.0211923,600,5464.576645
13.8028755,109,5468.978012
13.186635,224,5469.454806
8.00537,600,5470.167151
20.243532,249,5472.948007
23.12424,517,5473.067225
-8.221764,129,5479.681596
17.901993,186,5482.29489
19.750408,298,5482.294964
1.4384357,600,5484.038292
23.27578,379,5485.973923
13.098502,71,5487.871645
17.60593,198,5493.331006
19.635235,213,5498.014232
14.830692,247,5502.125145
20.89272,293,5503.491449
14.018004,190,5506.624783
12.700432,89,5508.648971
18.923176,591,5511.25176
19.3115,216,5511.600685
12.85829,69,5519.298492
13.606626,553,5520.605156
14.636244,171,5528.843651
16.666641,148,5529.09817
19.145336,228,5530.438004
11.535183,77,5537.849637
2.540065,600,5540.181102
21.3801,410,5541.91252
17.058554,251,5548.889172
8.470697,600,5553.155569
0.7350786,600,5553.155643
17.000559,201,5554.127004
21.822258,403,5554.127081
14.769733,288,5554.657412
16.388155,178,5558.952846
8.0972185,600,5558.952908
15.553775,134,5569.238145
17.22035,596,5572.696601
14.615229,224,5580.021191
12.925985,221,5580.638747
14.608908,108,5582.220082
21.952337,356,5591.76492
14.327669,129,5595.611424
14.890946,343,5595.836729
3.4233954,600,5600.677588
20.884851,370,5603.378808
22.64372,527,5604.900151
22.875546,386,5605.297397
21.233362,547,5605.611179
17.36083,279,5606.326576
12.160997,100,5612.317944
21.793415,273,5614.607033
15.53625,181,5616.892087
15.7906685,182,5617.20871
15.122648,115,5618.547366
1.939202,600,5625.658326
23.795681,324,5629.937301
23.129833,456,5634.710619
18.896238,259,5635.267545
20.032055,220,5640.535045
13.420152,88,5645.082971
16.009388,163,5649.133855
21.224499,281,5651.876546
14.991711,166,5655.024151
12.016818,63,5656.68162
10.958496,24,5657.860996
16.059011,179,5661.872565
20.668709,402,5664.829446
15.4958,124,5666.680662
2.7041924,600,5674.258072
17.507593,248,5674.588793
17.03563,527,5674.720588
1.6767644,600,5676.43784
4.5137935,600,5677.173223
14.289767,118,5680.616944
-6.130891,204,5682.052563
17.925173,230,5683.885263
13.7251625,84,5684.134429
10.190842,600,5687.921248
11.381914,59,5689.044962
13.169253,91,5695.029501
12.229566,51,5695.142264
17.53337,175,5695.397865
4.5653024,600,5696.791611
17.152798,202,5704.561804
23.113407,348,5706.162258
17.090364,194,5711.008933
-8.637775,78,5713.856502
22.255981,267,5715.646536
12.710383,86,5716.378061
-7.280804,89,5726.169566
8.511154,600,5733.128128
-3.5557876,200,5734.765641
12.625063,85,5736.295712
18.335377,211,5741.31842
12.486913,75,5745.081091
8.638875,600,5745.748471
2.744036,600,5747.546321
8.745203,600,5748.241792
13.2021,463,5749.877165
16.540112,170,5754.59097
-6.8297014,198,5756.156587
15.390623,531,5757.956175
23.972868,390,5759.778005
16.158272,135,5760.792447
5.145706,600,5765.643529
11.901419,600,5767.477651
-6.6375227,188,5769.411711
14.7333975,170,5769.660157
-5.2283564,211,5772.861161
13.6036625,115,5773.222759
14.998058,118,5774.599218
21.96115,266,5776.891991
13.910795,200,5778.041921
15.100484,124,5780.209965
17.55325,223,5784.042629
13.358403,240,5784.284911
11.670747,40,5788.751635
15.039564,127,5789.458153
18.445614,198,5792.93929
18.886868,222,5793.504731
18.471851,198,5800.135476
21.314644,266,5800.726801
12.629156,61,5800.726859
19.175209,274,5805.024107
16.36842,141,5806.080197
18.956978,250,5807.369492
19.984499,595,5810.899826
-4.9753327,241,5812.464786
14.98061,193,5815.429602
14.11829,117,5820.898013
16.716833,161,5824.779655
18.341805,390,5825.782236
19.472946,234,5827.302331
21.366125,343,5828.877462
12.205981,51,5830.75121
17.231688,198,5835.553802
15.429142,128,5835.795545
19.18779,313,5837.107729
14.510521,113,5840.642991
14.612559,103,5840.9781
6.9720335,600,5843.429435
14.337149,347,5845.585256
12.462192,75,5846.065978
16.878946,200,5849.402652
18.67577,215,5855.977554
15.375222,141,5857.152035
14.347696,123,5857.84121
25.688164,510,5860.359609
24.284134,398,5862.118523
11.536014,232,5862.966229
16.743587,150,5866.979903
11.459261,85,5867.196708
13.203746,83,5867.665656
12.569477,59,5869.122967
18.82151,291,5870.225829
21.235935,279,5873.872129
15.687223,300,5880.902199
14.929787,115,5881.258523
14.907033,600,5881.37142
19.320953,270,5887.764577
19.58064,271,5899.165181
22.138653,400,5907.501462
21.861805,306,5909.858977
6.895646,600,5916.660516
22.773518,311,5924.531647
8.906901,600,5933.510609
2.464445,600,5937.449429
20.067188,342,5939.192847
11.932558,600,5939.526109
4.3950605,600,5940.584233
11.749561,171,5944.29731
13.367094,97,5950.423809
11.1317625,600,5951.138092
1.6582837,600,5951.513679
4.4877024,600,5951.636333
21.722076,316,5953.536586
14.676142,131,5966.847697
18.380413,222,5970.42751
12.203962,64,5974.629228
6.7012463,600,5977.960758
18.24506,213,5978.769054
1.8787801,600,5980.227649
20.799362,307,5987.848485
19.406647,468,5994.395028
2.1794517,600,6003.858104
7.8345027,600,6007.780892
21.736595,322,6008.158945
2.7171094,600,6010.88519
21.84731,354,6019.020549
13.7000065,107,6020.075036
8.08631,600,6020.687761
5.0238166,600,6021.376813
19.966434,331,6026.169039
15.522211,178,6031.209575
20.019302,265,6034.178885
17.722729,241,6035.619348
3.220692,600,6043.908541
-0.25705677,600,6193.043605
6.836186,600,6194.499304
14.309946,212,6195.38755
18.258858,188,6197.91364
11.946632,46,6203.19978
19.109175,593,6207.799604
13.204428,129,6209.368263
16.927013,481,6220.831705
18.05612,344,6228.813742
21.074402,566,6229.248626
1.5160811,600,6234.289264
1.2702953,600,6235.538627
19.514404,248,6238.423098
3.7331452,600,6248.951837
13.628968,102,6250.354379
3.365003,600,6250.469772
25.597029,381,6252.381366
23.411335,304,6256.72616
10.209398,600,6263.176932
19.694317,584,6263.799335
17.769398,311,6266.040703
23.557936,349,6270.065958
5.4096427,600,6273.607414
18.373936,200,6274.087475
16.055347,202,6274.457007
12.612759,96,6285.313129
16.294998,166,6285.521919
16.719418,177,6295.105034
12.521225,317,6300.566517
15.170622,127,6300.566596
12.907798,587,6305.040476
2.9930108,600,6305.266285
13.584738,87,6305.652625
18.760483,415,6305.913281
17.288345,179,6306.67572
18.638094,284,6307.288532
-9.71273,46,6310.722034
12.666505,65,6312.727831
12.615825,150,6318.348435
2.7289448,600,6319.931303
2.8983812,600,6323.349568
21.975143,465,6324.993536
16.867853,191,6328.189492
19.10635,233,6334.035951
10.629893,600,6334.582978
13.920224,187,6334.725406
13.517513,92,6339.039425
20.555227,354,6349.068345
17.465221,182,6355.621236
21.600527,334,6357.790453
18.042171,388,6365.655683
15.798251,500,6369.688688
15.751505,310,6371.355969
1.2959088,600,6371.477583
14.089527,127,6372.770154
15.6084,150,6373.262995
17.949825,346,6375.473178
2.6790836,600,6376.696826
15.988689,445,6377.504862
18.456577,328,6377.786542
15.168818,158,6384.330973
-10.044781,9,6385.443755
23.26319,538,6386.80751
14.330204,124,6387.400377
13.9577265,126,6388.074032
12.307542,192,6392.309388
15.788071,159,6396.295718
12.2517395,59,6399.133853
17.784454,207,6401.708003
18.411243,269,6402.975708
12.222029,149,6404.779672
16.161758,188,6408.774711
13.319158,80,6412.407701
22.89376,331,6415.48709
7.7449775,600,6419.487915
14.115766,303,6420.901594
16.7588,171,6421.858452
15.018288,156,6423.218003
14.542002,138,6425.161417
18.701054,236,6427.030063
19.677822,503,6434.697482
22.880592,343,6436.807909
21.874691,452,6441.238695
12.642941,156,6441.602797
2.879737,600,6441.949538
15.817827,255,6442.53636
15.380909,204,6444.976834
14.138893,103,6448.879131
-7.8341784,140,6451.077335
14.538471,136,6457.183788
17.89218,340,6459.52598
-4.9822025,282,6460.105725
16.279953,160,6461.286374
11.952436,49,6462.93642
16.197666,179,6462.936475
18.665836,407,6463.401627
20.944729,360,6464.22365
11.398429,58,6466.283057
12.361916,59,6466.979364
12.54281,63,6470.338994
17.385471,409,6473.210226
12.489987,104,6475.159614
18.578077,276,6483.433845
12.902803,82,6484.741759
18.08452,391,6487.406682
10.943287,52,6489.497977
18.957737,358,6490.717372
17.810616,253,6493.779232
-7.2827682,443,6496.875614
14.150693,135,6505.633122
14.046604,98,6505.633193
14.664427,206,6509.187185
17.639456,372,6510.86975
21.852903,353,6511.886322
-3.3579278,439,6515.064613
17.425972,216,6516.371328
12.697369,72,6519.371477
16.064268,514,6521.886021
21.885244,305,6523.497096
16.417557,431,6523.91579
-10.340853,252,6526.881742
12.183886,73,6532.639281
15.959652,140,6532.970343
16.77769,154,6533.320463
13.717394,121,6533.688289
-5.194692,600,6537.118229
14.78694,142,6540.208893
-2.2578535,298,6540.68906
12.174216,74,6541.279964
-0.6851425,323,6547.206892
16.449392,180,6554.153187
21.37298,420,6555.120192
16.07636,200,6560.484917
19.892399,240,6561.831058
18.5438,255,6563.255478
14.793557,155,6565.399612
18.892174,219,6566.478396
13.16527,104,6567.300775
20.114902,439,6573.540357
17.990206,307,6576.276111
14.209165,124,6576.386219
20.691853,303,6576.86584
14.733481,133,6581.008017
16.194828,158,6581.86084
18.090645,240,6582.33842
5.2860994,600,6582.586926
15.045066,156,6584.917145
-6.6476345,141,6590.206196
15.520519,125,6596.646031
6.3044176,600,6597.461641
11.091403,29,6600.82775
21.275425,293,6601.797778
17.337568,200,6604.66816
17.250519,190,6604.806862
19.988958,248,6606.151166
17.93352,188,6612.276436
15.690721,161,6615.573464
12.311493,128,6615.948207
18.651937,272,6616.903804
23.010736,334,6622.077698
21.728615,405,6624.383828
14.710243,202,6625.869818
4.4896126,600,6631.327326
23.243523,518,6637.239314
-4.5125537,135,6637.764339
17.693068,194,6638.322701
18.331501,211,6641.565663
16.530144,172,6645.774036
12.552565,81,6647.828635
15.15469,133,6652.823432
-0.30795193,316,6652.926187
13.209903,102,6653.515557
18.44773,196,6654.112921
13.721309,154,6655.787197
21.031216,315,6661.180173
12.752353,112,6666.751993
-6.4328413,106,6673.469606
20.474247,584,6674.618873
1.5552491,600,6674.957817
0.9098038,600,6675.092016
-7.581251,257,6675.807029
17.033133,275,6679.92045
12.263667,228,6680.70967
2.8641026,600,6682.385781
11.355626,35,6683.936161
20.754808,248,6684.630303
-8.899937,37,6686.671802
13.762599,120,6688.703628
18.363544,195,6689.191291
14.311611,146,6692.498369
13.819862,118,6700.2779
-7.336116,125,6703.203723
-6.3537965,97,6703.767354
20.929356,270,6704.612285
16.42512,152,6706.771823
-8.438998,57,6706.880236
22.578657,301,6709.352314
19.767227,500,6710.863265
14.210014,263,6714.998186
14.451579,101,6716.279933
22.5405,290,6717.417805
14.022333,95,6717.907805
22.943857,384,6719.494995
-3.5133667,147,6720.317988
5.5013137,600,6722.676808
16.611496,193,6726.236874
-7.930838,58,6727.044086
16.957064,158,6729.226154
13.7831135,86,6729.465829
17.292374,165,6735.770888
18.91964,202,6741.793145
19.483307,233,6742.514085
14.7473755,119,6743.572196
16.942913,159,6745.821157
15.680382,141,6745.957496
19.10519,243,6746.07793
20.560883,579,6748.222259
19.507992,354,6750.905553
11.841126,45,6751.151923
19.413095,224,6752.707484
20.759441,412,6755.149523
20.915573,280,6755.62896
15.672991,128,6756.814416
15.745354,153,6763.989547
17.908348,177,6764.422739
14.107868,95,6766.279004
12.604782,119,6766.65302
16.965664,157,6769.728702
17.646385,191,6773.388967
19.568066,234,6775.829657
11.398628,57,6776.462037
13.604901,104,6776.802548
21.880684,350,6777.058151
22.727043,295,6777.303006
22.155796,270,6778.032793
13.961596,148,6928.951765
11.42611,58,6929.163284
13.881666,94,6933.121763
15.742556,130,6936.306288
17.876205,184,6940.296294
25.158989,357,6944.098035
-6.0584707,158,6947.860182
17.956541,271,6954.828876
15.00794,114,6961.048468
23.011032,292,6963.262432
13.216177,72,6963.405027
-7.4369297,172,6964.241126
-7.7294416,56,6967.70161
5.1018972,600,6971.290298
14.722177,107,6975.692375
-1.6840267,397,6979.554975
2.907096,600,6979.668257
3.598479,600,6982.522656
18.805172,208,6988.031659
0.009307989,600,6992.230335
9.654487,600,6992.831423
20.01741,235,6995.530371
16.814806,150,6997.506414
16.561615,145,7005.191087
0.5341372,600,7007.109755
1.5087636,600,7011.279345
19.014732,199,7030.720007
23.603176,341,7032.851606
22.993727,318,7035.513643
9.415478,600,7035.5137
20.34526,541,7035.74103
23.868917,396,7039.859914
11.886477,68,7043.445705
22.191853,302,7046.984942
1.94432,600,7047.13062
-5.1256714,164,7050.196262
7.609085,600,7050.954234
5.6348124,600,7053.856727
12.675613,60,7058.194286
15.579741,174,7060.769881
-9.238908,22,7060.905848
14.481289,474,7061.740195
10.87632,583,7065.072735
20.57535,251,7065.431726
16.894882,337,7072.922487
18.581009,201,7074.271773
14.392763,110,7074.786291
11.593689,37,7079.291362
12.012193,46,7084.624948
11.304753,211,7085.781889
24.259495,326,7086.05439
19.8754,217,7086.655712
22.32571,278,7086.980047
13.623827,462,7090.635546
20.282787,240,7093.465047
14.442409,170,7094.382985
11.670425,38,7097.910494
14.674995,103,7098.760897
24.08611,305,7101.584228
13.702789,82,7107.580321
-1.9402657,294,7107.71806
-7.8765697,565,7110.497211
14.678261,127,7113.74904
4.9509797,600,7118.227604
13.424501,96,7119.029886
-2.2731247,273,7119.170787
-9.789139,19,7120.432554
22.970318,331,7124.847053
18.17978,262,7125.321338
-2.8390088,204,7125.593517
11.195453,64,7128.154992
17.946865,176,7131.48735
16.926208,155,7132.221612
19.71114,410,7134.748296
18.226395,231,7135.264904
-7.962365,77,7144.682232
20.580952,527,7147.644382
19.65475,277,7152.610621
18.932121,249,7155.794041
14.2163105,97,7156.25584
18.700394,236,7156.750063
20.280407,292,7160.483103
15.567628,123,7162.056204
3.9401655,600,7162.185237
22.044907,270,7164.626024
21.794355,266,7166.504061
13.236248,80,7169.872233
14.582151,123,7170.554808
20.344048,459,7174.058619
14.358378,113,7177.950242
16.376364,168,7181.839854
15.941399,134,7182.340432
13.433372,81,7183.669147
16.615812,191,7184.655816
-9.946499,186,7192.606436
23.048714,317,7193.994246
14.775576,527,7194.218312
3.701041,600,7196.404326
10.916158,45,7198.051594
20.80478,242,7206.728102
18.214382,195,7206.842524
17.763124,217,7208.082313
20.226562,263,7213.145713
12.996847,73,7215.292288
23.438225,514,7216.517252
18.638485,228,7221.510069
11.785509,42,7221.622995
7.3158793,600,7223.677195
15.432388,151,7226.214546
21.430685,301,7229.926944
14.209108,92,7232.576736
15.153368,170,7235.705223
25.015884,357,7240.582844
9.565426,600,7241.266779
19.617634,300,7242.591568
-7.329153,119,7246.598565
22.54774,288,7247.47121
18.952703,242,7250.597932
18.1828,184,7252.102543
19.589045,241,7255.01887
7.527653,600,7256.421371
15.355664,140,7257.538409
12.535889,102,7259.942425
22.917303,331,7263.296533
12.003033,45,7265.218298
-6.255518,132,7266.480222
3.3848424,600,7268.327191
13.269287,115,7268.974882
16.763714,267,7273.473193
14.982792,155,7275.992253
17.237848,223,7278.649343
21.978464,362,7279.014866
12.18523,61,7280.539916
23.51521,329,7281.931701
15.496503,127,7283.854414
19.123234,314,7284.228934
16.317034,169,7286.452701
12.029207,59,7287.504285
19.939083,269,7288.371702
-3.700077,174,7288.88983
18.878448,223,7291.693129
-6.3970385,118,7296.065381
15.985019,151,7297.036785
11.421722,89,7299.5111
16.513298,183,7305.598257
18.410471,249,7308.185286
13.387782,100,7308.822272
10.892542,55,7315.285657
15.857035,147,7316.850641
13.211163,349,7317.348713
21.792469,282,7321.906096
15.843804,145,7322.852644
19.968029,307,7324.063891
18.986132,238,7324.307619
19.479696,361,7329.35926
18.318813,194,7331.156191
2.5632315,600,7334.374484
17.282623,211,7339.977559
17.233885,200,7340.731216
19.15902,422,7341.459734
16.980093,185,7343.470851
14.724837,108,7343.698712
11.37539,54,7347.797448
13.093699,86,7350.874176
18.848892,236,7351.852987
0.035756674,600,7355.015295
21.890022,275,7355.015344
12.167083,52,7358.018905
21.57691,357,7358.810764
-6.6263638,150,7361.075166
14.719078,117,7364.613188
0.24283028,271,7366.175858
19.687052,350,7370.256221
14.960868,138,7371.187443
16.707628,157,7373.390713
19.84087,286,7373.655175
-7.610982,110,7373.966027
17.939548,233,7375.085712
14.148142,94,7377.095237
-1.8630648,288,7377.479692
15.837151,160,7383.321359
13.507864,103,7385.454844
15.213533,122,7389.359858
17.269024,166,7390.625577
15.610842,163,7392.711134
19.85334,599,7394.161431
12.645395,76,7394.419493
23.170843,315,7394.905609
15.813227,182,7398.663711
13.494096,132,7399.025238
13.499375,81,7404.170226
20.746355,316,7407.62808
20.559402,272,7409.820492
17.218494,190,7413.541585
16.937223,163,7414.624675
16.62661,146,7416.626637
16.537247,166,7423.994087
4.66363,600,7429.684677
23.177586,327,7431.823084
17.927132,195,7432.98391
25.361576,532,7437.218198
19.73772,326,7437.567391
20.845995,255,7443.858891
24.094421,438,7446.618167
21.395885,260,7447.530768
-9.889416,9,7447.652565
15.009941,124,7447.917227
19.726555,218,7457.720674
14.79335,425,7458.169027
15.95952,376,7459.091487
13.966951,102,7459.45343
1.6105632,600,7460.89425
19.387276,263,7461.031615
16.366661,149,7461.418135
14.6983385,121,7462.134119
18.663914,334,7463.700924
13.242466,79,7470.337861
13.679207,81,7471.095
21.054588,294,7472.2029
14.414034,141,7474.659539
12.446306,65,7478.862014
14.793375,200,7484.878883
19.42228,243,7488.379717
-8.022947,429,7488.510394
15.972252,158,7489.100031
18.72894,278,7491.206263
-8.017515,184,7493.915493
-6.158097,392,7494.050491
21.327368,317,7496.829743
12.73421,81,7498.144218
18.588358,296,7498.854523
12.501159,57,7500.838604
-7.242546,104,7503.635072
-8.665514,36,7505.207807
15.407511,144,7506.294477
15.223032,236,7506.823093
20.309032,275,7507.160443
15.423176,161,7507.54097
12.01218,49,7509.456618
13.351225,108,7510.948668
20.246307,240,7637.078491
14.67741,134,7637.974141
15.665949,151,7638.65895
14.076012,116,7639.27887
22.354897,343,7640.14393
11.5323925,36,7642.219028
17.107489,201,7645.130262
20.701887,288,7647.475038
2.0028806,600,7647.773554
20.605484,236,7651.623621
23.752108,357,7653.314114
15.950877,140,7655.421755
15.925375,160,7655.568902
23.67556,309,7657.862971
13.564029,101,7659.364783
-8.746709,358,7661.747072
15.274308,181,7663.222913
18.681599,214,7663.546747
-8.138836,160,7666.078423
14.248457,123,7667.802442
11.5689335,36,7667.802504
18.519958,199,7668.224109
15.790958,142,7668.224154
19.645802,280,7672.670118
15.531136,147,7672.78644
15.293473,123,7673.882319
16.949766,159,7674.130059
13.783896,105,7675.669452
11.632195,39,7677.409721
13.501734,77,7684.710296
14.500767,104,7685.182819
16.167398,178,7687.100243
20.161413,247,7687.100318
20.11598,226,7688.358132
13.155525,101,7689.356596
17.212687,192,7690.559051
12.8132,70,7693.205789
14.6002655,175,7694.892454
16.491114,194,7697.39987
13.954715,126,7703.530124
-0.8601856,338,7708.27847
17.580397,197,7710.436897
-3.435553,358,7710.660342
19.34954,225,7711.867394
11.54781,38,7712.873964
10.979645,24,7713.529728
19.109663,231,7714.473864
16.243269,161,7716.199188
12.425143,58,7720.425356
13.150041,108,7723.344291
12.905212,179,7724.635819
-9.225155,23,7726.071483
22.528305,336,7730.308378
15.554422,149,7730.422673
21.569176,329,7733.474947
24.446026,351,7734.432966
4.395192,600,7738.733238
17.360523,239,7740.003362
16.149595,140,7740.960911
16.712984,187,7742.467477
20.368994,250,7744.002136
14.920477,135,7746.413819
-4.978198,262,7747.293549
20.590284,497,7748.242087
13.984525,123,7749.266757
17.480406,197,7749.380468
12.718494,91,7753.356698
14.964838,124,7755.822115
18.880562,253,7760.424335
14.912722,190,7761.442917
16.688759,171,7764.343941
16.142193,143,7765.174419
19.827494,243,7768.969125
18.78386,204,7770.734867
-4.046898,148,7770.974471
15.629055,139,7772.412016
24.191727,360,7776.38562
16.54859,166,7780.054224
20.135288,269,7781.098679
12.428879,95,7781.929908
16.525635,150,7782.149338
16.662449,201,7785.153811
14.9828415,119,7790.108654
17.475372,170,7792.140435
26.105442,420,7798.679603
13.9781275,179,7802.65699
17.673296,188,7807.095883
20.598022,246,7809.715267
-6.0168805,91,7813.345066
-5.963095,571,7814.43197
12.842105,66,7814.797564
20.306978,243,7818.538598
27.774313,425,7818.678784
19.735874,430,7821.230199
25.299091,364,7822.54463
25.77401,492,7822.925183
25.223944,370,7825.492335
-6.518852,109,7827.374015
13.2162,73,7827.374099
12.812632,64,7828.906909
11.512488,36,7831.672712
24.436596,339,7832.134961
19.045742,202,7833.65735
12.693068,78,7834.680814
15.197414,149,7836.453239
1.5359316,321,7836.590827
11.053419,28,7836.986323
11.000618,45,7836.986379
18.338291,243,7842.23719
17.929829,192,7845.408548
22.908401,292,7849.41993
17.961998,196,7855.303904
15.596521,123,7856.697035
-3.7296696,292,7857.501468
14.1642065,105,7857.723711
-8.529027,270,7859.247327
17.546646,194,7859.824519
18.501335,226,7863.529591
20.136866,251,7864.241783
12.567959,74,7865.341417
20.219795,245,7865.455551
13.496348,116,7868.916069
14.893,118,7871.389611
12.329803,51,7871.534386
18.913006,207,7873.720959
16.121334,139,7874.088352
16.844349,154,7878.03524
25.44223,427,7879.359625
14.740262,108,7881.709409
16.641865,151,7882.159948
15.044048,120,7885.685452
14.5618515,103,7885.904577
11.596754,69,7890.181458
20.627186,268,7896.829915
17.384632,173,7898.218004
21.118969,299,7898.690375
12.429108,113,7898.79989
10.968439,32,7902.54284
16.646198,182,7902.866842
20.176693,256,7904.053748
19.033472,226,7905.727388
4.345586,600,7906.980452
-5.4227524,328,7909.825829
14.457706,120,7912.249663
11.520618,49,7915.383805
18.019934,250,7919.161381
16.975746,154,7923.53539
18.759338,208,7926.701009
15.541502,126,7926.83662
20.05662,261,7927.190738
14.646417,360,7927.805052
19.029537,206,7928.053962
6.002464,600,7929.436826
11.844082,49,7933.836292
20.910961,240,7935.035069
15.043506,137,7935.388649
17.637672,204,7939.442284
15.75766,132,7942.347578
16.558811,144,7943.952582
15.23052,137,7945.785096
15.439243,169,7947.871425
-5.6976967,468,7953.558607
20.602024,253,7957.0761
18.27117,198,7958.730718
-5.1651354,145,7959.397983
13.636214,116,7961.412189
17.998312,200,7962.932941
13.811441,88,7963.880264
15.953917,165,7965.044227
25.838018,357,7965.651441
22.420837,288,7967.772876
21.779654,283,7968.359308
11.78358,600,7973.232029
20.449142,263,7974.876369
15.544773,150,7976.441825
16.653969,182,7978.467193
15.608244,136,7979.776236
16.71301,236,7986.976471
17.409456,208,7989.333898
19.293015,211,7990.30918
17.73504,193,7990.30923
15.989271,166,7992.661159
-9.13552,28,7993.614215
15.772399,186,8001.569628
19.801373,355,8002.999065
20.018726,352,8004.126198
18.881952,223,8004.466017
13.804794,94,8004.579053
14.822725,117,8006.323599
20.694315,274,8008.304249
18.034359,207,8011.181691
23.909275,315,8011.541587
18.862366,194,8012.015218
-1.3942366,381,8012.760108
15.850231,136,8017.357806
14.568407,142,8020.494551
-5.199531,114,8025.14558
17.991709,186,8026.024136
14.30006,164,8030.133543
19.075098,361,8032.150611
15.427322,131,8032.402305
20.208128,249,8033.255518
20.372404,263,8033.369992
21.033745,259,8038.294443
14.524443,109,8038.7672
12.669927,82,8041.965102
21.299284,255,8042.315272
21.902763,277,8043.536199
17.464012,212,8045.017377
-5.73408,122,8046.335074
-1.7838297,223,8050.906322
17.638521,174,8053.384493
15.580643,141,8054.832201
12.87059,87,8054.960948
18.678375,223,8055.735757
16.774933,155,8055.983883
-8.014501,131,8057.262525
13.841661,237,8060.522978
16.609793,196,8066.179531
19.339249,212,8066.410255
-6.2125235,201,8069.450207
14.310742,152,8072.571395
15.3425255,154,8072.96447
16.555073,149,8073.206073
17.324387,173,8073.526451
5.3458,600,8075.790765
10.825159,21,8076.038615
16.771626,176,8077.931545
-9.729289,82,8079.226242
12.769402,65,8080.857874
11.424199,53,8082.334878
12.524736,79,8085.100369
17.176485,172,8086.669522
22.050842,273,8088.029063
18.295162,197,8089.345476
19.928097,246,8089.455926
12.223397,61,8093.75408
15.028608,120,8094.936363
15.971563,193,8095.617183
16.266224,144,8096.094984
13.821774,98,8096.613778
16.780205,154,8100.382393
12.966645,75,8104.449254
15.150508,119,8107.697759
19.469381,499,8109.207134
22.519447,313,8109.341602
-8.893522,112,8109.706066
-7.5948873,98,8111.831587
17.586214,205,8112.04803
16.209932,140,8112.548098
17.458517,201,8112.974336
18.753647,216,8114.590437
16.692768,173,8115.170276
-9.171222,27,8115.640578
12.111005,75,8121.708479
14.787743,109,8124.629794
11.918665,62,8128.866192
17.831705,175,8130.026965
17.949333,181,8130.401671
14.987156,142,8131.621408
16.687593,153,8132.38798
17.635864,216,8132.832697
11.999865,46,8137.120814
18.504446,242,8139.898836
21.621601,333,8143.221747
16.741594,148,8147.391081
21.767609,596,8147.637449
20.654179,283,8148.716103
19.480879,340,8148.968002
14.772762,151,8150.133065
15.268228,190,8151.148916
13.698172,84,8153.108107
20.550669,270,8156.296811
14.004317,102,8159.41446
18.840977,254,8160.182178
13.219257,109,8160.421992
14.795411,108,8161.577968
21.471607,264,8163.849875
14.944708,120,8164.196777
-9.373296,95,8164.304763
15.525206,133,8166.804501
-8.698112,44,8166.804559
22.421745,280,8170.182692
11.348884,33,8170.918149
14.407902,97,8171.032912
-1.398633,191,8171.416139
14.852805,107,8176.541531
17.826477,172,8176.662273
14.421122,152,8182.340059
14.9020195,124,8184.703776
14.6480665,130,8186.132727
-5.398488,135,8187.197943
18.029316,227,8187.309447
18.521967,255,8190.428755
15.352764,119,8190.774892
17.479082,445,8192.589809
19.72269,249,8193.811373
17.935417,219,8196.892771
-5.8024483,139,8198.812263
-6.173977,108,8206.4826
15.635986,134,8208.359739
17.091702,181,8208.675424
17.79247,170,8210.750963
20.730005,377,8211.351603
22.27792,325,8214.816999
21.608568,260,8216.663432
19.669361,224,8216.663492
22.401394,301,8303.119775
22.158745,285,8303.708562
-6.059945,128,8304.386652
12.623766,68,8307.716647
13.726742,97,8309.198162
16.464294,157,8309.99535
21.978403,272,8311.575019
14.032315,160,8313.030303
14.275476,99,8314.584066
15.920334,135,8315.375998
11.007662,48,8317.100522
11.668645,40,8317.553486
22.540031,313,8318.260568
14.366232,103,8320.988871
19.221828,236,8321.11977
17.121792,154,8322.166152
13.659781,133,8322.961277
22.555466,295,8325.516712
-9.324045,44,8326.081213
16.034403,133,8329.841983
12.017905,46,8330.827178
15.940844,141,8331.619792
12.62653,121,8332.209553
13.705213,109,8333.699914
15.565034,123,8337.195175
16.288452,141,8338.435981
13.44,78,8342.875535
17.150818,186,8347.819578
15.504543,148,8348.982721
17.144903,185,8351.664242
13.390099,76,8351.919099
18.030151,433,8354.097597
21.186783,348,8358.11825
20.54051,243,8359.316796
25.35553,382,8361.680266
19.374447,214,8362.361882
19.028824,206,8362.71119
15.564972,129,8364.143176
-6.7243123,108,8364.279568
-4.198595,151,8365.623573
13.593762,84,8369.252865
17.620384,172,8372.048296
25.50549,357,8374.148682
0.21787685,600,8379.961276
13.710837,190,8384.992296
19.204418,219,8388.052962
21.009674,255,8394.322679
-1.7723255,197,8395.43369
21.146988,261,8396.490494
18.076347,273,8396.602394
19.704239,436,8405.818336
13.750684,104,8406.860307
23.075775,317,8406.974949
18.206982,184,8407.226875
22.634998,319,8412.144714
21.083006,426,8412.25871
16.723,233,8416.03661
19.761318,222,8422.091698
-4.002775,359,8422.950623
15.522343,135,8423.289681
15.131979,115,8426.117347
15.226326,176,8427.888162
11.768237,49,8427.888224
6.7647843,600,8429.547064
22.114246,298,8432.261001
11.149523,33,8433.386662
22.780586,329,8435.765884
15.641169,128,8438.142203
12.627422,93,8438.887857
21.774054,295,8440.856295
21.858181,292,8441.639245
12.686004,114,8445.63466
17.531641,193,8446.118239
17.159523,158,8446.467961
20.148834,292,8446.796273
12.047795,47,8447.161253
-3.1815634,194,8448.959602
17.819088,295,8451.098651
15.692799,165,8455.167719
14.169783,100,8458.945566
17.40361,193,8461.512122
16.106857,179,8461.87591
-7.6706295,254,8463.25818
20.236897,233,8465.611408
17.732155,169,8466.086968
15.603844,177,8466.56848
11.896035,43,8467.064636
-2.718831,190,8469.289346
19.855057,215,8471.952926
15.833866,221,8477.422194
14.95035,134,8479.43449
20.734205,259,8479.757068
17.295088,168,8487.036652
13.031209,69,8487.525707
22.066422,278,8488.242255
21.13282,251,8491.492222
-3.248496,210,8496.861789
20.744473,239,8497.698232
11.556514,96,8498.468458
15.518883,120,8502.505083
21.38025,311,8503.097942
23.98111,376,8503.653889
-10.073573,6,8503.792167
22.669487,320,8504.673242
22.418869,342,8506.388269
-5.8782415,160,8506.62299
18.968008,246,8506.623051
11.032489,49,8510.434539
14.18791,115,8510.550288
19.73777,280,8512.839439
13.903471,91,8517.098292
15.465672,120,8517.780884
13.660568,125,8518.230817
14.10906,106,8518.789607
15.2510395,191,8520.914939
13.870724,116,8523.958718
15.336413,142,8529.553491
17.911852,174,8530.941198
21.523272,286,8531.367253
22.295567,346,8532.172311
10.887351,32,8533.221648
13.727162,129,8533.441682
21.968956,275,8534.763077
16.862883,177,8539.841109
13.438868,95,8542.254422
16.00782,171,8544.206331
-6.3025346,92,8544.206393
19.116432,236,8545.792521
12.524868,57,8546.604705
20.656982,253,8547.08076
19.361912,414,8555.192106
17.96537,180,8556.304531
11.590728,97,8558.204062
14.719824,159,8563.077759
24.242533,357,8563.1937
21.398026,272,8565.849953
-9.445396,23,8565.850022
13.031029,68,8566.194361
21.043594,288,8566.439729
18.355688,190,8568.304736
19.46915,253,8574.324915
11.652186,56,8574.98544
16.858486,175,8577.064678
14.31659,99,8578.205594
22.719942,406,8579.569609
21.360865,280,8580.277074
12.872057,100,8586.08494
15.596062,195,8586.305754
16.902502,188,8588.013267
15.224009,139,8591.382473
11.565711,50,8594.075274
12.271757,73,8594.739489
14.384365,131,8595.83857
19.779556,229,8605.379343
18.814985,233,8607.332481
21.053925,264,8608.340309
21.148273,374,8610.294124
25.274073,381,8611.505835
4.511945,600,8613.551751
18.731201,194,8614.630407
18.179688,183,8617.594923
11.438009,55,8619.967904
21.282488,302,8622.203686
18.912647,239,8622.421677
-8.052874,69,8625.674245
2.3822563,600,8626.237129
21.494408,274,8627.198039
15.506462,145,8631.491709
11.379624,54,8633.435751
20.912828,263,8636.189214
17.296015,223,8637.522326
-8.652985,238,8638.141403
18.65178,317,8644.465353
17.728907,200,8645.731373
13.8814535,101,8648.11535
20.274742,227,8652.309476
15.350687,127,8653.154016
18.773193,264,8653.154103
15.536718,135,8653.547716
18.417908,248,8655.357546
18.800192,197,8656.63844
20.394392,231,8658.534085
14.988258,110,8666.087812
18.137218,194,8668.721376
17.147469,213,8669.748955
18.197433,186,8670.170078
17.470333,168,8673.244664
19.551493,465,8674.4427
11.350232,600,8678.748858
17.960016,188,8680.629873
16.009586,205,8680.629931
18.529118,241,8681.300657
12.479719,82,8682.675681
16.801895,158,8684.423219
23.97887,308,8688.187641
20.488491,291,8689.206004
16.004827,132,8689.665457
19.550056,219,8695.434835
12.874371,116,8696.242924
15.7013,157,8699.500864
11.885989,106,8700.563192
12.539872,59,8703.007423
16.38832,170,8704.154665
19.28538,237,8706.163919
14.1550045,93,8706.163985
24.549704,346,8708.712113
20.12479,248,8709.273471
11.536446,78,8709.548661
22.9529,345,8709.548732
2.0608683,266,8711.415024
11.365085,62,8716.445238
14.069197,129,8717.82991
19.90123,263,8720.134536
18.885218,211,8723.845621
16.059998,157,8724.3357
15.15583,168,8725.591588
-3.8250637,169,8728.328219
16.857574,211,8733.852053
17.865267,202,8734.671328
20.991344,267,8734.911538
16.527487,190,8738.295856
15.802973,157,8742.410536
17.994541,219,8743.117633
-5.2142715,485,8745.27415
14.392304,106,8746.982329
15.621629,132,8749.252754
21.471405,285,8753.239944
20.184063,267,8756.706126
17.243212,187,8756.820476
18.250153,206,8762.414871
22.48219,295,8762.534315
17.462152,182,8763.691159
14.366609,115,8769.958056
18.681557,231,8772.232484
2.7844725,600,8779.085921
18.989267,197,8779.567747
14.159555,92,8780.648562
23.020681,292,8780.987173
21.471668,278,8781.566379
20.62157,260,8783.46323
19.24252,525,8784.818762
12.831421,71,8787.444172
21.93294,414,8791.339799
20.504475,257,8792.25469
22.27386,289,8796.029222
15.552811,293,8797.648207
17.037626,156,8798.69674
16.192959,141,8799.746364
11.10179,80,8801.493217
18.845882,200,8807.952185
21.046717,265,8810.248529
22.302258,298,8815.543345
12.44715,69,8815.986181
20.716736,386,8817.013285
20.084175,262,8817.715162
17.947487,188,8817.829971
20.079481,338,8820.744979
16.75317,167,8820.875003
-7.9656515,55,8824.349861
20.008568,234,8824.985934
20.035889,225,8825.993969
22.995777,312,8827.686242
17.22558,160,8829.102469
14.937382,169,8835.547067
24.27961,337,8838.205803
16.423107,183,8838.678837
17.087986,208,8840.521798
14.539215,153,8842.329045
13.16028,126,8842.444308
15.012306,158,8843.498503
18.21481,204,8844.95246
19.990261,236,8845.578773
19.975681,222,8847.029699
15.133596,115,8849.102634
11.317365,30,8852.70468
14.085531,135,8854.28407
18.972124,222,8855.442883
22.929073,285,8859.69056
12.138412,74,8862.919502
14.78824,186,8864.606226
11.638934,38,8867.393833
18.541836,197,8868.366631
11.467721,38,8869.055055
16.29338,141,8869.297138
20.754768,246,8869.653081
21.01483,247,8871.639426
18.881718,240,8873.974564
11.515553,54,8875.380064
18.052872,191,8877.863251
24.691383,361,8881.388487
16.133753,296,8882.113008
12.171905,49,8883.736514
15.04047,155,8885.661411
20.25904,228,8886.562842
14.176617,111,8888.45652
19.286636,213,8975.406123
12.401075,129,8977.464315
16.312773,148,8980.343817
16.644476,162,8983.478951
21.125912,277,8985.02102
21.485855,516,8985.264996
13.86251,111,8988.126736
16.763592,168,8989.011237
11.217844,30,8991.705415
24.711342,374,8993.090478
23.889938,335,8994.091863
20.972958,241,8994.707807
20.39616,268,8998.784286
12.969776,98,9005.579795
19.132885,473,9005.935897
18.190903,237,9012.72294
20.218094,258,9013.694344
11.975177,69,9014.073908
20.919716,252,9014.771332
19.973248,222,9014.980505
13.9352,179,9015.726905
-3.5554914,335,9016.485821
-8.685386,37,9017.897393
11.382861,57,9019.257128
18.762466,340,9019.85163
11.515498,57,9020.544403
18.951748,251,9020.889355
17.460995,209,9023.009642
15.269916,157,9023.701382
21.263786,270,9024.402372
11.8635025,66,9026.943646
13.068481,126,9029.197149
13.503544,84,9029.560598
14.081998,112,9030.917281
16.307718,140,9031.827371
17.45342,175,9036.773266
14.5620365,101,9038.748595
17.268084,160,9039.246726
-7.007235,105,9041.654613
15.1674,148,9041.900262
17.386642,162,9042.122337
12.90149,94,9042.955516
15.608185,140,9046.133768
-0.55351925,215,9046.133854
13.3715105,81,9046.363914
22.386658,274,9046.954848
-4.859228,233,9051.100273
11.901103,44,9051.410972
-7.0490303,102,9053.562269
16.71307,152,9056.640436
14.445117,142,9058.740235
18.110512,179,9060.326997
0.1756401,257,9061.129766
15.915122,155,9061.129839
15.72378,191,9064.400371
17.304064,161,9065.132041
12.075779,60,9065.955512
14.735925,120,9067.855399
18.204529,185,9073.326222
20.218014,237,9074.834257
15.477319,126,9075.986035
15.409633,130,9079.588679
15.524256,187,9082.267013
20.93481,261,9087.177527
18.580147,200,9089.13311
14.374472,97,9093.532794
22.342335,277,9093.532867
16.30003,143,9096.194683
19.670544,273,9096.907853
20.808565,251,9097.041587
18.348719,187,9097.744968
25.987892,398,9097.745023
21.531189,265,9105.678719
14.591,110,9109.866923
-2.5307565,549,9110.387486
16.24243,169,9113.287147
15.915732,137,9113.731869
13.167403,71,9113.948855
21.10446,262,9117.843071
20.557724,259,9119.391853
12.66624,81,9119.759319
18.26688,191,9119.983104
24.684933,401,9119.983202
12.273108,71,9122.257058
19.893023,240,9124.320564
21.132168,272,9125.376225
11.901554,63,9127.520329
12.662497,78,9129.031721
20.52386,278,9129.497855
-9.909485,5,9129.609677
17.281136,177,9130.680336
17.176609,181,9134.352821
13.201842,73,9135.882684
-7.1152754,93,9140.203017
12.690752,144,9141.043345
17.473106,199,9143.268531
18.067938,189,9144.280855
12.8390875,78,9144.995894
13.3791065,76,9150.061406
19.555286,239,9153.409634
16.104929,307,9153.84494
18.347553,185,9156.295041
13.90854,102,9157.221261
16.862324,151,9158.169065
21.251095,331,9158.425076
25.593609,387,9159.297911
-6.8984737,254,9159.5592
18.335167,308,9166.931106
11.997944,68,9167.313751
14.398371,143,9170.664538
14.706139,120,9172.197895
15.963002,132,9173.741127
17.182224,177,9176.976398
11.581604,87,9177.313177
22.216234,290,9178.547232
16.158245,149,9184.56958
22.821022,297,9185.27067
12.572629,109,9185.270764
13.807579,117,9187.960052
21.680483,259,9190.15554
14.931994,113,9190.973156
22.184776,285,9190.973228
24.533503,352,9195.14653
16.889324,168,9197.165078
12.402014,58,9197.880475
12.351587,91,9201.701827
15.290272,130,9205.383808
18.762066,527,9205.633129
11.307434,40,9206.294338
17.801918,181,9206.539022
17.689587,178,9208.761404
16.101967,327,9209.338936
14.038549,278,9211.452133
21.407284,282,9218.33792
14.623592,114,9219.937393
-4.292055,142,9222.129954
16.287277,145,9223.417861
-2.4130874,335,9224.042879
14.334072,112,9224.728027
19.868338,281,9227.96188
11.3986845,35,9227.961947
-2.1868262,289,9231.685298
21.30941,297,9231.916624
16.719467,217,9234.300358
14.229576,94,9239.055865
17.124424,215,9243.758554
14.886029,108,9244.661815
18.114311,182,9244.802924
17.602276,204,9246.121735
21.975143,349,9246.720498
16.82175,187,9246.720557
22.926636,332,9248.405254
15.129987,123,9248.771224
16.53077,157,9250.116251
18.502722,211,9252.878396
11.693804,39,9252.995558
13.600419,109,9256.498133
13.1902075,103,9256.758988
22.785503,317,9257.199791
14.974359,125,9263.514842
19.968216,221,9265.185455
15.052819,153,9268.169538
17.784733,187,9268.690587
19.517405,247,9273.856183
14.039127,97,9276.640622
14.443773,122,9277.947767
18.115498,185,9278.404551
14.784258,181,9278.682112
17.858227,237,9280.900784
14.136915,112,9281.500696
20.224733,273,9285.311717
20.307724,246,9285.91907
14.487252,102,9286.028606
16.64006,167,9288.439137
13.589863,104,9290.143397
18.186703,180,9299.858921
-3.5235724,466,9300.984981
15.033766,112,9301.530779
14.575008,146,9302.361449
17.635809,211,9305.502978
16.794851,172,9305.972064
20.72086,265,9307.70015
19.436916,232,9308.616959
20.27332,242,9314.069002
14.906361,110,9315.167334
3.766816,600,9317.169981
14.606991,147,9318.739781
21.508224,265,9321.159923
26.39499,366,9321.279938
11.219132,29,9322.078893
16.366888,142,9324.344894
19.139385,216,9325.079331
18.666008,222,9326.921899
17.449524,200,9329.014838
-9.506326,20,9329.279101
14.594927,130,9332.429623
17.18599,162,9333.157115
11.277793,44,9334.174053
15.977976,143,9337.842013
15.345913,118,9338.803873
17.484734,174,9341.472514
22.629566,344,9346.096637
13.864691,86,9347.816174
-4.5009465,139,9348.4922
21.153065,292,9349.223731
20.32185,240,9349.984965
13.61659,81,9355.588028
12.162143,72,9356.870059
22.836033,283,9357.240071
19.667591,217,9359.225635
20.512096,245,9361.296453
13.188948,73,9365.125345
21.618832,325,9366.750015
20.468544,246,9367.0969
17.003132,179,9369.823181
21.106976,258,9371.367956
23.101404,560,9373.655223
-6.5288334,159,9377.393383
22.830456,287,9380.806964
12.919386,91,9381.7701
14.803534,132,9382.401416
21.97791,285,9382.855924
16.794569,165,9384.266819
20.244421,243,9385.161133
17.76836,209,9385.545789
13.013814,73,9390.563549
-2.48877,191,9391.546231
13.858103,87,9393.939111
23.060905,320,9403.255155
18.820122,194,9404.756226
13.917591,166,9409.562831
21.537735,256,9410.936867
16.315578,165,9412.886438
21.174725,283,9413.132472
24.66522,350,9413.613944
21.922157,262,9415.321307
22.613476,338,9416.130105
15.294817,151,9422.397076
22.402002,281,9424.126864
8.432969,600,9424.591845
13.4816475,115,9426.719058
15.896673,157,9429.396193
25.838629,384,9429.396269
12.469886,57,9430.888245
15.726311,152,9430.888302
15.285306,136,9431.493833
20.607304,289,9437.273736
18.088692,186,9438.233129
12.663361,97,9440.9269
13.147997,136,9445.38027
13.172484,88,9448.423574
21.709194,297,9448.539777
20.30392,338,9449.193575
16.888714,167,9450.335868
14.500603,124,9451.600362
15.359853,178,9452.160723
11.887796,46,9455.733681
17.60235,268,9458.089854
11.549942,52,9458.328955
21.725952,298,9459.54808
14.857813,115,9461.932612
19.535236,339,9462.307992
16.059294,270,9462.592676
15.670343,189,9463.064896
14.534225,149,9475.550421
14.789297,180,9476.89279
16.66988,161,9477.243231
19.064459,236,9479.423278
13.85906,149,9479.42334
17.11177,165,9481.530867
23.454866,350,9490.237411
15.74999,128,9490.588754
21.830055,277,9494.97203
21.430233,302,9494.972091
22.430214,277,9495.444067
14.382278,151,9499.549177
23.756607,469,9500.59037
11.878604,52,9501.727984
18.335503,219,9502.837584
19.323753,223,9505.76993
20.172398,230,9506.574413
13.103741,102,9511.484513
23.474312,301,9512.794468
5.862259,600,9519.159771
16.704926,245,9519.273309
16.784956,151,9519.511788
17.757486,220,9521.020602
16.427155,201,9524.218054
15.201223,140,9527.946925
13.546241,131,9528.202739
11.972933,91,9530.217174
23.59517,337,9530.481252
11.4538145,40,9532.741335
15.597721,136,9535.402076
20.282501,352,9536.773226
20.01609,277,9539.316206
12.769556,81,9539.893575
15.888811,165,9540.620639
21.559814,295,9540.620717
13.936693,98,9542.250461
13.290312,76,9544.479108
16.614864,178,9545.366148
11.427831,39,9549.863736
20.806614,270,9551.029394
17.214241,163,9551.952109
13.007305,69,9552.451869
14.372242,120,9553.98131
15.893459,137,9633.727455
15.920736,201,9637.281778
17.262394,180,9637.384598
-2.934308,511,9639.986093
18.778519,195,9640.453719
24.207487,320,9642.888447
16.812117,170,9646.755448
12.880485,96,9648.472145
11.553081,49,9648.582584
21.20865,285,9652.454972
18.43745,215,9654.096097
10.797002,21,9654.934149
16.240454,167,9656.889971
16.472141,169,9659.74152
19.518822,229,9660.387209
16.79727,312,9664.379482
24.548494,327,9669.155429
17.24625,176,9669.155515
14.611053,208,9672.821071
13.404393,85,9674.436987
21.929695,317,9677.458902
21.615202,413,9677.725013
19.178844,267,9677.970365
21.64625,256,9684.967661
13.980119,91,9685.182228
-8.172258,220,9685.554742
16.250853,143,9686.029198
15.461662,180,9690.350133
13.441008,128,9692.74785
22.84935,287,9694.068633
19.476833,381,9698.807031
19.923298,223,9699.028184
14.472061,123,9699.996422
15.483472,128,9700.217484
12.229193,63,9700.217543
17.536583,201,9701.167016
15.668613,130,9701.272212
13.967066,122,9708.398317
22.801857,287,9711.75358
13.934735,95,9712.444528
14.594735,114,9713.629358
14.571596,126,9714.832788
14.761862,116,9714.832865
21.640142,267,9716.384429
17.57399,174,9719.552938
13.279266,72,9720.287577
21.703112,290,9724.505029
11.324568,48,9725.176503
12.777566,600,9727.473576
14.455624,99,9728.062533
12.728656,84,9730.250846
15.0938835,259,9730.920046
18.700127,194,9735.401709
12.637454,59,9737.198747
21.609684,264,9739.696975
20.052475,224,9740.142344
16.282253,138,9740.872966
-5.724545,148,9744.914068
13.169531,77,9746.234834
16.205788,149,9748.42324
24.721014,422,9748.676699
14.934441,122,9749.851129
18.757515,193,9750.905328
20.632952,236,9753.258578
12.626883,60,9755.855732
10.939207,65,9756.21388
11.844181,52,9757.15969
16.696146,150,9757.51783
14.9922,146,9757.517885
15.599298,144,9758.022052
11.601542,44,9762.613368
13.616068,93,9767.017828
13.950556,88,9772.824639
15.812797,140,9773.388283
16.482016,153,9775.759333
20.06715,224,9776.115103
18.013073,201,9779.314484
22.54452,295,9779.650378
17.185751,213,9782.337
2.2461336,600,9785.486306
7.1560574,600,9785.486388
22.172647,277,9785.609186
18.240107,188,9789.023514
18.09341,180,9796.889348
18.685589,203,9799.978205
21.7117,255,9803.478354
17.172516,157,9804.1834
19.908554,232,9807.054229
13.942211,523,9807.934698
14.073647,105,9809.511769
-8.177535,46,9809.731302
16.35207,218,9811.344405
15.824129,278,9812.139243
21.849052,274,9814.780802
11.500223,64,9816.979029
15.555802,148,9817.576564
12.827513,77,9820.383335
21.33822,265,9820.383395
-8.442108,154,9825.216479
15.468071,140,9826.167543
13.460497,77,9826.670861
26.416517,354,9827.41239
17.568394,179,9833.277908
20.465397,235,9835.551771
15.558025,130,9835.66502
20.24139,277,9836.157631
21.778584,548,9837.511445
17.665129,169,9840.340834
14.706533,137,9842.371154
20.798483,242,9843.331179
20.368347,226,9843.671833
15.35231,216,9850.70864
16.004942,132,9851.325679
15.771359,130,9857.495211
-8.032363,72,9859.69294
14.291358,142,9860.286661
21.749216,287,9860.41595
17.659496,224,9861.963692
10.8133955,21,9862.17188
18.782291,301,9862.797092
20.279789,228,9863.051443
20.097359,309,9869.644238
13.297532,86,9870.408885
20.731998,240,9871.447121
13.738749,85,9872.992348
14.742258,120,9874.506538
22.350132,334,9876.826069
24.765182,347,9881.255611
17.986942,201,9886.013261
16.601318,147,9887.287987
23.273664,316,9888.275199
20.676506,237,9890.489626
19.812286,238,9891.158155
-6.419592,85,9891.471813
15.584473,157,9891.823735
16.040491,178,9892.736549
14.520432,112,9899.034475
14.185075,94,9899.168854
-7.6833596,65,9900.325191
19.289543,244,9903.533215
15.993727,150,9904.809182
26.691801,406,9905.715452
21.438156,297,9905.715511
14.840525,124,9905.715522
12.390581,93,9910.074484
12.050431,50,9910.787931
17.665184,171,9911.970879
23.139885,306,9913.070802
18.912785,215,9915.69642
14.536239,103,9915.69648
12.990288,160,9917.99827
12.778051,64,9919.356042
10.87939,22,9920.537725
16.110027,177,9926.384677
15.269596,120,9927.107023
17.450275,187,9927.574137
12.881457,66,9928.237852
23.567791,316,9928.466778
18.68237,213,9930.486569
16.479185,169,9935.371641
19.782455,227,9936.563181
20.79969,326,9938.559535
20.659195,266,9941.84425
15.719683,128,9942.088772
12.995245,119,9942.221785
12.254377,65,9943.030107
16.39425,156,9944.621601
16.867203,181,9948.716326
15.119923,124,9951.113526
22.603502,275,9951.605834
14.226105,117,9955.976811
14.230098,123,9956.563328
12.257759,54,9957.527799
21.217693,264,9959.498496
23.202063,381,9960.315689
16.905579,155,9961.288619
16.613287,188,9966.637444
12.70037,80,9970.624273
17.219812,190,9971.097778
22.061295,279,9971.31208
26.312494,370,9974.014215
11.198878,28,9974.356287
13.46018,78,9979.748382
15.036125,112,9979.88518
19.500385,245,9980.365324
-8.183537,85,9984.251878
19.18375,249,9985.624234
12.722233,64,9987.250481
21.257324,278,9988.450315
16.402645,162,9990.182163
20.581055,269,9991.757207
15.880266,130,9994.971353
14.494934,128,9995.317361
23.393112,315,9996.424563
15.342253,508,10001.408184
21.286882,254,10003.715547
23.72068,435,10008.372249
15.4872875,158,10008.697134
18.222712,186,10009.052095
16.087128,139,10011.519508
17.199764,175,10012.224313
14.884972,155,10013.098452
19.466526,221,10014.408224
12.166466,50,10015.008824
-7.7083635,78,10017.941016
20.43655,287,10017.94108
11.988913,58,10021.78187
18.591393,227,10022.953531
17.339405,172,10023.870047
14.554178,110,10030.572652
23.719248,393,10031.475578
-4.4684167,200,10031.585783
17.815315,197,10034.944
19.040363,215,10036.331124
19.430508,206,10036.75983
21.996061,327,10039.059679
-2.9550543,187,10039.192612
14.364269,153,10041.123166
14.81102,112,10044.166337
18.97955,201,10045.865106
19.44453,225,10047.494499
16.647047,170,10050.039261
17.162628,166,10050.62716
16.285475,152,10052.377725
17.263477,172,10056.00939
16.896505,171,10058.776742
14.108208,99,10061.327874
14.816473,106,10062.740978
22.2664,432,10064.065958
21.431986,262,10066.902282
20.077381,226,10070.187065
21.036114,256,10070.65173
19.368328,218,10070.87736
-9.801681,8,10071.132749
15.167625,119,10072.536064
-9.729771,17,10072.886644
-7.5597143,62,10074.01771
20.305866,314,10075.404994
12.024395,49,10076.297685
14.156492,130,10077.675306
22.089745,276,10079.16518
13.74441,149,10081.129521
16.327354,180,10082.104574
13.174155,261,10082.458507
11.08476,27,10085.308562
13.083555,83,10085.98952
14.97039,117,10086.098189
-8.990641,25,10089.147496
17.377401,164,10090.289824
12.915088,93,10092.117959
16.962282,156,10092.249419
22.86813,326,10093.933269
17.86541,184,10096.98515
11.938577,45,10099.160661
17.993227,181,10100.409179
16.170033,142,10101.86781
14.795532,114,10103.471056
22.289387,275,10104.894224
13.095072,80,10106.149755
13.233742,74,10107.689902
12.980807,73,10108.919894
21.795101,275,10109.887932
11.640076,38,10112.187801
17.713825,178,10113.051715
19.99343,226,10115.58573
19.069601,253,10115.701178
15.767603,130,10117.094198
13.138209,74,10117.544952
21.61124,312,10118.961148
15.406862,134,10119.196307
-9.27384,49,10124.957399
17.199265,161,10125.070477
12.944596,66,10125.311717
12.603411,106,10129.488905
16.961098,159,10130.738121
11.827224,67,10132.685476
16.038177,135,10134.681396
20.558279,242,10138.024621
20.76412,240,10140.914855
21.971054,270,10146.90673
22.638035,279,10148.04548
19.448513,217,10150.502725
11.275507,31,10150.502785
17.849743,393,10150.708893
21.854172,510,10151.501756
17.382246,163,10151.639671
19.152348,209,10153.726966
17.383884,201,10154.108914
15.788034,127,10155.744664
12.07947,48,10161.350045
19.069881,206,10162.074722
13.478958,84,10163.954725
16.089996,135,10166.277224
21.030655,276,10166.827024
16.272003,143,10168.23871
21.732634,375,10168.675488
11.807108,96,10175.086824
20.192804,222,10176.394802
11.86735,88,10178.496069
22.247261,271,10179.74121
-9.214972,25,10181.505008
17.447254,257,10181.72605
22.008228,273,10182.703737
20.715591,253,10183.416483
15.881177,136,10184.713666
19.156595,201,10185.698137
20.415565,230,10188.429417
19.552269,212,10191.209973
14.465797,102,10197.59212
13.91857,89,10198.827334
21.617882,273,10198.967654
11.397385,37,10202.060094
16.936865,153,10202.73908
17.441004,199,10203.20925
12.981747,68,10206.863155
21.11153,265,10207.638011
15.111532,235,10209.154912
22.680332,295,10209.847466
-9.554389,13,10210.685642
21.667606,259,10212.295332
13.42015,98,10213.570063
13.419117,81,10217.203777
14.585868,108,10310.269507
18.050377,177,10314.072222
18.508224,191,10316.082128
20.459623,235,10316.975278
16.547396,146,10317.475154
22.167492,371,10317.475215
18.726242,383,10318.178325
23.908432,314,10318.505297
-5.478208,169,10322.42157
17.0248,183,10325.450745
19.689907,232,10328.400721
14.85685,113,10331.805296
15.981741,133,10332.649457
17.014301,154,10335.552341
16.99108,154,10336.214911
21.840054,259,10337.913967
15.836062,140,10338.878162
18.491982,224,10343.717633
13.736502,247,10344.99521
-6.5789995,82,10345.772053
23.465927,309,10346.117397
15.388361,125,10346.360157
13.504784,84,10347.778898
19.854687,225,10351.72419
22.945335,325,10351.968104
13.311021,73,10360.672028
18.372952,188,10361.01537
1.9608517,274,10364.698531
20.659086,254,10365.269616
14.279324,117,10365.482123
17.021318,169,10365.973334
18.38869,190,10367.245584
17.611391,204,10367.575785
22.741444,351,10369.446474
19.253086,212,10371.309686
14.334263,104,10372.825073
-8.6344795,73,10373.310475
19.841549,229,10374.685655
15.818878,136,10376.881541
15.203351,117,10379.328505
13.993648,114,10381.089247
13.381222,79,10382.662409
14.431322,110,10387.851348
18.737963,193,10390.284855
16.668964,171,10391.799033
21.151224,245,10394.459163
15.631831,132,10395.181971
11.224553,33,10395.673463
14.084467,126,10396.256375
21.735453,264,10397.461419
15.826724,133,10398.595953
18.386425,224,10399.523852
14.425968,101,10399.878135
12.96845,68,10403.127661
13.817795,86,10406.28499
18.90112,311,10406.416584
13.939893,89,10407.852473
21.237526,270,10409.040162
15.2866335,117,10413.63713
17.941732,176,10416.392824
18.379646,186,10416.392881
11.090741,600,10416.74031
14.872835,137,10419.413284
19.208984,214,10423.934243
12.713839,67,10424.718983
23.1623,298,10425.608884
17.069317,181,10429.393446
17.54192,170,10433.804831
20.793297,310,10436.18085
16.317856,144,10436.424194
15.326653,136,10440.027207
21.7929,288,10440.458805
15.837564,130,10440.9295
18.963617,216,10442.054399
21.346725,282,10442.516875
19.041512,221,10442.651315
21.747398,334,10446.094094
13.593269,91,10447.044577
13.748926,86,10450.089474
13.278158,86,10452.521878
17.199482,164,10453.128179
12.666246,61,10454.10206
14.785925,120,10456.70912
-9.033067,65,10460.18254
15.425777,127,10460.882711
18.35426,210,10461.122908
21.814579,326,10463.130676
13.513072,82,10463.715748
13.037618,77,10465.667393
19.63034,219,10466.588131
11.936793,46,10469.017603
13.003298,79,10470.320091
16.80358,155,10471.275771
17.977274,194,10472.851028
25.391506,386,10474.764448
15.778525,145,10477.214604
20.263971,336,10479.955461
15.899463,129,10480.874598
23.8208,337,10481.558842
17.01362,154,10484.781225
16.830393,187,10485.137051
22.4386,293,10495.441784
18.285297,179,10495.92721
19.772728,241,10497.533373
10.793336,42,10500.819106
21.415546,257,10501.661414
17.647182,180,10502.119369
18.474472,201,10503.64655
21.957426,265,10504.119024
23.133455,294,10505.069822
19.954212,245,10506.099091
12.47551,60,10507.887321
11.475962,41,10508.945968
22.220636,272,10513.509104
15.690283,130,10516.849119
-4.266473,190,10519.857103
17.669132,305,10521.032433
18.198318,182,10523.43845
21.505253,342,10525.008831
13.927404,117,10527.434661
12.463665,64,10527.434729
19.234734,208,10528.095699
18.265839,222,10531.153702
18.81321,224,10534.223855
17.782444,337,10535.070809
17.537592,173,10537.314151
15.118646,121,10539.265121
16.55182,167,10540.660281
16.056507,151,10541.259492
11.700142,60,10542.128681
17.383793,167,10546.999693
23.1433,349,10547.118945
24.37857,329,10547.585617
16.774143,175,10547.957741
16.167618,171,10548.212202
13.802057,88,10551.683186
11.721829,42,10552.710058
17.787996,182,10552.710112
17.551954,168,10554.115428
13.939668,112,10560.399109
15.077685,159,10560.868858
12.437845,77,10561.751447
15.870485,138,10568.810903
20.14184,260,10571.231807
17.964739,201,10571.810076
24.020283,317,10574.468084
20.351229,249,10576.224501
19.075092,222,10577.614139
21.388752,334,10578.521539
16.342684,166,10579.802963
16.524698,162,10579.80302
19.746109,230,10581.032669
22.247803,284,10581.412264
-9.090172,33,10585.346642
13.981315,88,10586.730064
19.187138,216,10587.065573
-4.8842816,145,10588.380298
11.463075,36,10591.036014
14.604013,110,10592.855851
20.92122,253,10601.742021
18.764,199,10604.518594
19.38853,229,10604.759723
17.89101,174,10605.842011
11.507519,38,10609.012818
21.12645,259,10609.162082
21.129995,256,10610.146788
19.58865,216,10612.491881
18.441166,187,10614.810403
25.937576,350,10615.817975
19.295666,212,10615.935488
12.767857,65,10623.365873
24.850899,465,10623.480981
15.065787,124,10624.516481
13.21786,102,10627.854437
11.659998,40,10629.280907
16.847939,172,10629.280963
20.125608,234,10633.235682
11.195187,64,10635.331227
11.762053,62,10636.429857
22.861633,288,10638.470134
16.862587,151,10641.225246
22.40614,285,10642.465979
13.050358,88,10643.629322
20.15666,256,10644.900787
16.393028,155,10647.525557
26.468824,390,10647.525618
19.399881,513,10648.663191
20.072453,230,10650.360779
14.454036,111,10651.526431
13.028577,89,10651.635646
15.57837,147,10652.596832
-9.553705,16,10653.551145
22.450043,368,10655.592374
15.810371,137,10659.445301
19.271885,215,10661.427084
16.40626,169,10661.914983
14.914064,111,10663.10501
15.390379,161,10663.465788
14.470057,101,10664.195048
14.373919,99,10664.948781
13.063316,71,10667.782655
11.716753,41,10668.032718
13.61804,149,10668.813573
19.147562,202,10670.962169
15.594564,144,10672.399098
12.839521,66,10675.53297
11.656773,39,10676.956155
14.236362,101,10680.657965
16.757614,163,10681.117668
22.447027,307,10683.199331
17.907454,186,10683.306224
-2.7128525,173,10691.058429
15.064904,123,10691.160872
13.770325,95,10691.616372
19.570171,229,10691.616425
13.823923,105,10693.279426
20.857574,253,10693.749656
21.144695,391,10694.148031
17.21252,176,10695.976007
15.894085,145,10699.983595
-5.0172825,148,10700.433794
22.704105,300,10702.805494
24.19283,344,10703.538747
15.823067,152,10711.618289
17.695372,178,10712.223859
14.3865795,106,10712.67754
17.047293,157,10714.037189
15.876701,137,10715.787812
18.59974,200,10716.345443
19.685972,211,10718.084294
20.583076,256,10720.593044
21.424068,265,10721.738256
13.815876,112,10725.439955
22.612825,300,10726.099174
15.851982,132,10726.661117
12.640228,61,10727.478307
19.19092,225,10728.700083
18.921875,250,10732.406042
16.426016,147,10733.292224
16.272177,139,10734.182886
18.18533,184,10737.122777
19.12775,203,10737.584794
14.416363,103,10739.693178
12.875062,106,10744.782721
16.546331,160,10744.893749
-5.793211,161,10745.66672
18.242672,211,10746.370412
-9.639636,12,10747.080844
14.96006,115,10747.682455
20.904068,317,10749.06722
17.130123,181,10750.083206
-3.3888083,157,10751.725475
12.183266,50,10752.188997
13.007072,71,10753.121008
11.429942,37,10754.325237
11.733292,45,10759.541105
19.610111,218,10763.067573
15.779765,160,10763.590472
16.223076,146,10764.079839
12.045387,57,10769.593694
17.004948,183,10770.283185
14.465723,125,10774.06976
21.250425,439,10776.829852
-9.15326,110,10776.942712
20.96566,262,10778.223695
24.336807,366,10779.829382
-4.4177628,359,10781.541708
-1.9616051,283,10786.118533
23.540928,311,10787.985082
15.269676,118,10791.927438
-7.413828,90,10792.05018
24.716894,348,10792.772634
20.21349,261,10794.033269
12.038871,135,10795.528344
15.809401,172,10796.820554
-9.99656,2,10797.069773
11.98915,47,10797.377068
12.645275,71,10801.058118
19.799946,242,10802.410731
19.388096,223,10802.968313
-9.0338545,44,10806.153843
13.630465,83,10807.135509
22.720432,329,10808.048525
15.511018,127,10808.902124
17.0083,211,10810.849113
18.47316,201,10811.591723
19.416143,360,10812.561885
14.829011,112,10815.59924
18.66334,194,10820.049034
14.40288,117,10821.127659
15.294514,120,10823.234944
16.973154,274,10824.428792
-8.229249,47,10825.63738
17.29231,201,10826.869395
16.043636,135,10827.674567
22.307308,278,10828.478014
12.458876,55,10833.116373
13.239281,73,10833.984831
20.265423,230,10835.171564
17.099482,169,10835.391686
-9.559839,13,10835.513422
18.845509,228,10837.710254
16.11949,217,10838.036747
22.492023,282,10839.455513
11.59789,41,10840.005173
14.204624,95,10844.216674
19.537893,212,10847.869448
16.136951,142,10851.988703
-4.936026,141,10854.095613
19.003979,259,10854.561807
14.233455,94,10858.855867
22.488045,277,10859.850492
17.779352,180,10860.436246
-2.8261132,217,10860.874128
25.015076,346,10861.476448
12.816515,290,10862.244506
17.67422,176,10864.885996
12.632622,61,10866.20861
-7.8311615,64,10869.195912
12.832899,82,10871.982057
15.216753,124,10875.5525
23.828333,310,10876.296467
18.800957,209,10876.551847
20.002907,236,10881.749677
14.578751,112,10882.102103
12.674515,63,10883.854858
24.935516,410,10885.931157
20.303556,228,10886.495132
20.299025,239,10888.398689
14.738856,108,10888.894362
22.933592,303,10890.020287
19.138458,217,10891.433174
-8.70064,45,10981.645226
20.666924,268,10982.5161
-10.0,1,10982.643069
15.333086,120,10984.27612
14.628191,105,10987.007423
21.6309,272,10989.857656
12.089734,51,10990.104589
15.717438,192,10990.468747
18.625069,197,10991.408632
18.679192,256,10991.656996
11.256207,34,10994.012555
16.393677,144,10994.494647
17.694437,169,10994.837386
20.743076,237,10999.758641
19.481037,241,11000.812874
13.387522,93,11001.156689
15.258778,118,11004.946722
13.549228,93,11005.519823
17.289581,175,11010.098439
21.130653,246,11010.098501
20.482807,236,11014.270354
14.026958,101,11017.270025
17.259827,309,11018.374033
13.245979,79,11019.299769
13.522911,82,11019.641473
20.672092,248,11020.359979
-5.9764423,165,11020.360031
16.29444,154,11022.918662
20.800762,256,11023.775033
20.421974,243,11029.213983
0.6800871,255,11029.539688
14.331911,99,11032.072133
17.091682,158,11032.854337
25.342995,340,11034.195846
-5.4362674,125,11035.154271
-7.5895762,138,11035.623357
16.645155,166,11039.158662
13.111813,95,11045.298735
15.165944,134,11045.2988
16.217743,138,11045.439584
13.232246,89,11046.044785
15.762427,189,11046.04485
14.58787,133,11047.746569
-5.1374645,267,11049.870884
20.617336,239,11051.200596
22.55489,289,11051.417261
-9.090249,41,11054.664652
11.2432165,43,11056.152173
14.821724,105,11057.797363
18.382038,201,11058.782143
14.294561,114,11059.44109
11.088953,52,11060.736781
17.087711,185,11060.975802
18.40839,268,11064.358098
14.979335,133,11066.906808
13.419744,78,11069.819797
16.030481,149,11073.576537
20.733002,247,11074.285444
14.74714,142,11075.328812
16.851786,159,11076.379756
13.955151,96,11081.17746
12.585305,61,11081.55937
23.89809,309,11081.675399
20.681957,315,11083.039772
15.621685,144,11083.875004
23.460413,324,11085.78661
13.459272,97,11086.865443
20.485111,236,11087.22955
11.706911,67,11091.876726
21.343124,272,11093.060015
13.131181,85,11093.172596
19.800394,246,11093.38019
-7.068433,108,11093.907869
16.738455,175,11097.061538
14.402642,120,11101.374223
13.250559,74,11101.745808
20.78188,243,11102.363435
16.34235,141,11102.465602
15.251392,128,11106.785532
13.928547,89,11112.742964
19.601593,269,11113.233438
14.236809,101,11113.233496
17.605808,193,11115.83175
20.958582,279,11119.635826
12.463193,67,11121.122631
18.990385,238,11121.885244
23.335415,352,11123.11594
21.327065,257,11123.583919
20.10639,235,11124.773889
22.311266,275,11134.831954
19.4909,238,11134.941289
14.572403,106,11136.099744
14.531469,109,11137.663958
17.135727,158,11139.752839
22.52171,342,11141.974134
21.785362,263,11144.196977
13.255558,76,11144.987474
18.729029,244,11150.537195
14.9519005,117,11151.259347
24.42276,340,11152.666468
16.723095,166,11154.389076
-9.804344,15,11156.166832
22.495283,354,11161.356748
23.90886,326,11161.496011
20.649384,248,11163.879054
17.045359,165,11164.317394
25.300928,430,11166.332367
12.616329,84,11171.206459
14.867608,130,11171.326754
20.523228,253,11173.767121
21.178064,278,11174.433304
11.597805,80,11175.653301
24.20634,320,11177.149926
19.4672,210,11177.254994
19.923058,235,11178.719367
11.601137,53,11181.782882
11.910761,76,11183.311856
12.209133,72,11185.650971
14.119534,211,11185.914557
16.05804,143,11187.960099
13.468395,208,11188.177733
16.410475,143,11193.834128
17.73538,173,11193.951511
21.004868,259,11194.58176
12.800424,78,11197.294141
15.510862,132,11201.355677
15.483931,179,11204.292681
11.036485,92,11205.336213
13.399241,150,11205.441634
19.025238,238,11206.624851
21.844994,303,11206.740797
17.73255,223,11207.961688
15.055088,126,11208.779119
14.773819,130,11212.498264
12.468994,56,11213.180734
16.38785,172,11214.023212
21.733734,264,11216.566596
13.886606,108,11217.93697
4.104727,600,11220.774964
14.878578,111,11220.883244
-7.4618716,68,11221.904302
19.549957,242,11229.638293
13.569449,80,11231.196677
16.42856,180,11233.321928
20.816278,254,11233.79523
15.8651085,162,11235.294789
22.957,293,11239.597252
19.520012,222,11243.713515
-0.4878273,336,11245.796899
13.950623,109,11247.943747
23.8527,308,11248.855273
16.618814,164,11250.148237
12.2575245,59,11252.651375
20.42252,278,11253.136123
26.410952,383,11253.274504
12.712726,63,11256.210815
18.865122,202,11256.764796
16.490446,149,11256.764867
12.603749,61,11257.211903
15.207098,143,11260.250022
19.04177,242,11261.856435
21.559978,302,11264.55678
22.879288,403,11267.505742
16.784285,200,11271.248944
13.736986,104,11272.485094
17.344576,175,11273.0865
15.19656,150,11274.342494
14.003368,88,11274.930042
16.45801,161,11275.060823
17.23477,178,11277.62298
18.428066,193,11279.811694
20.806618,245,11281.758794
13.764194,102,11286.138577
17.229065,169,11287.256616
20.450176,234,11289.290069
16.888561,157,11289.642663
20.799065,315,11289.898139
13.958092,102,11291.769153
-7.5259085,161,11291.889637
12.916558,68,11295.238588
11.9306965,56,11296.428821
12.687602,65,11296.914222
19.04256,200,11298.423401
13.781433,85,11301.790608
21.402544,276,11304.774236
21.489258,260,11305.382232
16.264545,159,11308.300164
14.745945,170,11311.599871
23.563091,311,11314.066365
20.646158,237,11314.066426
22.027533,295,11316.43838
11.274702,41,11316.560188
14.613129,107,11317.982582
18.926903,196,11319.963898
15.755183,133,11323.783842
18.304905,260,11326.77663
-6.4057965,81,11327.2419
14.081458,94,11327.373359
16.010187,138,11329.977804
22.056822,300,11330.22678
20.18185,249,11330.785354
-8.590858,38,11331.584838
22.7859,290,11332.179652
12.085246,54,11333.531124
15.501022,120,11333.652804
19.241924,206,11339.960007
16.321281,147,11340.531505
22.936611,314,11341.010334
15.6203,128,11341.357644
20.231155,251,11342.871116
-9.549302,37,11344.231298
-6.3540583,118,11345.106048
-4.1661105,134,11345.563265
12.134571,51,11347.227094
16.255543,139,11349.486792
18.032545,182,11353.118973
12.738073,70,11353.684733
17.657478,177,11354.032495
14.970171,121,11354.581156
20.91236,249,11358.549788
11.921869,45,11359.688613
12.194759,55,11360.264573
17.757027,174,11361.065464
16.31396,141,11361.310167
14.174599,97,11364.278825
21.598993,303,11365.634318
13.759443,84,11368.185923
12.695178,76,11368.414234
20.330086,232,11370.915946
16.587666,158,11371.75477
14.545494,99,11372.448789
22.581135,322,11380.038418
-2.3239198,284,11380.038483
22.195248,270,11380.623327
14.941004,110,11385.327441
16.304768,146,11385.459861
16.146385,135,11387.558488
17.933613,186,11389.964257
19.073578,266,11391.250981
14.78125,106,11392.51311
22.050251,268,11395.404641
16.11493,145,11397.090079
20.475191,237,11398.7113
22.885788,319,11402.662048
19.026196,213,11405.488617
19.702549,220,11415.58284
20.124268,252,11416.988998
20.126343,230,11418.055135
22.577072,280,11418.055196
17.743904,202,11418.899618
16.46053,168,11422.30628
22.644186,334,11424.338343
21.207817,274,11424.338398
17.289915,182,11426.761363
14.345346,96,11430.18983
-0.084170915,600,11431.268552
15.303547,146,11432.689107
22.3364,293,11432.893933
15.499481,141,11433.483496
-9.3146,74,11441.429339
22.7152,387,11442.379352
16.756496,170,11442.379411
19.464912,217,11443.525661
17.472382,167,11444.136178
13.656662,95,11444.136235
21.312016,253,11447.651736
-9.072485,182,11452.475346
15.947725,133,11456.787554
16.324215,144,11458.996382
15.682032,133,11459.471164
20.801441,301,11459.596261
-9.622784,46,11462.151167
17.780777,173,11462.36395
22.864605,296,11464.681116
18.309649,184,11465.351027
26.749544,368,11469.605
-8.130616,94,11469.849912
10.910308,50,11471.175223
13.333843,81,11471.802736
17.858305,203,11476.08726
17.162552,156,11477.633981
16.183208,160,11478.188405
13.320398,80,11479.283598
23.011883,317,11480.328149
15.285852,128,11484.867293
11.950232,51,11486.566606
10.872323,25,11487.814292
18.494112,230,11489.16047
25.887272,357,11489.373737
13.304468,88,11489.72196
22.398697,499,11491.911822
11.680571,42,11494.8255
-9.467972,16,11496.749152
-8.535633,41,11496.879199
17.079039,164,11497.274328
13.033912,92,11498.889516
18.679565,191,11501.130384
21.600895,316,11502.153053
22.889378,287,11505.233592
13.284902,76,11505.65205
22.90983,288,11505.888503
12.048466,93,11508.09942
10.966894,23,11510.742309
18.187668,186,11511.095191
15.489634,202,11513.166327
20.154997,233,11513.88083
-8.32032,42,11516.015149
15.721832,135,11516.714951
-1.5363102,381,11521.090144
16.885757,152,11523.727505
13.946181,93,11527.029796
-7.2786574,305,11532.778423
20.51387,231,11532.89329
13.715751,83,11533.616023
17.355347,169,11534.003617
21.803406,276,11534.633007
23.774471,329,11537.434998
13.986348,99,11538.766813
12.746363,63,11541.238619
21.369972,254,11543.169759
21.28027,277,11543.413851
15.377262,123,11548.928064
-2.9948697,175,11553.339186
27.576921,420,11554.472131
21.748886,323,11558.959022
16.521683,147,11560.521043
17.434973,194,11561.348892
12.740233,75,11563.18748
-3.1362886,262,11563.313406
21.247105,260,11563.933112
15.276107,131,11564.170244
12.477415,61,11633.98875
20.210392,267,11636.310239
22.108395,264,11639.76362
21.646187,255,11640.53935
13.696511,82,11641.391707
17.91031,176,11641.51549
13.459707,79,11642.959526
14.780793,116,11644.503962
15.906466,140,11647.156663
-6.0459223,573,11651.667593
17.692154,198,11652.220769
12.644317,69,11655.315369
21.204453,247,11656.961554
16.421824,168,11659.21531
15.130774,114,11665.368598
15.16494,119,11665.368659
19.119389,204,11668.302983
13.218304,79,11668.565646
20.92112,242,11668.81854
22.847029,283,11669.29188
21.139923,245,11669.930521
14.941345,136,11671.09282
21.24115,269,11674.337777
20.455523,286,11674.765244
12.874439,68,11676.451463
24.565853,388,11676.832824
17.270351,160,11683.95287
16.53955,147,11686.228913
21.341293,259,11687.073864
14.533571,111,11687.185556
15.009982,111,11689.383
16.616121,163,11690.070868
19.287186,209,11694.393485
20.645302,257,11695.525171
18.469355,242,11697.123076
13.832938,87,11697.497719
22.073769,282,11701.256665
20.756453,235,11702.358757
16.080515,137,11705.58788
20.831009,256,11706.866698
19.06736,204,11708.053586
19.168673,218,11712.006377
13.23631,93,11712.250446
18.937344,205,11714.176104
20.232288,249,11716.546633
18.892807,195,11719.965167
14.422953,117,11720.549335
19.272453,209,11721.9971
21.80528,258,11724.703353
21.333773,254,11725.247066
14.557764,114,11725.378333
19.374453,211,11732.730791
20.41706,240,11733.620971
-6.630082,195,11735.133463
14.357683,98,11736.725724
19.101646,207,11738.488577
23.564144,312,11738.930776
17.170727,184,11741.582638
18.61779,213,11741.582695
18.225792,190,11747.113354
14.617472,105,11747.629661
12.594717,59,11748.710687
19.15346,204,11749.554137
21.522457,286,11754.391338
18.431656,189,11755.186525
11.896556,75,11757.616359
23.246597,303,11757.887092
15.136848,179,11759.860461
12.128571,104,11759.976785
19.543304,212,11761.970485
-8.479589,46,11762.999012
14.947895,113,11767.606375
17.122244,158,11768.097893
20.743042,240,11775.207276
-7.5900483,69,11775.540554
16.069662,153,11775.540608
19.909878,327,11777.292244
18.625134,192,11781.908984
12.751012,65,11782.673652
17.713612,198,11784.898171
11.754189,42,11787.697035
19.846851,221,11788.590788
14.049345,99,11788.913597
20.785358,296,11789.602892
-9.379565,22,11792.158742
19.51408,214,11792.885483
-3.0584521,299,11794.615648
11.060894,27,11797.756836
18.097645,574,11800.856332
16.717043,166,11801.316979
19.693642,239,11803.318603
17.668495,169,11804.477264
16.737947,149,11804.927368
22.692719,277,11807.786315
-4.900513,112,11810.983466
18.094505,192,11811.437443
8.16818,600,11811.910558
13.063721,74,11812.134224
13.340462,108,11813.641571
10.909612,36,11816.31821
12.685828,84,11820.859557
21.082737,250,11822.307575
21.925766,291,11822.74943
17.309725,164,11823.965621
-10.05773,27,11824.118886
14.562462,112,11824.750414
22.97757,285,11825.778889
19.78215,215,11830.375793
17.226187,168,11831.64808
20.221966,232,11835.110037
14.859827,110,11835.110095
23.484898,303,11836.915991
16.40352,142,11839.224303
15.217781,123,11839.891478
-5.1584315,156,11842.065083
12.684093,98,11846.320357
-4.837944,213,11848.712259
17.111012,159,11848.712315
14.718199,136,11850.830849
10.955405,23,11851.479679
23.022163,304,11851.817474
11.805687,49,11852.193091
25.48204,355,11855.210577
12.72437,62,11856.137636
17.420439,198,11860.141791
16.587103,166,11861.548029
13.595506,83,11862.006453
21.413021,272,11863.362432
15.624157,128,11866.842534
-8.297461,41,11868.057693
-7.5915146,390,11870.041775
17.21699,161,11870.318352
17.926273,175,11871.382377
11.742175,42,11874.931971
15.489191,121,11875.994972
22.11462,309,11875.995038
18.051014,179,11875.995058
17.620499,175,11876.453276
-9.778237,16,11877.791068
25.157257,342,11879.004995
16.87567,162,11880.121305
15.431879,137,11882.587229
18.221119,234,11887.126873
-7.285965,71,11888.340354
17.444626,181,11888.940899
-6.3526025,165,11889.279734
14.994722,113,11889.395791
16.747723,174,11891.331331
16.611547,160,11893.360573
12.334713,54,11893.360633
18.14064,177,11896.288021
13.651863,86,11898.138575
13.187351,82,11900.669579
15.782666,131,11904.374218
20.097345,292,11911.297675
23.306198,309,11911.420289
15.821222,202,11912.450812
13.689816,86,11914.320023
21.606325,278,11914.533651
17.578482,165,11915.253976
20.679245,234,11920.182765
20.976364,244,11921.352925
22.494946,298,11923.176232
11.291191,32,11925.057773
19.420006,241,11925.919252
20.043552,222,11926.291812
12.39458,55,11926.50883
-8.810196,33,11926.959627
16.058796,172,11931.065588
26.747627,457,11931.557449
17.641727,168,11933.708096
19.23816,221,11939.938503
20.063005,245,11943.510723
20.812042,297,11945.569638
12.761679,73,11948.293335
22.193048,331,11950.479051
18.159336,181,11951.887769
16.89328,168,11952.946871
21.012579,243,11954.185318
16.179663,139,11959.264889
19.981766,295,11960.324257
17.734667,314,11961.894983
21.35394,271,11962.58748
14.992558,111,11965.60251
17.140396,185,11966.731962
14.465801,112,11966.940718
-9.315975,69,11969.774626
23.285566,379,11970.31467
13.878769,90,11970.600212
-8.846022,29,11973.134336
11.221921,30,11974.093544
21.809107,272,11979.466542
16.783474,169,11982.005422
15.985644,160,11983.952386
-10.175888,14,11985.523308
18.015335,179,11987.160315
21.581316,265,11989.56532
15.612539,178,11990.717863
2.5392413,600,11993.742162
-4.105035,149,11996.458142
21.329247,260,11996.708789
-8.70398,32,12000.221137
-5.7919807,451,12002.217133
15.947357,130,12002.217211
-9.993081,23,12004.888319
21.28241,279,12005.280534
15.421036,118,12007.503824
20.03361,221,12011.021747
17.239832,177,12011.278231
18.689995,192,12011.869434
-10.041857,10,12012.432649
-8.650832,335,12012.648572
15.555418,124,12016.562441
19.182377,573,12017.66545
13.731625,91,12017.927755
18.76286,194,12019.202699
17.710829,176,12020.573252
11.633152,38,12020.949047
17.118088,158,12023.399909
15.668625,138,12028.448095
17.759802,170,12030.569814
15.295378,165,12031.365406
-6.4828453,94,12031.719037
15.353767,137,12033.40898
15.724951,139,12036.573117
22.857273,284,12037.569155
21.276875,253,12040.874159
13.646951,83,12040.874211
16.055183,153,12040.986965
14.902666,110,12041.110363
20.663456,532,12043.111346
20.052896,236,12046.290982
15.269895,130,12046.657181
20.99141,254,12047.124494
13.501941,93,12047.257283
12.606911,60,12047.817429
13.769863,128,12048.181815
14.786892,111,12050.357152
11.841821,45,12052.496568
11.772176,47,12053.262957
13.802933,89,12057.312275
17.736202,177,12061.343622
13.160571,104,12062.160669
15.593433,126,12062.523947
16.738337,153,12064.174064
17.633846,206,12064.558206
18.765186,208,12064.882946
14.750021,105,12065.244446
19.387709,212,12067.564484
14.6287155,110,12070.024287
11.045709,25,12070.480027
14.202071,94,12075.540148
13.848873,98,12076.405317
14.389252,99,12076.864114
21.82587,413,12078.254564
15.683643,142,12079.200926
24.329016,325,12083.934248
21.801022,277,12084.543984
14.75279,122,12089.733004
20.69147,231,12091.083233
19.216606,201,12093.948341
11.846153,44,12094.910853
17.052603,304,12097.631942
15.4629755,123,12098.162606
21.514698,258,12100.022876
18.546024,194,12101.615072
-6.7505536,219,12101.739202
19.911999,218,12102.094182
13.774319,85,12104.584857
18.389614,190,12106.302341
15.5264435,124,12107.957426
21.934841,273,12109.617085
13.5268345,80,12110.779117
15.81825,151,12114.681454
13.520769,79,12116.996629
16.14856,140,12117.482747
13.700414,82,12119.044062
16.664967,177,12120.195615
20.631496,257,12120.535478
15.184508,127,12125.335129
12.74286,67,12126.692227
18.60548,195,12128.710775
7.5626097,600,12130.679459
18.088963,233,12131.27277
23.3806,299,12132.419751
22.474955,279,12134.099425
16.400064,151,12134.57704
11.885853,47,12136.829428
14.691616,125,12139.91114
18.17577,195,12140.131738
15.667519,127,12141.513398
17.26955,186,12142.089819
18.37487,217,12145.351454
21.514933,271,12146.110722
16.192287,160,12153.301892
-1.3439713,217,12154.088562
10.945078,81,12154.9141
19.391273,209,12155.128032
16.608353,181,12155.234948
19.136448,211,12157.106191
13.564015,104,12158.439761
17.600468,219,12162.327105
19.031292,205,12164.055955
18.817497,196,12164.4429
-0.50377655,242,12168.232958
14.689871,118,12168.708241
-5.52245,110,12171.226296
16.47274,157,12175.462934
19.565752,311,12178.462791
19.7993,227,12179.772592
11.6237545,38,12179.886065
18.870934,212,12179.886128
13.7963085,84,12181.025192
15.5454855,149,12181.471052
14.772822,126,12182.875396
20.960411,243,12183.626598
18.307201,190,12184.600917
12.502162,70,12188.128221
20.097057,232,12191.744925
13.2602,76,12191.995936
18.538464,198,12191.996018
21.031193,324,12192.111938
-6.847501,95,12192.328931
15.656327,127,12193.539721
12.650552,67,12196.291965
15.461075,122,12199.267946
17.631874,173,12200.589124
14.794496,111,12205.33278
12.826465,70,12207.506923
19.123127,223,12208.082889
15.992963,139,12209.993673
13.23363,91,12211.16542
22.085026,267,12211.377898
17.133076,166,12211.377968
20.50197,235,12211.505733
18.2979,187,12294.048362
19.082258,206,12295.900002
18.550022,208,12296.115246
12.81059,79,12299.836042
-5.541953,101,12301.203022
17.924253,178,12311.391322
19.655296,221,12312.928642
19.68892,229,12313.27113
20.101448,224,12316.650975
16.173958,186,12317.4073
18.485535,195,12318.199879
18.909178,243,12318.904847
21.423424,250,12322.718935
14.10412,103,12323.431252
19.054111,202,12324.463775
17.666794,221,12325.26351
17.15809,354,12325.7758
15.150969,118,12326.65867
24.650534,451,12327.993111
-7.9416313,132,12338.165325
18.967611,210,12343.513559
19.040138,225,12343.781053
18.214851,193,12346.188221
21.937828,274,12348.875872
11.871983,47,12349.085948
21.509123,269,12349.81586
19.067455,230,12355.339256
22.075287,265,12355.809745
21.029434,260,12356.056438
-8.902945,39,12360.340379
25.529408,403,12360.652299
22.402855,300,12361.149059
18.30679,226,12364.80011
17.69878,168,12368.848536
14.155691,99,12371.860261
11.091737,29,12372.227333
16.085594,152,12373.691646
21.729252,270,12375.456691
21.101086,260,12376.578918
20.815289,259,12379.201567
21.116371,251,12379.201632
23.768852,474,12382.338893
-9.989722,8,12383.291052
14.3747015,103,12383.834248
12.405404,80,12384.751037
12.237492,52,12385.239297
17.93715,212,12385.366479
21.256603,276,12387.566103
16.502743,144,12389.077042
15.844292,133,12389.325717
17.56032,169,12396.57826
23.641459,307,12397.191513
16.628418,152,12397.19158
15.447821,123,12399.839303
14.711832,151,12401.863035
12.140637,50,12403.096043
15.204041,156,12403.358343
11.857559,58,12406.69315
18.082504,183,12409.112994
11.597913,58,12410.087783
-5.114838,123,12411.6292
16.503693,146,12413.624612
19.606537,212,12414.18701
20.326145,270,12414.965547
14.612438,138,12417.80075
10.985147,25,12417.943709
13.012451,76,12423.099151
23.233854,294,12423.560663
17.560032,182,12424.245318
17.293896,175,12427.045563
11.6764,41,12428.281351
25.13623,558,12430.14182
16.590626,148,12430.845223
16.01002,134,12433.420532
17.533655,205,12435.370436
15.374674,117,12436.695989
-9.482096,29,12436.798873
20.174492,243,12438.320569
17.714605,189,12439.932941
16.262186,143,12440.863555
11.545758,38,12441.178561
11.928412,45,12441.907762
15.172663,119,12442.120963
14.207619,108,12442.753292
15.77647,170,12446.81207
18.774574,192,12453.295352
15.079091,115,12453.436978
6.241892,600,12455.641007
16.809462,172,12461.535738
18.385134,185,12463.724888
19.739128,227,12465.027624
19.177792,212,12467.109791
14.33272,111,12468.728416
20.31564,247,12471.570405
17.277658,219,12472.369507
24.328407,321,12472.837131
22.148293,284,12474.062233
-7.8209662,76,12475.8609
-7.439929,77,12477.596917
15.413046,126,12478.3304
3.8487256,600,12479.170603
-1.4704647,223,12479.520493
20.249277,229,12480.155548
10.843276,42,12480.877325
13.520081,78,12483.324404
11.539533,42,12484.478054
13.2076845,76,12487.334673
14.635014,104,12489.974336
14.0574875,107,12491.83339
19.431416,241,12493.229884
20.967728,271,12493.229962
17.936855,178,12493.946138
18.857216,209,12497.042164
12.973423,70,12502.156125
14.654745,155,12502.740561
19.000904,198,12504.112663
14.650317,104,12505.372309
19.170412,216,12505.50998
17.219746,201,12506.938061
18.40429,202,12513.433025
20.100643,239,12515.192685
22.933006,373,12515.310255
14.405898,110,12518.188951
-3.8160748,181,12523.659077
21.047937,265,12524.035906
18.643959,193,12524.514353
18.63703,194,12526.479365
18.072401,188,12527.217763
19.497204,308,12527.569066
-8.384487,124,12529.628165
12.443864,64,12530.972084
15.799741,134,12539.30275
18.428417,227,12539.549007
19.934261,219,12540.297867
17.685848,200,12541.035353
23.244543,354,12547.493722
18.2076,217,12549.225106
19.509003,213,12550.89431
13.945612,87,12551.016575
19.276533,231,12553.610749
17.292141,203,12554.227222
16.336506,141,12555.454611
-3.6347475,513,12556.155063
21.49961,262,12557.469274
17.615534,165,12558.399166
21.269154,298,12563.726159
19.138824,209,12564.347863
14.063145,93,12566.814377
18.214504,179,12568.081313
15.512793,122,12568.195195
-9.137351,42,12569.132431
16.58733,159,12569.242385
12.515445,57,12570.272938
10.844242,21,12570.545541
20.290733,242,12577.192047
13.87722,85,12578.121212
20.026974,240,12578.570725
14.367029,104,12578.907983
17.453661,179,12579.177774
18.420502,191,12579.667467
18.857645,228,12580.023982
12.719151,93,12580.024049
19.90918,225,12581.547291
15.248915,122,12583.483548
11.970459,56,12586.514722
12.685109,67,12586.759683
11.266463,52,12589.543117
17.705158,171,12590.457428
-4.8931336,181,12591.365745
13.679942,123,12591.475246
13.911293,86,12591.475301
12.74321,74,12594.988341
17.637716,182,12599.743446
18.376587,192,12600.425821
19.341831,215,12604.930704
15.838081,126,12606.162489
21.217733,246,12608.210409
16.93779,164,12609.459355
12.833319,80,12609.701907
15.815244,168,12610.869058
18.742567,288,12612.587746
17.361694,187,12613.210373
-9.838176,7,12614.033801
11.7207,40,12617.204682
19.701904,253,12618.841276
17.927944,175,12619.972891
13.816864,93,12621.594415
20.489233,257,12624.858099
16.713621,164,12625.096287
11.91187,44,12630.246577
17.578829,197,12631.049391
18.65891,187,12631.15918
12.827057,69,12632.896676
13.92153,116,12633.507748
20.36655,253,12634.288109
16.816296,167,12636.647782
15.813714,131,12636.869801
21.91013,453,12639.254452
19.571262,220,12639.467053
12.509571,79,12640.1902
13.186138,69,12644.60137
15.674307,131,12648.645474
19.911873,262,12649.224957
14.659924,109,12652.205533
13.138557,75,12653.331689
18.038578,218,12655.659521
27.077398,416,12658.13281
16.187855,157,12658.626215
19.575401,209,12658.737043
19.36968,202,12660.43416
12.084082,61,12660.558811
17.937405,196,12662.15588
14.949596,115,12662.718911
22.373104,266,12663.888266
13.7787,85,12668.597847
18.039658,192,12671.211576
14.994013,116,12673.942545
14.372123,117,12674.169198
12.348566,54,12674.858646
-4.0019608,144,12675.3084
19.828192,214,12677.090224
16.568602,175,12678.33403
14.720861,149,12679.415097
13.819882,86,12681.058226
11.0357895,47,12683.80194
18.528858,454,12683.911363
16.03102,185,12684.144059
14.517684,103,12685.749189
20.200756,290,12689.156417
15.4949255,133,12690.056623
14.232037,100,12690.855325
19.812574,239,12691.420193
12.566936,64,12691.420254
10.887667,22,12691.652258
18.297586,183,12698.166443
18.813982,205,12698.870173
16.596817,158,12699.224968
12.710304,89,12701.133496
15.336218,168,12703.258357
21.44224,264,12704.499926
-3.9462981,183,12704.841422
16.091024,145,12706.714771
13.831725,84,12707.756644
19.63352,208,12709.565917
11.548159,45,12709.934846
12.644534,60,12710.075366
18.989428,202,12714.665872
19.015835,209,12715.734326
12.0316925,56,12716.426018
16.68583,184,12719.96624
22.9173,299,12725.917334
16.834665,168,12726.133221
18.344595,189,12726.253987
20.952417,243,12727.111992
14.708351,105,12727.798558
20.8258,268,12731.867332
16.562536,153,12732.21709
13.17662,72,12734.274286
18.830069,246,12737.832175
16.921875,265,12738.204606
17.095963,166,12738.958776
21.613607,258,12739.613115
11.501898,54,12740.431443
14.382891,101,12743.371759
20.359198,239,12743.70511
15.037235,145,12744.288083
17.745188,170,12745.23052
18.156101,181,12747.815963
20.454527,245,12754.464951
16.339294,155,12755.849802
15.48761,121,12757.548185
19.276274,221,12757.778891
-5.8227134,202,12762.332633
18.079762,243,12767.761509
-9.060136,127,12769.073791
-1.172926,273,12769.757212
12.977576,69,12770.292879
19.854372,217,12770.414963
21.858788,263,12770.885663
19.229385,229,12770.885731
18.233116,185,12777.196608
23.06089,289,12777.316764
13.769868,106,12780.136142
19.115925,204,12781.176515
13.969983,99,12781.980996
23.109062,307,12783.472707
14.431089,126,12783.709514
20.050508,237,12785.234237
16.21503,159,12788.806918
17.719604,168,12790.455086
-8.297596,63,12792.529626
11.069813,43,12793.830122
14.838242,107,12794.464252
14.296227,118,12794.947214
14.145332,107,12796.019269
17.19627,190,12799.416537
16.466831,145,12800.681672
18.755795,204,12801.158927
17.25106,220,12805.829361
-5.6500683,327,12807.845311
15.397137,118,12808.226325
22.456581,323,12808.607396
15.222382,128,12809.906717
16.92788,166,12813.276086
15.62169,127,12815.861008
18.510185,191,12818.154845
22.09874,266,12823.462279
15.68448,215,12824.260762
18.11364,208,12824.733058
18.031559,185,12827.229004
10.968021,41,12829.536731
-8.185049,60,12830.463208
18.911995,199,12830.911641
18.67186,195,12832.422415
14.660264,124,12832.528044
25.829556,364,12832.769912
21.262218,248,12837.024255
21.41392,260,12838.838857
17.997046,198,12838.943532
20.349834,251,12842.353973
15.816845,136,12843.038385
14.532645,105,12844.697969
13.463804,79,12846.179233
13.551256,79,12847.927057
17.524942,235,12851.429065
16.403896,164,12851.66661
14.023144,91,12853.349453
19.170452,212,12856.810614
19.324661,234,12857.310695
20.621367,256,12858.938393
17.169426,161,12862.877492
21.812035,308,12866.228411
18.428738,241,12866.335939
19.16677,199,12868.885568
15.775022,135,12868.885627
20.784035,245,12870.274012
15.83197,141,12873.460418
18.880516,192,12873.569478
13.427792,79,12978.48823
19.909523,256,12983.835452
20.217405,224,12985.608851
21.845152,326,12988.120944
16.759802,151,12989.239154
16.282911,161,12990.322044
18.755337,236,12993.072662
12.697811,70,12993.660342
11.977005,45,12994.34002
13.683175,140,12994.460151
17.986694,177,12996.869791
21.049313,266,12999.934479
20.308765,245,13001.460067
-4.9056973,362,13003.495237
14.791414,111,13005.735209
18.243927,240,13011.405703
17.877197,192,13015.793444
25.594685,344,13016.243052
20.779099,237,13017.642298
16.347073,147,13020.594003
21.096268,281,13020.594051
20.14878,247,13023.050684
18.42273,205,13023.767916
20.129484,247,13025.577957
22.057457,277,13026.496769
11.581691,38,13028.200826
14.678896,108,13033.080807
12.212125,98,13034.342814
20.112679,248,13034.550437
16.597996,174,13035.944498
17.407328,165,13036.757483
16.125584,141,13036.876413
18.952465,233,13038.442607
19.203022,207,13040.272166
16.213453,138,13044.206278
13.627387,81,13046.494305
16.34081,172,13046.49438
14.56013,123,13049.058505
13.547609,107,13056.564099
16.56205,152,13057.965127
18.309704,188,13058.651495
23.112148,313,13061.75763
14.464061,247,13063.059882
16.668022,145,13063.189084
18.3354,234,13063.189145
12.67255,59,13064.796504
22.315899,268,13069.636893
0.82840693,600,13071.117503
19.655113,221,13072.061822
18.465614,202,13072.436647
15.044533,112,13076.255159
26.890139,371,13076.255217
15.676437,125,13077.645402
14.153812,94,13080.561588
13.586525,83,13080.773319
13.839615,90,13082.471837
20.602558,229,13083.206369
17.884132,206,13088.792954
13.663893,105,13089.855884
20.538448,234,13090.441755
11.709736,140,13092.453046
15.716776,159,13094.739861
23.100853,289,13095.37883
11.840496,44,13097.551198
-3.9725199,190,13102.418208
20.963154,277,13104.319072
12.928324,138,13105.548827
16.695919,148,13105.658751
27.97214,417,13106.789433
11.173517,49,13109.864478
21.338936,256,13110.090483
19.73706,241,13110.795024
13.622595,93,13113.011522
16.179878,182,13115.47863
23.974407,314,13118.581732
15.656259,128,13120.467247
21.902391,269,13121.242576
15.49923,120,13124.050758
17.997234,233,13124.31463
15.434088,132,13126.05509
17.895561,183,13127.903821
15.668261,166,13129.074277
20.06496,227,13131.853554
12.349934,55,13134.354237
18.036327,185,13134.499817
12.351147,58,13135.855997
15.941214,140,13140.353042
18.517254,192,13140.948363
17.523783,184,13142.701425
25.840216,412,13142.945113
17.22536,166,13143.640232
20.918571,260,13145.668882
20.008183,223,13146.307936
-9.788317,9,13147.327449
15.059975,115,13149.222224
12.532908,57,13149.222303
16.438591,180,13155.308094
20.085896,256,13155.784288
12.392032,61,13156.204846
11.567124,121,13156.750145
18.858892,197,13157.119125
14.203081,95,13160.096016
11.122227,251,13160.784423
11.801562,48,13162.699721
15.924782,134,13162.831744
18.392467,207,13167.451138
19.448515,233,13167.814441
14.199085,154,13174.148395
14.332413,102,13174.742221
17.076675,157,13175.086514
18.327435,190,13177.346195
23.8945,313,13181.881181
18.41647,206,13184.83773
18.453758,191,13184.945739
13.550762,91,13185.252075
18.178732,195,13190.492346
19.474585,211,13192.014971
21.995216,274,13192.015027
14.235537,116,13195.3723
19.469288,206,13201.400123
16.853168,152,13202.98314
17.76849,250,13203.201703
14.432726,99,13203.565284
11.865437,44,13206.456318
22.78938,290,13208.832692
11.871843,51,13209.170531
7.652781,600,13210.018844
15.79406,157,13210.387722
14.140001,98,13214.404633
20.08794,223,13216.3977
20.549294,277,13217.133565
14.398586,106,13218.775744
19.221867,225,13221.553654
14.583563,108,13222.832977
17.472237,349,13225.375641
6.8212643,600,13225.51687
19.929398,219,13228.999031
17.888796,174,13229.309464
11.524561,39,13233.551161
18.343016,183,13235.642805
17.762001,171,13237.044992
21.01006,243,13238.199763
13.23899,112,13238.422828
16.946522,152,13240.50269
19.605267,215,13241.465973
14.263455,96,13244.682256
23.115776,310,13244.802377
13.703251,92,13247.658916
-10.302428,249,13247.658969
18.126995,196,13248.241714
17.449678,172,13249.25806
15.398192,122,13252.428312
22.339369,269,13252.673626
14.691484,112,13257.678493
15.519039,123,13258.825798
19.454805,207,13259.572256
15.271032,116,13262.679322
13.625336,100,13264.028963
12.8169365,64,13265.056797
20.083004,234,13265.185477
17.212057,160,13266.124106
19.409992,222,13266.124178
17.56285,173,13268.206668
14.391775,98,13270.88655
12.179436,50,13271.892555
14.870268,174,13272.841762
12.797422,64,13273.551928
12.342835,89,13275.568851
17.69421,170,13278.639116
24.280321,322,13278.75299
12.862108,67,13279.793823
16.476871,158,13282.415041
14.801952,303,13282.765417
13.57167,88,13283.815539
16.428516,183,13283.920474
18.001102,180,13286.025409
14.691772,111,13291.493994
17.416286,161,13291.599101
16.525066,151,13293.046647
19.253098,208,13295.016195
14.322348,115,13297.268902
11.891475,44,13298.217509
22.58593,280,13300.685605
16.917383,150,13303.307994
19.136536,219,13303.990988
18.01292,188,13304.435583
16.594574,145,13308.163666
21.99879,270,13311.04037
16.091145,160,13315.802738
14.480895,101,13315.8028
15.421354,129,13318.384413
23.0607,305,13319.182087
16.242632,139,13320.631125
20.223019,223,13320.853167
14.512505,111,13321.07371
12.191362,52,13321.831306
20.215363,343,13322.214484
13.813156,92,13329.799534
20.444462,276,13332.726045
22.605824,311,13334.207245
19.122616,202,13334.453552
15.526335,123,13334.937584
16.6754,155,13339.064202
-3.4417377,164,13341.140461
19.902515,219,13341.140522
17.921368,180,13342.640289
13.64061,82,13343.910058
19.068771,202,13344.306983
17.72684,173,13352.774411
18.519623,299,13353.007757
13.239042,88,13354.145106
18.061337,177,13355.351959
14.66832,117,13357.823118
18.514753,204,13357.82317
17.46497,167,13358.411635
7.7587996,600,13361.073736
11.339962,34,13362.318151
22.73418,288,13363.160273
19.787289,214,13365.92345
14.146353,106,13367.697462
21.705797,254,13372.159431
21.73682,278,13373.426505
14.847769,108,13375.706806
11.714534,45,13377.328158
17.966564,179,13378.618716
20.192894,224,13380.105035
20.811855,260,13383.121296
18.247696,182,13383.459503
22.124233,270,13384.037697
20.216902,228,13384.298887
12.775005,64,13384.805726
19.782907,214,13385.9447
14.476927,102,13387.52913
17.859283,200,13389.164294
15.283377,117,13397.111634
15.079206,111,13397.716727
16.644339,165,13399.27752
14.675264,114,13400.759013
15.56037,124,13403.533983
18.533735,192,13406.455245
13.409857,77,13406.455309
13.537536,93,13410.01361
23.088028,319,13410.368443
22.846678,290,13412.241445
21.66175,279,13415.423717
-9.332233,442,13418.920702
17.299513,163,13419.584821
16.78842,168,13422.937093
16.702785,146,13423.435355
15.066711,165,13429.028329
17.062706,155,13430.065061
23.741634,307,13432.564555
24.854668,438,13434.741976
11.72368,45,13439.915068
12.854406,70,13440.576785
15.101204,119,13442.761196
17.49853,203,13442.991256
20.27805,238,13446.388286
-0.8330841,201,13446.620546
21.993948,279,13447.653508
13.543417,191,13452.019331
10.898814,600,13455.18496
22.165958,290,13456.404958
14.806561,107,13458.729717
14.359264,97,13458.833461
17.554358,169,13460.127028
17.879648,454,13462.83589
18.440634,202,13463.288306
-7.314565,75,13463.966509
11.40634,48,13465.649991
18.953999,202,13466.060701
19.14672,218,13468.130596
19.901314,225,13472.568931
18.953053,199,13475.079473
14.609934,143,13475.299675
6.423238,600,13475.826764
11.670919,39,13477.078516
12.735378,129,13478.096496
18.226254,198,13479.192423
15.2241,114,13479.192483
11.58077,46,13480.585623
15.844204,130,13480.585683
19.062828,210,13482.873029
14.241103,173,13483.741465
19.545639,206,13486.394551
14.70727,130,13489.925783
17.912159,209,13492.204348
15.848011,129,13495.363694
16.209835,141,13496.738614
16.844185,157,13497.207034
14.8646755,113,13502.982944
13.476507,86,13507.163197
21.084692,246,13507.498533
21.329079,274,13508.551568
21.383274,274,13509.570283
17.434553,295,13509.685166
19.116543,237,13511.099335
19.707294,216,13511.316312
21.335493,252,13511.914417
17.795635,183,13517.949487
12.256378,55,13518.302675
-9.256501,81,13519.0259
13.521413,81,13520.758027
-8.863388,39,13522.465496
11.919851,50,13524.043365
15.5007925,125,13524.172993
18.845749,204,13526.566074
-8.244968,67,13526.682604
17.094332,173,13527.132546
13.234058,74,13532.712786
12.18789,55,13533.060941
21.873682,328,13533.307023
18.395199,207,13535.181802
16.081062,145,13537.616021
21.299599,261,13538.860174
19.910748,316,13544.18082
17.973934,187,13544.180885
17.187328,457,13545.09576
11.585057,69,13545.549515
15.344315,130,13550.116436
20.793741,239,13551.747372
17.317501,165,13552.463809
16.316858,139,13554.829285
21.019367,242,13555.17664
-8.238977,196,13555.419631
11.8202505,44,13637.207189
19.350552,220,13638.849601
11.922883,46,13640.468755
23.475773,296,13641.18287
16.29118,139,13641.870605
-7.359478,173,13645.277801
15.038753,112,13649.981691
21.060795,243,13652.355417
22.286797,270,13655.460234
-3.2871556,235,13657.530521
17.895737,199,13658.461377
-0.10910034,225,13667.138156
21.592113,254,13668.238932
20.356758,231,13668.585986
23.195034,301,13670.587682
24.055214,327,13670.587743
21.92136,263,13670.913941
19.847557,230,13671.952419
16.127115,150,13673.007603
19.434525,212,13677.049454
13.543991,86,13678.530385
20.642052,248,13678.768336
14.277386,105,13683.091883
23.021393,297,13692.087488
18.657242,198,13696.055921
23.613216,325,13696.261271
20.863285,259,13698.237219
20.721725,243,13698.694101
18.798965,197,13699.839905
23.281078,300,13701.965515
13.789677,86,13701.965575
11.812075,43,13703.202188
21.654926,286,13703.643081
20.258232,223,13704.570328
-2.3188725,186,13704.570402
12.847469,72,13708.152048
13.97323,110,13708.61552
12.107742,49,13710.201649
13.085006,76,13710.654526
16.58229,166,13717.760823
23.107838,399,13717.975342
17.302725,168,13722.434462
14.787208,105,13722.672879
15.728718,133,13723.859473
17.355095,185,13725.835278
21.2906,271,13727.35571
17.295055,162,13728.898719
18.999683,199,13731.153868
21.320057,480,13734.082381
15.137785,114,13736.017301
12.288809,52,13737.185174
22.931946,312,13737.994827
18.054363,180,13738.656662
15.692921,128,13742.164541
18.245567,186,13745.305397
14.028494,89,13746.168938
18.684484,207,13746.405686
12.183789,78,13746.870099
11.606945,49,13747.796379
19.998207,229,13755.289619
16.873379,152,13756.153167
22.11454,267,13756.753299
-6.333596,88,13757.120743
14.540062,346,13758.055254
18.898598,214,13758.740636
11.115022,28,13761.335396
15.081692,150,13762.877257
12.661222,67,13764.048406
17.194626,158,13766.235986
21.460438,251,13766.236055
12.609269,70,13769.404128
15.397219,130,13770.491242
12.586384,600,13773.05989
12.511121,80,13773.276192
11.681207,47,13774.944219
21.685177,256,13775.979173
18.463795,185,13778.27026
11.682018,52,13779.082269
23.287903,291,13780.254006
16.822615,156,13784.20403
-1.0164976,246,13785.547954
21.52665,254,13788.081068
14.878123,108,13788.31598
20.259838,228,13789.131991
13.750792,83,13789.68741
18.79571,204,13793.875812
19.264977,205,13796.795178
13.309406,75,13798.264914
22.481049,281,13798.517501
-9.539937,44,13803.644488
16.634647,160,13803.995842
20.156078,233,13805.844937
19.72395,244,13806.288598
18.2456,181,13808.970316
18.105293,186,13809.760991
13.482082,90,13814.311524
19.19501,239,13816.642042
14.949598,114,13818.865558
19.28452,233,13820.766469
18.525326,214,13822.900704
15.388455,124,13823.910223
23.440739,355,13824.985847
11.719514,40,13825.334708
15.446341,123,13830.721862
17.373611,166,13833.402032
20.742895,240,13833.864237
19.847332,226,13834.925297
14.398605,111,13837.851314
22.855167,357,13837.961879
24.178852,319,13840.393367
-4.3403087,582,13841.856894
15.13592,119,13844.535399
20.2326,232,13845.715381
14.570026,105,13847.080698
10.83582,26,13848.68137
20.248623,229,13849.375134
14.454557,103,13849.738615
20.528067,246,13852.444381
12.298912,55,13855.050389
16.365662,141,13856.676418
15.47183,147,13858.883044
13.233749,74,13860.956906
20.500526,240,13861.175951
21.987043,269,13865.130992
26.198854,351,13866.064144
19.94064,217,13869.720678
14.131169,113,13869.84252
17.802876,178,13870.417333
18.363596,220,13872.638932
18.331306,186,13876.74116
11.928244,47,13878.136625
21.111183,347,13878.271191
13.234042,75,13879.194198
16.46733,144,13881.926392
20.414722,282,13882.274153
10.876582,27,13882.384868
15.160217,143,13882.733691
19.212477,204,13882.733749
18.44697,195,13883.747034
13.96476,101,13894.436932
16.96363,152,13895.955808
20.930786,238,13897.577734
20.225746,322,13898.734878
18.857735,210,13901.118758
18.080687,175,13902.5472
21.408749,284,13902.776907
17.353148,181,13903.71902
20.551702,232,13905.118347
15.2699375,118,13907.977226
18.467827,211,13908.086459
14.770068,105,13914.437661
22.459911,283,13914.437719
12.931471,67,13915.685844
15.813568,130,13917.547987
17.175,168,13917.930648
20.96132,315,13918.606756
12.0113,50,13920.313061
21.174301,242,13923.876249
18.89441,220,13926.557425
12.901563,72,13928.635809
22.44143,278,13929.56367
19.239851,227,13929.767873
15.884298,146,13931.360862
20.849146,240,13932.649609
16.782476,175,13935.987011
21.372093,252,13937.00428
-7.929154,68,13937.622292
18.864235,196,13940.610321
15.223091,136,13942.128708
20.016178,228,13943.941172
14.679659,112,13944.307501
15.447012,130,13944.529522
20.392971,243,13946.802687
17.646244,207,13947.70565
15.231241,179,13949.300646
14.423489,102,13953.956989
-4.2021194,247,13961.266794
14.518852,102,13965.824602
23.435934,295,13970.252185
20.147964,225,13970.490753
21.74664,289,13971.143819
18.210651,193,13971.749468
22.705967,300,13971.862759
14.62507,119,13975.095536
13.950563,105,13978.010494
21.45676,301,13978.875268
22.952345,306,13980.014412
22.267223,296,13981.075526
14.927329,118,13983.978136
22.606812,379,13984.450952
13.835031,90,13985.364779
16.56865,146,13986.908507
16.629623,151,13989.07618
13.670749,83,13990.596764
13.665069,83,13996.787607
16.195042,155,13996.919664
20.504135,231,13998.647697
18.334871,193,14002.422446
17.426483,164,14003.600852
20.560398,229,14004.535711
14.676162,123,14005.00274
20.634241,232,14010.964728
18.167627,206,14013.108377
17.657692,174,14017.049483
3.5444295,600,14017.298453
14.821351,118,14018.209448
22.331806,296,14019.815861
13.565573,86,14020.97761
17.788353,171,14022.222872
22.126358,446,14022.779853
20.25898,228,14023.150197
12.65185,69,14025.039289
12.646072,60,14026.77081
21.071842,244,14026.876155
19.49984,213,14028.276473
14.438882,122,14032.246809
14.403841,97,14034.340035
13.303071,89,14037.173898
22.734287,279,14037.290506
17.290916,159,14039.39767
18.349014,193,14039.609367
19.916893,243,14041.254491
15.916546,135,14042.354806
20.018833,219,14047.683867
14.19833,108,14052.039522
20.974455,241,14053.031125
16.121271,139,14053.352706
19.075703,222,14054.06606
15.400888,120,14055.254866
13.380817,82,14057.148701
18.885853,198,14057.358079
18.077976,181,14060.669762
22.301617,270,14063.577874
14.970481,114,14065.131944
14.412703,100,14065.666023
21.705933,259,14067.374595
16.934284,233,14069.418684
15.712901,129,14072.100132
17.660925,167,14076.869989
18.162708,187,14076.982415
20.350643,224,14079.115327
17.19366,158,14079.115381
21.74325,264,14084.091543
-8.694152,535,14085.03108
17.450653,173,14085.394718
-3.4465857,226,14091.957567
-8.628657,69,14092.0677
19.019249,202,14092.927736
16.10109,148,14094.074463
18.864067,199,14095.233139
22.830734,294,14097.745627
17.423574,187,14100.532034
18.494207,189,14100.786788
19.625448,208,14100.786846
16.152248,138,14100.786859
14.581605,103,14103.670401
18.416338,197,14108.027658
24.882278,361,14109.194166
16.109188,141,14111.490498
15.918125,134,14116.28052
16.271963,146,14117.451915
21.792004,260,14121.929456
19.428646,211,14122.038167
15.110741,120,14122.968377
15.4654255,142,14124.274844
14.048044,115,14124.625587
18.247568,200,14126.741342
19.312757,229,14127.226885
16.89891,150,14133.630359
13.63718,149,14134.669841
14.491852,364,14136.010566
15.492628,123,14136.251923
13.862911,96,14137.885524
15.467745,148,14139.020052
15.795124,139,14139.020112
15.605009,127,14139.337034
15.522499,132,14139.57653
13.853962,89,14146.210394
14.538664,104,14146.574679
13.104623,73,14147.68307
16.0267,145,14150.212291
15.434849,124,14152.038499
15.677242,138,14152.038559
15.594564,142,14155.816513
12.536667,59,14156.925497
11.764665,126,14161.019179
6.9493327,600,14161.957963
1.6984593,600,14169.896962
22.602987,286,14171.898357
23.66603,414,14174.933246
11.143551,48,14175.488234
19.728758,242,14180.038587
11.727201,45,14180.168202
22.632156,292,14181.444792
21.213495,253,14185.055378
23.45446,347,14186.169912
20.406696,411,14186.279832
19.061852,273,14188.467126
13.298767,82,14189.394803
14.598797,251,14190.97918
14.677784,194,14197.935947
20.5243,244,14200.120242
21.005754,360,14202.727246
12.965876,150,14203.755491
15.03624,113,14204.071513
14.401501,202,14204.741675
18.399368,185,14206.503512
17.52057,182,14207.292073
17.397438,181,14209.462801
21.900866,280,14212.606981
13.175042,92,14292.315123
14.976799,148,14293.343444
10.283226,600,14293.548071
18.389233,215,14300.492198
20.525074,266,14302.878768
20.372166,230,14303.345782
21.306953,296,14304.148802
21.249487,263,14305.111961
17.889511,230,14305.112037
18.025263,197,14307.285358
13.4954605,242,14307.285439
15.424799,123,14307.643393
11.765407,42,14308.976353
11.451893,35,14311.58607
13.156571,76,14312.074239
17.974777,176,14312.410127
17.763779,172,14312.991322
14.920733,125,14314.900771
13.827924,88,14317.308307
15.012986,110,14321.528993
13.910045,141,14323.31943
-5.0659313,111,14324.657458
15.202623,123,14325.567257
18.196688,185,14326.144576
14.44636,118,14326.418501
14.347441,103,14326.687806
3.5592582,600,14330.579258
17.259413,161,14330.827253
21.002178,245,14330.947475
15.77397,128,14336.22092
23.294865,303,14339.82521
13.270582,78,14339.931935
17.238548,168,14344.048913
14.8423,185,14344.639802
15.622494,125,14344.98873
17.872019,184,14347.782237
22.597837,278,14349.194567
-4.0570946,173,14356.286946
15.782078,143,14356.499681
14.69498,105,14356.843152
21.796959,264,14356.958412
19.719604,232,14357.644666
23.264858,308,14361.855332
17.046442,157,14362.329094
11.771805,59,14363.839264
16.06251,170,14369.153391
12.806829,65,14369.49854
15.102163,119,14371.600493
15.26116,149,14374.22581
14.851082,159,14375.025363
18.797579,239,14375.689312
11.640671,38,14379.396482
13.042934,70,14379.648152
22.874416,470,14380.091223
21.677757,371,14388.037172
20.54361,238,14389.856715
17.965687,228,14390.20654
18.468285,186,14390.560597
20.060692,298,14390.782554
19.946795,452,14392.165844
20.816647,253,14398.75012
12.683369,91,14400.928253
16.768063,162,14406.919694
23.503757,290,14407.872587
21.172432,254,14409.181611
17.77876,255,14409.784508
22.16795,265,14410.263227
23.306755,302,14410.849541
18.08485,177,14411.33484
18.986967,203,14414.531452
15.870134,133,14416.371096
12.336219,53,14416.371154
13.41094,77,14418.05284
12.531006,66,14422.188093
22.91956,285,14423.096179
13.093442,81,14425.734888
13.849938,89,14426.689505
23.28009,313,14428.663767
13.708431,159,14429.309865
17.067247,169,14429.417663
18.282322,190,14429.988232
21.41769,277,14431.022974
18.482199,194,14433.82178
13.487467,86,14435.807429
12.888866,65,14436.289638
13.972628,122,14436.4295
12.278988,75,14438.770528
20.686161,282,14439.799029
18.340393,185,14444.510192
13.763832,85,14445.960356
12.420788,56,14446.070996
16.111757,151,14446.618632
21.89487,276,14449.985936
18.262512,206,14450.46324
16.260225,138,14451.60888
18.301544,223,14455.067024
13.402958,79,14455.067096
22.46484,276,14462.91097
12.764208,128,14466.481363
17.544437,211,14470.550641
23.646786,321,14470.871581
18.031769,183,14471.187324
18.17286,186,14471.990471
22.98233,293,14472.444787
16.596294,150,14472.444854
21.147305,250,14473.380039
-1.1705151,234,14473.716256
14.994495,119,14476.543181
11.370363,35,14477.777926
11.904116,62,14479.158767
-1.7060318,372,14479.299026
13.765837,93,14483.08464
17.510752,163,14485.135005
12.362917,53,14489.143284
14.465506,110,14491.658199
17.483532,169,14492.710237
14.371273,121,14493.053841
13.4364605,82,14494.58066
17.60729,219,14495.96421
19.355259,239,14497.855827
1.6699257,380,14498.778551
20.396538,237,14499.625217
21.876808,257,14500.625293
-8.86357,69,14501.000078
20.117592,217,14501.446972
17.983772,257,14507.204757
14.869858,112,14512.56775
16.366245,141,14514.201815
15.85606,163,14514.845345
18.0753,176,14514.959178
20.139261,236,14516.463902
20.227398,225,14518.74793
17.877918,181,14521.59382
18.220627,186,14522.506297
23.288212,302,14526.477805
20.651161,242,14526.715962
12.894952,76,14527.395166
20.669273,231,14528.109753
14.869317,106,14534.664263
16.949892,166,14535.468518
17.489254,182,14535.684367
18.63543,198,14536.942777
17.79126,195,14537.259621
18.078888,237,14539.73406
21.634552,290,14540.547101
-3.9970474,142,14542.926739
-7.0420113,76,14544.41547
13.100979,75,14545.554111
17.78582,173,14546.42765
-0.21006107,227,14547.670428
14.343228,106,14547.670489
13.648431,83,14550.248997
11.970198,50,14551.364818
19.161915,212,14552.508331
16.150763,138,14553.177763
14.519802,102,14554.889752
19.301323,214,14559.315382
22.58607,280,14559.661495
15.485569,122,14561.720381
11.290859,97,14564.398112
17.322277,169,14565.945233
18.631355,194,14566.811495
20.752998,246,14568.229751
15.204484,120,14573.030743
15.132301,166,14573.858141
13.726556,84,14573.992795
18.697628,213,14574.684498
20.545357,233,14579.202814
17.210835,186,14580.976495
16.872889,151,14583.224349
18.69188,195,14584.151657
13.75196,95,14585.635836
16.989767,158,14586.418681
13.742489,114,14587.111623
-1.0682449,322,14588.547961
24.526775,361,14589.381515
15.982496,140,14590.309328
18.493607,219,14592.16965
11.472291,76,14598.222366
16.989765,164,14598.46098
15.462063,156,14599.260937
16.187494,141,14600.703156
11.829953,43,14604.216777
14.771097,156,14604.540995
12.43586,55,14606.97763
17.952528,174,14610.498796
18.893623,201,14610.498869
12.59071,58,14611.294613
20.176054,246,14611.891635
15.04004,130,14613.482783
17.128859,157,14616.474457
20.246605,230,14618.838926
-5.3685293,468,14627.538744
14.494587,144,14630.361575
18.895916,197,14633.378358
20.589478,236,14634.417677
17.88676,173,14636.568367
22.116055,289,14637.839543
22.957417,438,14639.451119
20.53846,250,14640.375511
12.003078,95,14641.361409
-5.8100767,129,14642.498271
-9.674196,29,14642.863723
20.448189,286,14643.747583
14.533319,101,14645.142587
11.826839,44,14647.58199
13.574482,82,14649.828402
14.479056,104,14649.828464
12.838084,84,14650.966527
23.029797,374,14655.414632
3.4808402,600,14655.544533
-8.055405,55,14656.31811
15.429244,121,14656.893276
23.264202,349,14659.503768
18.393772,200,14659.847811
15.037426,115,14660.970435
20.083893,233,14661.577768
12.824289,66,14663.205018
17.286324,176,14665.662681
-7.972561,66,14667.541946
19.47607,213,14668.588175
15.487697,122,14673.69297
15.3834915,162,14674.263547
16.23491,156,14675.059237
12.393776,69,14681.637549
21.69296,285,14683.044143
12.879886,86,14684.234617
20.211468,241,14684.361275
22.8888,288,14684.596736
17.406956,185,14684.725932
16.097963,143,14685.186588
19.8,225,14687.692151
-9.291113,63,14688.995892
16.174286,143,14691.629949
23.164944,284,14693.959371
20.251322,228,14693.959425
13.567816,99,14695.719372
15.368778,119,14698.941586
22.227184,288,14699.046789
15.924774,132,14699.837139
16.083488,134,14700.158348
16.190842,144,14700.992451
11.296934,32,14702.738568
18.437643,197,14705.854691
14.694302,129,14706.545811
14.849491,109,14706.545868
16.292831,168,14707.139074
16.619223,156,14711.90471
-8.324526,61,14713.509285
20.544298,254,14718.15699
16.15034,144,14719.132416
17.293245,186,14720.154561
17.077389,156,14724.787766
14.483898,104,14725.268449
19.841568,223,14726.416331
19.805449,234,14726.545892
18.1717,183,14726.653051
23.001328,311,14731.198092
12.162775,68,14733.058389
-7.058372,187,14733.162812
15.4532795,125,14733.414273
11.141427,76,14735.335014
24.1208,322,14736.955726
14.9461155,111,14739.165653
19.759407,212,14742.314646
14.187061,100,14744.531101
17.71297,173,14744.657616
12.4915695,57,14745.826112
24.616985,351,14746.638087
15.541404,123,14747.293696
15.857419,132,14748.520339
21.103054,250,14748.760572
17.469967,164,14750.05537
11.584176,37,14750.864679
19.933884,220,14751.644592
17.1548,169,14756.35281
19.35855,214,14759.945018
13.68339,84,14760.52578
15.313194,147,14762.700564
15.321325,118,14763.626012
12.9648,66,14764.013441
