#{"t_start": 1769091469.2236958, "env_id": "None"}
r,l,t
-164.0,65,8.679403
-166.0,67,8.774938
-312.0,213,15.382781
-480.0,381,22.948738
-543.0,444,29.044541
-600.0,600,33.243473
-600.0,600,33.243555
-600.0,600,33.24357
-600.0,600,33.243581
-109.0,10,34.748863
-600.0,600,41.203738
-155.0,56,41.317278
-600.0,600,58.75345
-600.0,600,77.459279
-600.0,600,92.06572
-600.0,600,102.004166
-600.0,600,102.004233
-600.0,600,102.004245
-600.0,600,109.395309
-600.0,600,109.506965
-174.0,75,110.531663
-600.0,600,125.825485
-248.0,149,125.938837
-156.0,57,132.255248
-600.0,600,144.66203
-600.0,600,159.473524
-600.0,600,169.372398
-600.0,600,169.372493
-600.0,600,177.051986
-600.0,600,178.068668
-600.0,600,193.4972
-600.0,600,200.086614
-600.0,600,212.503396
-600.0,600,227.127119
-600.0,600,237.174332
-600.0,600,237.174411
-600.0,600,244.343587
-600.0,600,245.342798
-600.0,600,260.824779
-600.0,600,267.473386
-600.0,600,279.888681
-226.0,127,294.378142
-600.0,600,294.768964
-600.0,600,304.839655
-600.0,600,304.839727
-600.0,600,312.425196
-600.0,600,313.502068
-667.0,568,325.348511
-600.0,600,335.893585
-600.0,600,362.660682
-600.0,600,362.973725
-600.0,600,372.857703
-600.0,600,372.857775
-600.0,600,380.461338
-600.0,600,381.495273
-165.0,66,387.867411
-577.0,478,389.628461
-176.0,77,389.950477
-118.0,19,391.807296
-600.0,600,393.421743
-184.0,85,399.624822
-124.0,25,402.488776
-545.0,446,413.424957
-600.0,600,430.476721
-600.0,600,441.322942
-600.0,600,441.323019
-600.0,600,456.551821
-600.0,600,460.69546
-600.0,600,462.276669
-600.0,600,471.592394
-600.0,600,482.449467
-600.0,600,500.016842
-600.0,600,510.568646
-600.0,600,510.568732
-600.0,600,525.885673
-600.0,600,529.877413
-600.0,600,531.282511
-600.0,600,724.488052
-600.0,600,735.250507
-600.0,600,752.210305
-600.0,600,762.750831
-600.0,600,762.750919
-600.0,600,777.745124
-600.0,600,781.850045
-600.0,600,783.460733
-600.0,600,792.756328
-600.0,600,803.607715
-600.0,600,821.244225
-600.0,600,831.6509
-600.0,600,831.650983
-600.0,600,846.677501
-600.0,600,850.762726
-600.0,600,852.166598
-600.0,600,861.164025
-319.0,320,867.903487
-600.0,600,872.000023
-600.0,600,888.756941
-600.0,600,899.066932
-600.0,600,914.580718
-166.0,167,918.835353
-600.0,600,918.98256
-600.0,600,920.503147
-600.0,600,929.851655
-600.0,600,936.569197
-600.0,600,940.919986
-600.0,600,957.976114
-600.0,600,983.378771
-600.0,600,987.411433
-600.0,600,987.557004
-600.0,600,989.033641
-600.0,600,998.415617
-600.0,600,1005.033279
-600.0,600,1009.168293
-600.0,600,1026.352161
-600.0,600,1051.739809
-600.0,600,1055.446451
-600.0,600,1055.568965
-600.0,600,1056.968534
-654.0,555,1060.975785
-600.0,600,1072.729579
-242.0,143,1073.217612
-600.0,600,1077.007421
-600.0,600,1094.315646
-600.0,600,1119.856687
-600.0,600,1123.961151
-600.0,600,1124.101653
-600.0,600,1130.081804
-123.0,24,1132.832149
-247.0,148,1137.181651
-600.0,600,1141.480563
-600.0,600,1142.040698
-184.0,85,1142.268834
-600.0,600,1145.864475
-600.0,600,1163.460099
-600.0,600,1193.280162
-600.0,600,1193.401757
-600.0,600,1206.130771
-600.0,600,1210.779741
-600.0,600,1211.289275
-600.0,600,1211.539729
-600.0,600,1215.236662
-600.0,600,1233.037275
-600.0,600,1262.092796
-600.0,600,1262.222914
-600.0,600,1275.504035
-600.0,600,1280.167115
-600.0,600,1280.632815
-600.0,600,1280.867832
-600.0,600,1284.308307
-600.0,600,1485.411586
-600.0,600,1514.811372
-600.0,600,1514.928669
-600.0,600,1527.69978
-600.0,600,1532.349549
-600.0,600,1532.785792
-600.0,600,1533.010914
-600.0,600,1536.345649
-600.0,600,1553.71419
-600.0,600,1583.388976
-600.0,600,1583.501286
-600.0,600,1596.294119
-600.0,600,1600.943044
-600.0,600,1601.433316
-600.0,600,1601.674425
-600.0,600,1605.178289
-600.0,600,1622.697941
-600.0,600,1652.290873
-600.0,600,1652.3988
-600.0,600,1665.235341
-600.0,600,1669.540691
-600.0,600,1670.025181
-600.0,600,1670.268992
-600.0,600,1673.961116
-600.0,600,1691.109789
-365.0,366,1693.841721
-600.0,600,1719.98752
-600.0,600,1732.52695
-600.0,600,1737.030957
-600.0,600,1737.477145
-600.0,600,1737.702793
-600.0,600,1741.168226
-203.0,104,1744.352052
-589.0,590,1757.574469
-600.0,600,1761.565038
-600.0,600,1788.882179
-600.0,600,1806.611838
-600.0,600,1807.094154
-600.0,600,1807.336562
-600.0,600,1810.91652
-600.0,600,1813.978107
-119.0,120,1820.124484
-600.0,600,1826.949435
-58.0,59,1827.059595
-600.0,600,1830.795352
-600.0,600,1857.682648
-602.0,503,1864.83629
-600.0,600,1876.408257
-600.0,600,1879.869055
-600.0,600,1882.823745
-168.0,69,1884.117092
-123.0,24,1886.880183
-600.0,600,1895.907818
-600.0,600,1896.022248
-600.0,600,1899.848402
-658.0,559,1921.339979
-373.0,374,1928.895275
-600.0,600,1932.681847
-600.0,600,1947.625339
-600.0,600,1950.885425
-600.0,600,1963.635374
-600.0,600,1963.742914
-600.0,600,1967.401084
-350.0,251,1979.08496
-600.0,600,1989.344844
-600.0,600,1996.85598
-600.0,600,2000.697392
-600.0,600,2015.646018
-600.0,600,2031.149147
-600.0,600,2031.256025
-600.0,600,2035.07043
-200.0,101,2223.567469
-600.0,600,2223.694168
-131.0,32,2227.297075
-600.0,600,2234.207806
-661.0,562,2237.414458
-600.0,600,2245.545084
-600.0,600,2260.380445
-436.0,337,2262.208688
-533.0,534,2269.040165
-189.0,90,2270.59653
-600.0,600,2276.482287
-467.0,368,2279.358677
-600.0,600,2295.55998
-600.0,600,2302.618636
-600.0,600,2313.933625
-151.0,52,2319.858722
-259.0,260,2325.35449
-114.0,15,2327.066765
-546.0,447,2327.503961
-600.0,600,2330.482921
-135.0,36,2331.024707
-200.0,101,2331.402117
-558.0,459,2331.655401
-600.0,600,2337.420754
-58.0,59,2338.075925
-600.0,600,2339.025039
-261.0,162,2348.864316
-600.0,600,2370.576497
-453.0,354,2388.762374
-642.0,543,2392.794273
-600.0,600,2395.254322
-600.0,600,2399.122974
-123.0,24,2401.977396
-188.0,89,2403.529364
-114.0,15,2403.77728
-600.0,600,2405.701275
-122.0,23,2406.362089
-600.0,600,2406.362161
-600.0,600,2407.346873
-168.0,69,2414.49102
-216.0,117,2419.856722
-521.0,522,2430.394195
-225.0,226,2445.433293
-395.0,296,2447.992505
-600.0,600,2457.98481
-600.0,600,2464.779012
-600.0,600,2472.613997
-600.0,600,2474.888502
-600.0,600,2476.468569
-51.0,52,2478.738338
-142.0,43,2479.948357
-419.0,320,2485.493929
-600.0,600,2499.649843
-219.0,220,2501.519305
-278.0,279,2510.275132
-600.0,600,2514.637462
-414.0,315,2521.259239
-158.0,59,2521.483393
-219.0,120,2524.119158
-600.0,600,2526.640694
-600.0,600,2533.176167
-600.0,600,2548.018665
-317.0,218,2548.835362
-282.0,283,2558.732763
-95.0,96,2559.73508
-600.0,600,2567.852592
-600.0,600,2569.725375
-219.0,120,2583.072468
-600.0,600,2588.831884
-600.0,600,2589.0457
-600.0,600,2601.114517
-264.0,165,2608.27533
-600.0,600,2616.007146
-600.0,600,2627.041013
-600.0,600,2627.914841
-600.0,600,2635.807158
-600.0,600,2651.832503
-236.0,237,2654.361237
-600.0,600,2657.957764
-600.0,600,2670.376335
-600.0,600,2677.226626
-600.0,600,2685.477177
-600.0,600,2697.381629
-600.0,600,2705.494748
-600.0,600,2721.647243
-600.0,600,2724.059695
-600.0,600,2727.47009
-660.0,561,2735.341545
-190.0,191,2743.506454
-600.0,600,2746.838289
-600.0,600,2754.922842
-600.0,600,2766.743181
-600.0,600,2774.5165
-600.0,600,2966.408412
-600.0,600,2969.764536
-151.0,52,2972.183178
-600.0,600,2977.449236
-371.0,272,2979.007424
-600.0,600,2985.417377
-128.0,129,2986.588953
-600.0,600,2988.544827
-130.0,131,2993.590152
-600.0,600,2996.258849
-198.0,99,3007.438445
-600.0,600,3007.886451
-289.0,190,3014.815229
-600.0,600,3036.936447
-600.0,600,3044.312175
-600.0,600,3052.333122
-600.0,600,3053.592153
-600.0,600,3055.589246
-602.0,503,3063.993801
-600.0,600,3073.951841
-350.0,251,3079.951007
-600.0,600,3081.277867
-120.0,21,3083.483321
-552.0,453,3086.757089
-39.0,40,3091.13375
-172.0,73,3098.98769
-460.0,361,3103.140918
-637.0,538,3103.287841
-600.0,600,3119.460202
-600.0,600,3121.430202
-184.0,85,3130.594528
-600.0,600,3140.087571
-600.0,600,3146.288591
-511.0,412,3149.226573
-600.0,600,3150.091962
-386.0,287,3151.551853
-540.0,441,3152.584693
-202.0,103,3157.83735
-600.0,600,3165.758963
-149.0,150,3166.623965
-262.0,263,3180.619571
-600.0,600,3197.018053
-400.0,301,3198.727931
-596.0,497,3203.742732
-600.0,600,3206.18045
-600.0,600,3218.880593
-600.0,600,3224.1519
-600.0,600,3233.48699
-600.0,600,3247.421628
-435.0,336,3256.200525
-600.0,600,3263.792048
-600.0,600,3265.422791
-144.0,45,3268.766516
-513.0,414,3269.928169
-600.0,600,3270.606996
-600.0,600,3273.106242
-292.0,193,3290.034689
-290.0,191,3290.887822
-140.0,41,3294.435333
-532.0,433,3294.677792
-325.0,226,3295.380555
-108.0,9,3295.489229
-600.0,600,3299.285222
-294.0,195,3321.043155
-600.0,600,3322.538526
-600.0,600,3332.127352
-600.0,600,3339.729182
-209.0,110,3344.317826
-600.0,600,3357.645334
-600.0,600,3361.566138
-600.0,600,3362.262475
-600.0,600,3362.373802
-600.0,600,3387.517417
-600.0,600,3388.880987
-87.0,88,3398.379124
-600.0,600,3405.68485
-600.0,600,3410.103448
-220.0,121,3411.619224
-600.0,600,3423.384826
-600.0,600,3427.069089
-600.0,600,3427.755245
-600.0,600,3427.861861
-161.0,162,3429.311961
-131.0,132,3441.866107
-600.0,600,3453.248665
-212.0,113,3454.311103
-101.0,102,3465.387012
-495.0,396,3471.419749
-699.0,600,3471.530667
-600.0,600,3476.078901
-107.0,108,3483.448753
-40.0,41,3487.995167
-600.0,600,3489.47445
-600.0,600,3494.222347
-600.0,600,3495.634546
-600.0,600,3699.097817
-600.0,600,3711.360769
-600.0,600,3717.458684
-600.0,600,3722.03176
-600.0,600,3734.07731
-215.0,116,3734.977826
-600.0,600,3735.567129
-600.0,600,3740.289591
-600.0,600,3741.838468
-107.0,108,3746.170379
-600.0,600,3765.721308
-600.0,600,3778.251907
-600.0,600,3784.24162
-600.0,600,3801.975216
-600.0,600,3802.53818
-600.0,600,3807.090298
-54.0,55,3808.550833
-600.0,600,3808.550897
-22.0,23,3811.163578
-600.0,600,3813.005081
-600.0,600,3832.789626
-600.0,600,3845.060203
-600.0,600,3851.37408
-600.0,600,3869.079856
-600.0,600,3874.250177
-369.0,270,3875.279287
-600.0,600,3875.591479
-600.0,600,3878.219884
-600.0,600,3880.115592
-600.0,600,3899.553292
-600.0,600,3918.062363
-600.0,600,3935.949861
-600.0,600,3940.853374
-600.0,600,3941.967177
-600.0,600,3942.347314
-600.0,600,3944.956984
-600.0,600,3946.750259
-263.0,264,3947.412043
-600.0,600,3966.120914
-392.0,293,3979.765563
-434.0,335,3981.843008
-600.0,600,4002.002192
-600.0,600,4007.167494
-600.0,600,4008.339576
-600.0,600,4008.68937
-600.0,600,4013.23399
-600.0,600,4033.018651
-345.0,246,4034.933979
-275.0,276,4039.86203
-45.0,46,4044.945258
-600.0,600,4046.825393
-600.0,600,4048.868308
-600.0,600,4069.432378
-600.0,600,4075.735634
-600.0,600,4080.346504
-600.0,600,4100.043591
-184.0,185,4100.974452
-600.0,600,4101.828729
-600.0,600,4111.519427
-196.0,97,4112.343596
-600.0,600,4113.278484
-600.0,600,4115.331199
-600.0,600,4135.412373
-600.0,600,4141.809718
-600.0,600,4166.142668
-600.0,600,4167.128463
-83.0,84,4175.38871
-600.0,600,4177.813221
-600.0,600,4178.719189
-108.0,9,4179.756557
-600.0,600,4179.756615
-600.0,600,4181.985418
-101.0,102,4191.476508
-600.0,600,4202.950372
-600.0,600,4209.718416
-119.0,20,4212.003814
-114.0,15,4213.690317
-600.0,600,4235.510643
-598.0,499,4237.010106
-600.0,600,4244.096424
-600.0,600,4246.518847
-600.0,600,4250.370303
-600.0,600,4444.731108
-600.0,600,4455.656775
-600.0,600,4465.968146
-115.0,16,4467.759768
-168.0,169,4474.346561
-600.0,600,4487.294613
-600.0,600,4488.743455
-600.0,600,4495.717614
-600.0,600,4498.245193
-600.0,600,4502.126582
-600.0,600,4511.370722
-600.0,600,4534.563684
-33.0,34,4538.521905
-600.0,600,4541.624371
-600.0,600,4554.268586
-600.0,600,4555.729476
-269.0,170,4557.304302
-600.0,600,4562.60717
-600.0,600,4564.946345
-27.0,28,4565.626991
-600.0,600,4569.066409
-600.0,600,4578.626141
-600.0,600,4608.196703
-600.0,600,4621.078411
-600.0,600,4622.502822
-600.0,600,4624.103127
-142.0,43,4625.882047
-118.0,19,4628.042544
-600.0,600,4631.899175
-600.0,600,4632.556203
-600.0,600,4635.820274
-600.0,600,4645.065423
-600.0,600,4675.167214
-600.0,600,4689.303174
-600.0,600,4690.941714
-600.0,600,4694.877128
-600.0,600,4698.767197
-600.0,600,4699.441497
-600.0,600,4702.727089
-600.0,600,4712.123751
-211.0,212,4718.624182
-170.0,71,4720.118063
-50.0,51,4724.475752
-600.0,600,4741.807753
-600.0,600,4756.024464
-600.0,600,4757.691748
-600.0,600,4765.629582
-600.0,600,4766.289268
-600.0,600,4769.770882
-600.0,600,4786.890869
-202.0,203,4788.875434
-600.0,600,4790.925183
-600.0,600,4809.024988
-600.0,600,4823.760761
-600.0,600,4825.420376
-113.0,14,4827.056951
-600.0,600,4833.324174
-600.0,600,4837.247218
-203.0,104,4838.580317
-369.0,270,4839.656525
-141.0,42,4841.88406
-546.0,547,4852.516173
-600.0,600,4854.182149
-600.0,600,4856.272684
-600.0,600,4890.51188
-600.0,600,4899.858228
-204.0,105,4902.24597
-600.0,600,4905.394027
-600.0,600,4906.385448
-600.0,600,4908.770454
-600.0,600,4919.917491
-600.0,600,4921.569008
-600.0,600,4923.766084
-600.0,600,4968.004076
-600.0,600,4970.432879
-600.0,600,4973.558927
-600.0,600,4974.621399
-600.0,600,4977.087006
-600.0,600,4987.816201
-600.0,600,4989.61747
-600.0,600,4991.766602
-96.0,97,5180.829789
-293.0,194,5189.535707
-600.0,600,5213.851364
-600.0,600,5216.311779
-600.0,600,5219.391147
-600.0,600,5220.546041
-600.0,600,5222.91524
-600.0,600,5234.14521
-117.0,118,5236.630053
-600.0,600,5249.078267
-42.0,43,5253.942479
-600.0,600,5258.0398
-600.0,600,5283.037638
-600.0,600,5285.520377
-600.0,600,5288.734
-600.0,600,5289.75056
-600.0,600,5303.537691
-600.0,600,5305.930089
-269.0,270,5320.969294
-241.0,142,5322.25071
-600.0,600,5323.502717
-600.0,600,5327.416348
-550.0,551,5348.671984
-600.0,600,5351.686465
-600.0,600,5357.115766
-148.0,49,5362.792057
-477.0,378,5363.704744
-395.0,396,5367.104407
-600.0,600,5372.009947
-60.0,61,5374.359661
-600.0,600,5392.201665
-600.0,600,5396.287079
-171.0,72,5400.662944
-600.0,600,5417.955207
-600.0,600,5421.043307
-600.0,600,5432.031801
-600.0,600,5432.907988
-600.0,600,5440.859494
-600.0,600,5443.08516
-193.0,94,5443.570757
-600.0,600,5464.826733
-300.0,201,5466.311849
-600.0,600,5469.143962
-222.0,223,5469.24719
-505.0,406,5478.343486
-186.0,87,5479.040365
-600.0,600,5486.076147
-600.0,600,5489.336367
-229.0,230,5492.139623
-79.0,80,5498.152818
-600.0,600,5508.687946
-447.0,448,5519.369995
-600.0,600,5532.193252
-541.0,442,5535.594979
-164.0,65,5543.370607
-600.0,600,5546.043208
-600.0,600,5546.776632
-600.0,600,5559.867571
-103.0,4,5560.351233
-159.0,160,5561.374016
-600.0,600,5565.935828
-600.0,600,5576.761105
-600.0,600,5587.651204
-96.0,97,5598.785223
-600.0,600,5600.782676
-327.0,328,5614.060616
-600.0,600,5614.06068
-600.0,600,5614.799296
-168.0,69,5622.04297
-600.0,600,5628.739561
-600.0,600,5629.739905
-106.0,107,5634.337737
-600.0,600,5634.451529
-500.0,501,5655.547091
-240.0,241,5661.526982
-26.0,27,5664.566045
-600.0,600,5668.590014
-600.0,600,5682.122689
-600.0,600,5682.774366
-600.0,600,5696.240511
-600.0,600,5697.176564
-165.0,166,5700.516951
-600.0,600,5701.743408
-600.0,600,5723.055249
-355.0,256,5725.167513
-28.0,29,5728.549938
-600.0,600,5732.311848
-600.0,600,5736.310265
-600.0,600,5926.035613
-144.0,145,5928.213851
-57.0,58,5934.908582
-326.0,327,5935.675129
-600.0,600,5940.576745
-600.0,600,5944.047909
-600.0,600,5945.200205
-34.0,35,5949.118721
-140.0,41,5954.064566
-130.0,131,5955.83294
-450.0,451,5959.091617
-295.0,296,5959.816456
-87.0,88,5969.248011
-600.0,600,5972.245231
-257.0,158,5973.773707
-441.0,342,5974.715232
-189.0,190,5996.48491
-408.0,409,6000.794111
-600.0,600,6003.441372
-600.0,600,6012.890949
-600.0,600,6028.289217
-600.0,600,6037.608439
-600.0,600,6040.939594
-600.0,600,6042.421115
-600.0,600,6065.071985
-231.0,232,6068.763437
-600.0,600,6069.211529
-600.0,600,6071.716472
-424.0,325,6078.085721
-82.0,83,6078.427942
-600.0,600,6081.466342
-112.0,13,6083.014409
-228.0,129,6092.930944
-685.0,586,6095.531051
-167.0,68,6103.643605
-600.0,600,6106.888777
-427.0,428,6114.420573
-293.0,294,6116.956027
-519.0,420,6120.634821
-600.0,600,6139.073045
-405.0,306,6142.355103
-29.0,30,6145.807704
-600.0,600,6148.06434
-71.0,72,6153.957406
-600.0,600,6162.449828
-312.0,213,6163.297378
-420.0,421,6165.522074
-104.0,105,6165.878512
-72.0,73,6171.73121
-600.0,600,6172.755698
-62.0,63,6172.912232
-47.0,48,6178.547379
-600.0,600,6183.697426
-600.0,600,6189.992476
-476.0,377,6216.250021
-600.0,600,6217.031437
-28.0,29,6219.475124
-600.0,600,6231.382056
-600.0,600,6234.921722
-600.0,600,6240.690144
-600.0,600,6247.345465
-86.0,87,6250.698923
-600.0,600,6252.577766
-600.0,600,6258.329727
-184.0,85,6260.046555
-88.0,89,6262.208106
-122.0,123,6273.499779
-600.0,600,6284.773698
-454.0,355,6287.125728
-600.0,600,6287.409955
-248.0,149,6290.725953
-600.0,600,6299.337898
-455.0,356,6302.812476
-600.0,600,6302.927885
-130.0,31,6306.364795
-55.0,56,6309.44537
-40.0,41,6314.224733
-624.0,525,6318.158864
-149.0,50,6323.97938
-303.0,204,6329.905053
-569.0,470,6338.747188
-110.0,111,6342.511687
-426.0,327,6351.60121
-600.0,600,6355.949828
-600.0,600,6356.20397
-123.0,124,6356.690542
-600.0,600,6359.510197
-600.0,600,6368.08222
-370.0,271,6369.813543
-510.0,411,6370.886178
-128.0,129,6385.60901
-108.0,109,6397.651287
-603.0,504,6413.299365
-600.0,600,6419.366045
-600.0,600,6424.115168
-600.0,600,6424.772179
-600.0,600,6427.563132
-277.0,278,6429.29028
-600.0,600,6436.097796
-600.0,600,6437.839161
-62.0,63,6443.338697
-33.0,34,6447.247017
-113.0,114,6450.765661
-516.0,417,6460.493388
-232.0,133,6465.991065
-384.0,385,6467.904931
-123.0,124,6482.110782
-600.0,600,6488.218663
-600.0,600,6493.3013
-600.0,600,6681.728851
-600.0,600,6683.411045
-38.0,39,6686.116077
-109.0,110,6686.226564
-56.0,57,6689.721583
-600.0,501,6689.829404
-59.0,60,6696.468406
-46.0,47,6701.76341
-460.0,461,6703.864068
-600.0,600,6714.596768
-355.0,256,6715.061796
-600.0,600,6735.604747
-532.0,533,6746.314373
-698.0,599,6746.531108
-600.0,600,6757.971673
-430.0,431,6764.50015
-561.0,562,6768.194799
-600.0,600,6770.463187
-272.0,173,6778.035888
-674.0,575,6780.601042
-501.0,402,6782.123636
-420.0,321,6783.742447
-303.0,204,6791.629709
-74.0,75,6792.332413
-123.0,124,6806.601383
-288.0,289,6813.699326
-600.0,600,6815.64974
-600.0,600,6833.409394
-222.0,223,6839.262089
-600.0,600,6839.384531
-502.0,503,6839.746978
-600.0,600,6847.287604
-637.0,538,6853.814407
-600.0,600,6875.497274
-49.0,50,6881.227983
-600.0,600,6884.558743
-456.0,457,6885.980017
-134.0,135,6899.911816
-154.0,155,6903.448146
-600.0,600,6907.882816
-600.0,600,6908.000947
-600.0,600,6908.338998
-33.0,34,6911.723018
-600.0,600,6915.434501
-600.0,600,6922.040442
-217.0,218,6933.086914
-252.0,153,6933.086985
-174.0,175,6942.285251
-86.0,87,6943.168356
-150.0,51,6947.976354
-600.0,600,6949.799035
-212.0,113,6955.855725
-339.0,240,6960.301722
-122.0,123,6963.751428
-600.0,600,6968.409281
-600.0,600,6972.159513
-213.0,114,6973.737548
-600.0,600,6977.295048
-600.0,600,6980.756411
-393.0,294,6997.744027
-498.0,399,7014.324997
-600.0,600,7016.759123
-189.0,90,7024.598982
-600.0,600,7024.816445
-568.0,469,7027.330655
-201.0,102,7028.304927
-600.0,600,7040.679902
-118.0,119,7041.829227
-600.0,600,7045.748712
-600.0,600,7049.231699
-199.0,100,7057.116351
-600.0,600,7066.48122
-466.0,367,7066.956123
-188.0,89,7067.777801
-152.0,153,7083.841178
-222.0,223,7092.2288
-600.0,600,7093.11042
-502.0,403,7095.439855
-600.0,600,7096.024474
-107.0,108,7096.142395
-650.0,551,7104.113543
-194.0,95,7107.101979
-600.0,600,7110.761458
-307.0,208,7119.547753
-293.0,194,7129.553645
-153.0,54,7135.638339
-600.0,600,7136.489055
-533.0,434,7142.937975
-581.0,482,7147.580153
-320.0,221,7161.002364
-612.0,513,7163.064008
-600.0,600,7165.184511
-194.0,95,7173.839161
-229.0,130,7175.936985
-600.0,600,7179.716013
-350.0,351,7188.242174
-600.0,600,7188.627764
-125.0,126,7194.508316
-186.0,87,7198.622891
-297.0,198,7198.975941
-652.0,553,7200.174045
-26.0,27,7201.669657
-111.0,12,7203.08805
-94.0,95,7211.077263
-600.0,600,7212.183877
-211.0,112,7215.827261
-111.0,112,7224.732218
-366.0,267,7224.732281
-132.0,33,7228.673808
-654.0,555,7228.807854
-471.0,372,7230.631808
-28.0,29,7233.947157
-195.0,96,7239.591894
-600.0,600,7242.594625
-27.0,28,7245.927298
-493.0,494,7395.342293
-109.0,110,7398.402864
-137.0,38,7399.532809
-526.0,427,7399.644208
-193.0,94,7410.285384
-54.0,55,7416.658435
-277.0,178,7418.665403
-600.0,600,7424.059259
-69.0,70,7424.50181
-59.0,60,7425.350263
-600.0,600,7432.747056
-317.0,318,7435.269859
-600.0,600,7436.527622
-140.0,141,7440.949398
-77.0,78,7441.514946
-600.0,600,7441.722795
-581.0,582,7445.321254
-101.0,102,7446.742614
-242.0,243,7451.800217
-121.0,122,7455.405676
-129.0,130,7456.638267
-140.0,141,7457.164563
-430.0,331,7461.661582
-108.0,109,7468.629426
-207.0,108,7469.598496
-318.0,219,7471.080004
-224.0,225,7483.299373
-238.0,139,7486.90697
-274.0,175,7488.464433
-57.0,58,7489.88202
-261.0,262,7491.769288
-45.0,46,7492.139937
-173.0,74,7500.117575
-600.0,600,7505.304267
-238.0,139,7507.890758
-188.0,89,7510.267872
-600.0,600,7515.804583
-253.0,254,7517.501627
-241.0,242,7517.624699
-600.0,600,7520.923398
-574.0,475,7523.941643
-166.0,167,7524.746997
-45.0,46,7526.271323
-315.0,216,7535.427338
-223.0,124,7540.728946
-75.0,76,7549.57123
-359.0,260,7554.220521
-352.0,353,7558.910677
-232.0,133,7565.149309
-356.0,257,7565.52211
-600.0,600,7577.518705
-586.0,487,7581.308704
-600.0,600,7585.526136
-600.0,600,7587.242876
-283.0,284,7591.542864
-353.0,254,7607.173991
-600.0,600,7623.97344
-143.0,144,7623.973503
-537.0,538,7627.624409
-181.0,82,7633.502034
-600.0,600,7635.152711
-600.0,600,7650.630378
-600.0,600,7654.866623
-600.0,600,7656.484469
-600.0,600,7660.716611
-600.0,600,7692.314102
-600.0,600,7695.73874
-600.0,600,7701.57831
-600.0,600,7703.214148
-152.0,153,7709.484752
-600.0,600,7718.372553
-600.0,600,7722.675168
-600.0,600,7724.165038
-168.0,169,7728.410489
-600.0,600,7728.52755
-84.0,85,7738.221218
-202.0,203,7752.128897
-262.0,163,7756.993293
-600.0,600,7764.096686
-600.0,600,7769.864545
-600.0,600,7771.479213
-548.0,449,7775.6221
-63.0,64,7782.860552
-600.0,600,7786.966655
-171.0,172,7789.497175
-600.0,600,7791.543092
-431.0,432,7801.692676
-198.0,199,7806.341558
-135.0,136,7807.505213
-416.0,317,7808.139046
-201.0,202,7810.747051
-43.0,44,7813.05355
-540.0,441,7814.770099
-600.0,600,7825.950078
-350.0,251,7834.783403
-255.0,256,7839.866767
-168.0,169,7854.224147
-600.0,600,7858.261467
-78.0,79,7863.009277
-600.0,600,7870.117839
-600.0,600,7875.677186
-573.0,574,7880.105771
-600.0,600,7881.345974
-468.0,469,7892.90816
-600.0,600,7893.862792
-173.0,174,7895.122628
-337.0,338,7900.99424
-68.0,69,7902.922075
-110.0,111,7905.412763
-348.0,349,7919.35016
-182.0,183,7921.900032
-166.0,167,7924.456908
-600.0,600,7926.18433
-600.0,600,7937.756316
-151.0,152,7941.483858
-235.0,236,7945.835417
-600.0,600,7948.82356
-519.0,420,7950.270688
-371.0,272,7952.326746
-107.0,108,7953.471644
-175.0,176,7957.428864
-600.0,600,7961.461117
-429.0,330,7963.096042
-39.0,40,8090.757063
-287.0,288,8102.848905
-270.0,271,8105.294377
-350.0,251,8109.976107
-342.0,243,8114.732008
-115.0,116,8123.056422
-128.0,129,8129.175121
-474.0,475,8131.099293
-600.0,600,8140.528568
-201.0,102,8140.667053
-167.0,168,8141.986815
-345.0,346,8144.079383
-600.0,600,8144.288477
-169.0,70,8148.812703
-61.0,62,8151.203491
-25.0,26,8154.039338
-76.0,77,8157.512958
-600.0,600,8158.082368
-619.0,520,8161.483103
-335.0,236,8167.751958
-328.0,329,8168.870987
-283.0,184,8175.114559
-344.0,345,8181.313379
-310.0,211,8185.381108
-116.0,17,8187.29181
-198.0,199,8190.166395
-403.0,304,8192.748106
-57.0,58,8194.05685
-52.0,53,8196.319353
-204.0,205,8198.472547
-158.0,159,8199.497127
-36.0,37,8200.479329
-128.0,129,8207.540189
-600.0,600,8212.69394
-559.0,560,8221.18375
-131.0,132,8222.361458
-204.0,205,8223.72923
-600.0,600,8236.923285
-338.0,339,8237.943324
-276.0,177,8242.625454
-74.0,75,8246.669831
-210.0,211,8247.888507
-46.0,47,8248.003796
-172.0,173,8256.926402
-514.0,515,8257.270776
-395.0,396,8257.933327
-37.0,38,8261.238632
-600.0,600,8262.577119
-261.0,162,8266.831451
-148.0,49,8268.311502
-184.0,185,8269.419054
-223.0,124,8272.346746
-80.0,81,8276.219012
-289.0,290,8280.273056
-94.0,95,8286.986892
-600.0,600,8290.059499
-253.0,254,8298.633338
-81.0,82,8299.849671
-375.0,276,8300.207944
-25.0,26,8303.133348
-265.0,166,8322.489631
-600.0,600,8326.79859
-103.0,4,8327.324092
-600.0,600,8331.007183
-98.0,99,8334.153529
-600.0,600,8341.960028
-386.0,387,8343.673389
-138.0,39,8346.366947
-180.0,181,8348.270267
-696.0,597,8349.426909
-45.0,46,8353.642911
-600.0,600,8356.670635
-121.0,122,8357.697565
-47.0,48,8359.153941
-638.0,539,8362.413296
-304.0,305,8366.230833
-281.0,182,8367.505258
-50.0,51,8368.324081
-221.0,122,8371.820999
-428.0,429,8383.674998
-315.0,216,8384.113707
-267.0,168,8387.029898
-493.0,394,8402.380296
-299.0,300,8403.06925
-55.0,56,8408.883438
-438.0,339,8411.172954
-171.0,72,8411.415585
-600.0,600,8418.5999
-460.0,461,8419.338064
-21.0,22,8421.279991
-186.0,87,8421.280051
-414.0,315,8423.243553
-137.0,38,8425.707307
-205.0,106,8431.452034
-179.0,80,8434.613676
-132.0,133,8436.383989
-171.0,72,8439.692147
-174.0,75,8443.246103
-102.0,103,8448.300365
-43.0,44,8448.424447
-563.0,564,8448.560959
-124.0,25,8451.492984
-102.0,103,8451.762518
-600.0,600,8453.305844
-59.0,60,8458.5488
-58.0,59,8458.675431
-585.0,486,8464.529085
-141.0,142,8469.217067
-116.0,117,8471.603622
-233.0,234,8475.091574
-600.0,600,8479.993456
-143.0,144,8481.130136
-600.0,600,8492.028308
-110.0,111,8492.551874
-303.0,304,8504.040711
-600.0,600,8517.110621
-40.0,41,8521.852124
-600.0,600,8526.862147
-107.0,8,8527.847725
-495.0,396,8537.35534
-600.0,600,8540.478887
-134.0,35,8541.293103
-600.0,600,8543.870971
-30.0,31,8544.095959
-464.0,465,8545.694822
-600.0,600,8549.371661
-361.0,362,8563.154893
-220.0,221,8570.779022
-71.0,72,8571.262049
-600.0,600,8572.587208
-338.0,239,8576.574988
-477.0,478,8582.248082
-112.0,113,8583.631491
-351.0,352,8583.774667
-80.0,81,8585.977494
-146.0,147,8589.532331
-60.0,61,8590.695205
-63.0,64,8598.148852
-123.0,124,8603.801613
-188.0,189,8605.560146
-683.0,584,8608.0317
-600.0,600,8612.443891
-117.0,118,8619.07015
-176.0,77,8621.431043
-210.0,211,8622.408606
-97.0,98,8630.629339
-600.0,600,8640.650261
-66.0,67,8648.443669
-600.0,600,8651.747344
-600.0,600,8655.461793
-577.0,578,8791.183333
-202.0,203,8792.192666
-203.0,204,8795.539943
-600.0,600,8797.646218
-112.0,113,8807.902656
-600.0,600,8810.564914
-600.0,600,8811.491234
-90.0,91,8818.133817
-600.0,600,8819.352823
-91.0,92,8820.891674
-97.0,98,8822.406008
-132.0,33,8822.987981
-57.0,58,8827.417252
-600.0,600,8843.74459
-194.0,195,8849.600196
-614.0,515,8855.901286
-600.0,600,8858.852362
-600.0,600,8859.888619
-436.0,337,8861.587457
-237.0,138,8874.650985
-199.0,200,8878.71626
-297.0,298,8883.863868
-536.0,537,8883.863933
-600.0,600,8886.655011
-231.0,232,8887.969274
-523.0,424,8892.117427
-77.0,78,8895.531423
-153.0,54,8898.304372
-158.0,159,8901.966374
-226.0,227,8904.572408
-235.0,236,8910.636126
-133.0,134,8926.240377
-600.0,600,8928.35585
-240.0,241,8932.092613
-511.0,512,8933.05965
-58.0,59,8939.117932
-357.0,358,8939.4875
-500.0,401,8948.282044
-246.0,247,8955.233801
-600.0,600,8957.705004
-396.0,297,8963.568105
-227.0,128,8963.681734
-206.0,207,8963.801756
-600.0,600,8965.527209
-144.0,45,8969.201357
-171.0,172,8984.895405
-278.0,179,8987.555903
-252.0,153,8988.004542
-202.0,103,8996.993778
-600.0,600,9005.186714
-169.0,70,9005.300833
-448.0,349,9006.061167
-260.0,161,9007.148893
-165.0,166,9007.266574
-600.0,600,9011.739502
-174.0,75,9014.460851
-33.0,34,9015.83022
-513.0,514,9019.571211
-109.0,110,9020.259608
-132.0,133,9021.793661
-600.0,600,9027.217654
-212.0,113,9032.911764
-143.0,144,9039.133924
-385.0,286,9039.388199
-52.0,53,9039.388259
-125.0,126,9042.457326
-108.0,9,9043.541615
-84.0,85,9049.176631
-90.0,91,9050.179467
-164.0,65,9051.231115
-489.0,390,9053.678083
-138.0,39,9058.30169
-121.0,22,9060.972935
-196.0,97,9062.649685
-506.0,407,9062.649742
-117.0,118,9064.044689
-472.0,373,9064.52906
-125.0,26,9065.70652
-89.0,90,9071.656253
-86.0,87,9074.695977
-231.0,132,9078.954649
-600.0,600,9088.111953
-167.0,168,9092.938808
-265.0,266,9097.595443
-182.0,83,9098.252317
-19.0,20,9100.699436
-159.0,60,9104.738283
-100.0,101,9104.95584
-600.0,600,9112.029448
-106.0,7,9112.855557
-135.0,36,9117.359487
-238.0,139,9117.481911
-214.0,115,9118.868481
-673.0,574,9119.008793
-145.0,146,9122.269671
-52.0,53,9123.683799
-113.0,114,9132.449869
-600.0,600,9138.576414
-280.0,181,9143.647822
-600.0,600,9147.280889
-600.0,600,9151.458286
-364.0,265,9155.660348
-238.0,139,9160.761272
-37.0,38,9165.211043
-417.0,318,9170.789881
-174.0,175,9186.375278
-148.0,149,9188.651234
-600.0,600,9189.236729
-600.0,600,9190.758377
-428.0,329,9194.872642
-513.0,514,9200.226584
-90.0,91,9201.461452
-116.0,17,9202.232989
-121.0,22,9204.84132
-39.0,40,9206.18539
-117.0,18,9208.251552
-286.0,187,9208.251612
-516.0,517,9209.235493
-287.0,188,9210.792782
-166.0,67,9212.871213
-130.0,31,9213.03061
-155.0,56,9215.006059
-188.0,89,9219.08586
-600.0,600,9223.198083
-346.0,247,9224.208238
-175.0,76,9227.994172
-227.0,128,9228.109755
-159.0,60,9230.430391
-61.0,62,9231.781059
-280.0,181,9236.905341
-304.0,305,9247.521696
-137.0,138,9248.338854
-106.0,107,9249.649951
-321.0,222,9254.773825
-126.0,27,9257.969062
-116.0,17,9259.986495
-600.0,600,9260.792058
-44.0,45,9266.108437
-200.0,201,9271.997043
-205.0,106,9278.61451
-600.0,600,9284.677193
-580.0,481,9285.562321
-228.0,129,9287.473324
-116.0,117,9292.611648
-46.0,47,9293.065786
-600.0,600,9301.642233
-559.0,460,9303.946005
-100.0,101,9304.76671
-137.0,138,9308.600052
-369.0,270,9317.593279
-74.0,75,9317.823288
-600.0,600,9318.743399
-598.0,499,9319.230108
-124.0,25,9321.816809
-39.0,40,9322.589866
-41.0,42,9327.061562
-130.0,31,9330.935485
-226.0,227,9332.660835
-97.0,98,9344.721508
-130.0,131,9347.109031
-600.0,600,9357.347036
-245.0,146,9364.843446
-113.0,114,9370.757458
-600.0,600,9374.359184
-534.0,435,9534.089426
-600.0,600,9535.477032
-581.0,482,9536.455063
-116.0,17,9537.495445
-135.0,136,9545.628385
-293.0,194,9546.422506
-120.0,121,9547.613789
-600.0,600,9549.431026
-69.0,70,9554.19087
-170.0,71,9554.977747
-207.0,208,9558.828771
-109.0,110,9560.624412
-100.0,101,9566.936682
-400.0,301,9573.50853
-600.0,600,9575.190075
-121.0,122,9575.330067
-110.0,11,9576.632726
-239.0,240,9577.826272
-479.0,380,9581.689891
-191.0,92,9585.896749
-163.0,64,9589.21394
-128.0,29,9589.357003
-111.0,112,9590.99858
-131.0,132,9592.112874
-420.0,321,9605.242371
-480.0,381,9619.318861
-378.0,279,9623.24012
-600.0,600,9626.216388
-600.0,600,9631.079938
-92.0,93,9637.475001
-105.0,106,9643.921601
-324.0,225,9650.101776
-130.0,131,9652.827767
-600.0,600,9661.471982
-600.0,600,9663.177258
-18.0,19,9663.774979
-600.0,600,9664.283848
-183.0,84,9674.344282
-600.0,600,9677.072187
-500.0,501,9679.01402
-276.0,177,9685.005468
-200.0,201,9687.207793
-206.0,107,9689.917347
-146.0,47,9695.383395
-278.0,179,9695.50334
-247.0,148,9702.294087
-149.0,150,9704.813901
-138.0,39,9706.899354
-646.0,547,9708.380311
-132.0,33,9710.737835
-130.0,131,9710.850067
-92.0,93,9715.740013
-119.0,20,9718.047962
-652.0,553,9718.170098
-186.0,87,9718.606617
-180.0,81,9720.361424
-600.0,600,9720.966278
-36.0,37,9722.709809
-61.0,62,9725.591968
-265.0,166,9730.560121
-572.0,473,9734.865416
-219.0,120,9735.240134
-107.0,108,9738.194407
-139.0,40,9740.044276
-190.0,91,9741.317341
-177.0,178,9743.994672
-42.0,43,9745.377361
-135.0,136,9754.47164
-686.0,587,9765.311923
-563.0,464,9774.265375
-104.0,105,9777.976419
-326.0,227,9781.850242
-418.0,319,9782.121736
-140.0,41,9782.711114
-421.0,322,9783.914496
-600.0,600,9791.868972
-213.0,114,9795.897979
-134.0,35,9796.023676
-123.0,124,9796.264108
-211.0,112,9796.843669
-249.0,150,9799.596928
-157.0,58,9803.177168
-180.0,81,9805.549443
-600.0,600,9806.402304
-94.0,95,9807.359708
-220.0,121,9811.398316
-600.0,600,9812.767411
-92.0,93,9817.296159
-301.0,202,9826.978615
-216.0,217,9831.135815
-54.0,55,9833.380256
-334.0,235,9840.158623
-600.0,600,9844.71857
-173.0,174,9853.893689
-443.0,444,9859.699077
-497.0,398,9864.490783
-308.0,209,9865.215826
-600.0,600,9870.735605
-200.0,101,9877.292152
-600.0,600,9882.733212
-126.0,127,9892.941479
-169.0,70,9901.300206
-600.0,600,9903.130657
-192.0,93,9914.482098
-432.0,433,9916.991634
-600.0,600,9917.354994
-70.0,71,9922.647093
-439.0,340,9923.469756
-600.0,600,9926.255375
-600.0,600,9931.853574
-179.0,80,9932.976094
-600.0,600,9942.963417
-456.0,357,9944.111068
-111.0,12,9945.579564
-124.0,125,9947.026806
-600.0,600,9988.236257
-381.0,382,9988.352064
-600.0,600,9988.611797
-600.0,600,9994.270799
-173.0,74,9997.48291
-600.0,600,9997.811436
-99.0,100,10000.154349
-600.0,600,10004.512298
-250.0,151,10006.357206
-54.0,55,10006.692886
-214.0,115,10011.39231
-78.0,79,10015.588674
-600.0,600,10016.65402
-600.0,600,10018.160939
-210.0,211,10019.107381
-84.0,85,10025.702587
-74.0,75,10034.62097
-184.0,185,10040.418158
-90.0,91,10045.568232
-90.0,91,10056.448132
-600.0,600,10068.802769
-108.0,109,10069.453582
-559.0,460,10071.688314
-54.0,55,10076.150352
-600.0,600,10076.15044
-649.0,550,10077.087682
-600.0,600,10078.178234
-66.0,67,10079.685556
-33.0,34,10081.047709
-106.0,7,10081.847604
-192.0,93,10087.006403
-160.0,161,10088.009731
-71.0,72,10090.335296
-600.0,600,10090.707776
-125.0,26,10091.106002
-429.0,430,10091.596319
-125.0,126,10093.146019
-71.0,72,10099.257178
-153.0,154,10111.457254
-421.0,322,10338.97075
-501.0,402,10340.305772
-600.0,600,10348.81886
-600.0,600,10352.333295
-127.0,128,10355.550293
-48.0,49,10358.091456
-600.0,600,10359.682376
-600.0,600,10362.999991
-600.0,600,10364.22441
-107.0,108,10371.094774
-103.0,104,10376.67546
-123.0,124,10377.85363
-28.0,29,10380.24485
-600.0,600,10384.359581
-434.0,335,10388.69237
-106.0,107,10393.012126
-62.0,63,10396.205782
-346.0,247,10400.490308
-226.0,227,10405.241836
-600.0,600,10410.643064
-155.0,156,10415.146419
-588.0,589,10426.367053
-99.0,100,10427.283036
-600.0,600,10431.96976
-59.0,60,10434.526516
-186.0,87,10444.858688
-524.0,425,10451.838241
-600.0,600,10456.468519
-369.0,270,10458.703209
-163.0,164,10464.655803
-600.0,600,10465.335624
-196.0,97,10468.149236
-101.0,102,10470.91112
-71.0,72,10473.928175
-358.0,359,10474.978988
-70.0,71,10476.651097
-600.0,600,10477.412403
-209.0,110,10477.780009
-600.0,600,10482.818235
-112.0,113,10490.1925
-245.0,146,10491.355711
-47.0,48,10495.74336
-273.0,174,10497.861989
-175.0,176,10498.408287
-85.0,86,10501.041429
-199.0,200,10505.904148
-122.0,123,10509.687217
-110.0,111,10511.260781
-180.0,81,10520.537398
-600.0,600,10522.430433
-600.0,600,10541.142966
-600.0,600,10545.167481
-130.0,131,10556.51655
-208.0,109,10557.864734
-59.0,60,10564.426535
-492.0,393,10566.115551
-600.0,600,10567.306713
-600.0,600,10570.657727
-71.0,72,10572.739892
-70.0,71,10575.538705
-600.0,600,10575.673962
-600.0,600,10579.513393
-118.0,119,10580.071056
-80.0,81,10584.955685
-105.0,106,10585.091545
-148.0,149,10588.005442
-600.0,600,10592.198718
-158.0,59,10594.931497
-440.0,341,10595.772593
-194.0,95,10596.116835
-35.0,36,10596.356202
-149.0,50,10601.683054
-296.0,197,10602.481049
-220.0,121,10610.119378
-219.0,120,10610.236875
-238.0,139,10611.081887
-131.0,32,10614.621241
-416.0,417,10624.227004
-131.0,132,10625.479671
-236.0,237,10629.890312
-371.0,272,10633.251024
-160.0,161,10633.575076
-39.0,40,10634.594608
-82.0,83,10635.157373
-60.0,61,10640.622462
-100.0,101,10647.226429
-600.0,600,10650.103968
-144.0,145,10651.755765
-600.0,600,10655.511103
-102.0,103,10659.694345
-179.0,180,10662.524101
-180.0,181,10672.191308
-600.0,600,10681.751814
-159.0,160,10681.86609
-197.0,198,10683.639007
-81.0,82,10693.55421
-100.0,101,10693.927769
-600.0,600,10696.207829
-242.0,243,10701.899268
-600.0,600,10705.936798
-28.0,29,10709.593242
-128.0,129,10710.036041
-259.0,160,10716.079535
-178.0,179,10723.472137
-62.0,63,10723.472198
-600.0,600,10724.765504
-600.0,600,10728.281135
-92.0,93,10735.924675
-114.0,115,10737.301463
-85.0,86,10738.747721
-411.0,312,10747.442184
-111.0,112,10751.994568
-229.0,130,10752.688719
-600.0,600,10754.259082
-265.0,166,10755.75679
-209.0,110,10760.495976
-138.0,39,10760.496032
-417.0,318,10761.630877
-183.0,84,10762.23491
-183.0,84,10762.908056
-113.0,14,10763.917684
-600.0,600,10766.066427
-188.0,89,10774.503174
-217.0,118,10774.624063
-115.0,16,10776.430852
-92.0,93,10777.151285
-48.0,49,10780.494526
-600.0,600,10781.327382
-141.0,42,10781.45028
-258.0,259,10785.209088
-93.0,94,10791.353064
-100.0,101,10797.304818
-297.0,298,10798.430661
-144.0,145,10798.670803
-326.0,227,10808.725049
-94.0,95,10809.087863
-181.0,182,10820.712086
-600.0,600,10832.705454
-600.0,600,10833.792816
-600.0,600,10849.215237
-600.0,600,10863.984181
-108.0,9,10865.165859
-600.0,600,10871.302296
-600.0,600,10880.736449
-600.0,600,10881.065214
-47.0,48,10886.246334
-316.0,317,10887.101999
-600.0,600,10892.306367
-312.0,213,10896.258124
-121.0,22,10898.931952
-110.0,111,10899.555831
-600.0,600,10904.289822
-600.0,600,10905.39364
-230.0,231,10908.512432
-136.0,137,10915.6757
-132.0,133,10920.091508
-600.0,600,11073.078846
-105.0,6,11073.767796
-160.0,161,11075.8634
-289.0,290,11079.612212
-600.0,600,11094.813557
-623.0,524,11097.448459
-315.0,216,11099.043959
-600.0,600,11100.021641
-28.0,29,11103.554532
-75.0,76,11112.580807
-600.0,600,11113.061065
-175.0,176,11115.922455
-600.0,600,11123.716385
-189.0,90,11123.973566
-237.0,238,11127.714238
-323.0,324,11136.132209
-179.0,80,11136.999334
-270.0,271,11144.828704
-600.0,600,11146.942966
-211.0,212,11148.722492
-600.0,600,11150.5518
-44.0,45,11152.321328
-109.0,110,11165.139124
-60.0,61,11172.372534
-285.0,186,11172.490654
-222.0,223,11175.128885
-600.0,600,11186.746089
-165.0,166,11194.69434
-600.0,600,11194.815543
-60.0,61,11201.805808
-252.0,253,11202.496095
-600.0,600,11207.107601
-600.0,600,11208.024208
-133.0,134,11210.784749
-600.0,600,11215.723475
-84.0,85,11217.944482
-175.0,176,11222.416556
-136.0,137,11226.524244
-142.0,43,11227.511609
-91.0,92,11228.555413
-288.0,189,11229.152521
-218.0,219,11241.470246
-600.0,600,11243.324986
-348.0,349,11243.717232
-264.0,165,11248.369196
-600.0,600,11258.017895
-267.0,268,11275.976289
-186.0,187,11280.580347
-600.0,600,11299.12371
-154.0,155,11299.668991
-600.0,600,11300.212836
-600.0,600,11301.796706
-23.0,24,11302.451666
-68.0,69,11310.165012
-600.0,600,11314.324085
-600.0,600,11316.194285
-165.0,166,11319.226774
-600.0,600,11321.142865
-187.0,88,11326.634313
-238.0,139,11326.902085
-55.0,56,11333.240881
-600.0,600,11348.702397
-154.0,155,11352.063473
-629.0,530,11364.087878
-120.0,121,11366.605481
-600.0,600,11374.832979
-54.0,55,11381.436555
-578.0,579,11384.029723
-280.0,181,11385.859204
-58.0,59,11388.572686
-600.0,600,11391.44129
-600.0,600,11393.405855
-44.0,45,11398.990198
-600.0,600,11399.395195
-127.0,128,11399.653505
-51.0,52,11405.846983
-86.0,87,11410.165192
-84.0,85,11416.720351
-600.0,600,11422.077006
-264.0,265,11424.611786
-334.0,235,11428.19005
-103.0,4,11428.659758
-110.0,111,11430.271647
-89.0,90,11432.650754
-133.0,34,11436.542558
-600.0,600,11439.564925
-135.0,36,11443.91938
-117.0,18,11446.069999
-600.0,600,11458.244262
-373.0,274,11460.748687
-600.0,600,11460.991881
-225.0,226,11463.215837
-31.0,32,11464.704684
-600.0,600,11481.52729
-156.0,157,11483.27963
-538.0,539,11493.919227
-92.0,93,11494.525493
-600.0,600,11495.366973
-133.0,134,11497.743474
-600.0,600,11517.238327
-600.0,600,11529.794244
-600.0,600,11532.41368
-600.0,600,11534.907504
-451.0,352,11536.109559
-43.0,44,11541.427115
-92.0,93,11545.963941
-165.0,166,11552.074375
-363.0,364,11560.826811
-156.0,157,11564.735048
-600.0,600,11566.250298
-600.0,600,11567.059577
-600.0,600,11569.559362
-93.0,94,11572.167999
-192.0,93,11577.871245
-180.0,181,11586.905218
-235.0,136,11588.812849
-209.0,110,11591.194686
-600.0,600,11602.33967
-177.0,78,11611.676245
-600.0,600,11613.809144
-600.0,600,11624.770626
-183.0,184,11636.054225
-600.0,600,11640.06794
-600.0,600,11642.572629
-28.0,29,11646.030031
-157.0,58,11647.051141
-115.0,116,11650.056553
-128.0,29,11650.435168
-600.0,600,11659.365781
-115.0,116,11659.844221
-600.0,600,11661.290659
-24.0,25,11801.194065
-600.0,600,11802.414724
-134.0,35,11802.86593
-171.0,172,11821.643388
-600.0,600,11822.574058
-285.0,286,11823.398611
-600.0,600,11835.854733
-152.0,153,11839.997276
-153.0,154,11841.051356
-111.0,12,11842.448721
-63.0,64,11843.341608
-99.0,100,11854.666319
-600.0,600,11860.98542
-331.0,232,11867.770404
-600.0,600,11872.042457
-46.0,47,11873.616691
-600.0,600,11874.353019
-258.0,259,11874.580047
-600.0,600,11874.803367
-126.0,27,11875.240914
-107.0,108,11887.679134
-600.0,600,11895.488744
-204.0,205,11912.488951
-600.0,600,11927.186251
-600.0,600,11933.426193
-589.0,490,11933.681198
-34.0,35,11937.74683
-600.0,600,11945.999042
-600.0,600,11946.983251
-600.0,600,11947.730309
-133.0,34,11949.974648
-273.0,174,11954.232996
-313.0,214,11963.503207
-600.0,600,11968.120044
-257.0,158,11969.289427
-134.0,135,11970.70964
-111.0,12,11970.824169
-64.0,65,11976.113442
-104.0,105,11983.642101
-600.0,600,11985.428115
-122.0,123,11985.810057
-118.0,19,11987.81742
-61.0,62,11995.243626
-113.0,114,11999.651947
-600.0,600,11999.933302
-110.0,111,12008.689123
-453.0,454,12018.881588
-600.0,600,12020.014721
-600.0,600,12020.779912
-475.0,376,12022.05056
-35.0,36,12023.439735
-179.0,180,12042.019092
-205.0,106,12055.03719
-600.0,600,12056.814497
-58.0,59,12063.959406
-676.0,577,12070.053655
-139.0,140,12072.104902
-600.0,600,12073.048563
-59.0,60,12077.168998
-600.0,600,12081.844369
-205.0,106,12085.066516
-600.0,600,12094.290656
-600.0,600,12095.492827
-600.0,600,12096.754086
-158.0,159,12101.452592
-132.0,133,12111.278849
-162.0,163,12113.567329
-37.0,38,12115.871485
-291.0,192,12119.831466
-134.0,35,12120.213695
-48.0,49,12126.240199
-686.0,587,12135.974302
-600.0,600,12146.593553
-375.0,276,12147.85226
-228.0,229,12148.247281
-600.0,600,12150.866369
-353.0,254,12157.909025
-81.0,82,12158.526883
-600.0,600,12158.761901
-198.0,99,12158.920228
-106.0,7,12159.693772
-126.0,127,12166.823831
-108.0,109,12171.392831
-600.0,600,12175.414452
-600.0,600,12210.356118
-600.0,600,12222.386295
-507.0,508,12229.80185
-600.0,600,12232.932587
-600.0,600,12233.288908
-600.0,600,12234.092217
-600.0,600,12245.891081
-600.0,600,12249.98646
-165.0,166,12250.515192
-149.0,150,12268.858098
-197.0,198,12270.360673
-38.0,39,12275.157621
-600.0,600,12284.353852
-176.0,177,12290.543742
-600.0,600,12296.537867
-600.0,600,12306.879234
-600.0,600,12307.235416
-600.0,600,12307.940421
-120.0,121,12321.773181
-600.0,600,12323.516886
-161.0,162,12327.075048
-372.0,373,12336.340557
-600.0,600,12348.905571
-600.0,600,12358.092337
-600.0,600,12370.455483
-600.0,600,12381.624872
-600.0,600,12395.411075
-600.0,600,12397.238402
-600.0,600,12400.822971
-600.0,600,12409.574615
-130.0,131,12559.749855
-600.0,600,12564.786256
-64.0,65,12572.200898
-600.0,600,12573.471948
-600.0,600,12585.070943
-148.0,149,12591.008505
-600.0,600,12595.816831
-425.0,326,12597.408099
-168.0,69,12598.99442
-600.0,600,12609.104518
-96.0,97,12610.347969
-600.0,600,12610.786736
-23.0,24,12611.86251
-49.0,50,12617.522772
-68.0,69,12618.279898
-600.0,600,12622.819589
-127.0,128,12625.489238
-141.0,142,12633.882544
-236.0,137,12633.996308
-600.0,600,12641.757586
-150.0,151,12642.86689
-600.0,600,12654.458314
-108.0,109,12654.458377
-600.0,600,12665.520326
-600.0,600,12667.052914
-129.0,130,12669.714694
-600.0,600,12692.510253
-600.0,600,12703.815652
-600.0,600,12703.926747
-135.0,136,12708.276213
-600.0,600,12712.871817
-67.0,68,12716.191845
-261.0,162,12722.697666
-600.0,600,12724.600586
-114.0,115,12726.36342
-600.0,600,12735.785084
-600.0,600,12737.332948
-600.0,600,12740.082617
-110.0,111,12750.455478
-600.0,600,12774.570212
-18.0,19,12776.712799
-600.0,600,12786.708102
-106.0,107,12789.108494
-600.0,600,12793.213869
-600.0,600,12795.138321
-52.0,53,12795.388907
-600.0,600,12796.938924
-78.0,79,12804.503517
-600.0,600,12806.353631
-92.0,93,12806.503803
-134.0,135,12809.345471
-600.0,600,12810.67067
-262.0,263,12818.032871
-169.0,70,12819.103025
-106.0,107,12819.352576
-190.0,91,12820.280596
-600.0,600,12821.214731
-62.0,63,12826.727121
-123.0,124,12832.823138
-157.0,58,12839.711513
-198.0,199,12843.85622
-248.0,249,12856.09802
-193.0,194,12866.461238
-503.0,404,12866.580027
-600.0,600,12867.802547
-110.0,111,12869.004353
-600.0,600,12875.335864
-600.0,600,12877.118282
-106.0,7,12877.935784
-147.0,148,12883.832604
-600.0,600,12891.774557
-155.0,156,12902.138864
-600.0,600,12909.798406
-129.0,130,12926.032459
-116.0,17,12928.168693
-600.0,600,12937.90118
-600.0,600,12939.177572
-95.0,96,12939.447398
-600.0,600,12940.397668
-58.0,59,12945.982751
-600.0,600,12946.584085
-81.0,82,12948.972351
-600.0,600,12949.192813
-107.0,108,12950.460588
-105.0,106,12952.632603
-80.0,81,12956.052513
-471.0,472,12958.306903
-600.0,600,12962.931151
-105.0,106,12962.931219
-70.0,71,12964.4835
-37.0,38,12967.576963
-162.0,163,12968.259498
-164.0,165,12972.344369
-104.0,105,12975.450284
-218.0,119,12985.978135
-208.0,109,12987.987846
-506.0,407,12994.328976
-231.0,232,12995.186923
-600.0,600,13020.617819
-600.0,600,13029.750407
-81.0,82,13030.197774
-600.0,600,13035.915715
-359.0,360,13038.03388
-600.0,600,13039.639913
-85.0,86,13049.660396
-118.0,119,13049.926007
-179.0,180,13051.077873
-600.0,600,13057.518659
-600.0,600,13059.461845
-600.0,600,13065.41859
-205.0,106,13072.025712
-321.0,322,13075.807557
-119.0,120,13079.452957
-600.0,600,13100.835213
-282.0,283,13105.294214
-600.0,600,13120.135862
-600.0,600,13120.392668
-600.0,600,13121.481172
-56.0,57,13126.822502
-600.0,600,13127.985822
-47.0,48,13132.457147
-101.0,102,13133.412231
-137.0,138,13136.517795
-406.0,307,13141.217613
-600.0,600,13284.52
-158.0,159,13285.008275
-600.0,600,13288.06675
-140.0,141,13291.17569
-74.0,75,13293.454368
-334.0,235,13298.934879
-199.0,200,13302.741996
-600.0,600,13309.068375
-291.0,192,13324.705672
-462.0,363,13335.645805
-600.0,600,13340.376364
-616.0,517,13344.256189
-600.0,600,13357.706457
-600.0,600,13360.935209
-145.0,46,13363.039519
-456.0,357,13366.934926
-600.0,600,13369.26092
-383.0,284,13378.329062
-600.0,600,13379.705637
-86.0,87,13389.847321
-329.0,230,13390.660139
-239.0,240,13395.094197
-199.0,100,13402.221082
-600.0,600,13406.193916
-600.0,600,13410.979247
-67.0,68,13414.256839
-93.0,94,13422.543596
-148.0,149,13432.268626
-600.0,600,13432.268699
-600.0,600,13439.8838
-81.0,82,13441.724825
-169.0,170,13442.411627
-600.0,600,13449.301637
-67.0,68,13450.524629
-600.0,600,13461.77721
-39.0,40,13466.554584
-600.0,600,13467.447405
-600.0,600,13474.299978
-398.0,399,13491.586865
-600.0,600,13504.847102
-600.0,600,13513.126822
-600.0,600,13522.449081
-600.0,600,13523.445931
-56.0,57,13530.286957
-94.0,95,13533.948135
-183.0,184,13535.751802
-600.0,600,13539.318238
-600.0,600,13540.144367
-55.0,56,13540.745681
-91.0,92,13541.802691
-600.0,600,13549.088
-78.0,79,13551.412142
-255.0,156,13559.794714
-600.0,600,13565.932672
-207.0,208,13568.160724
-173.0,174,13573.376642
-600.0,600,13580.509769
-368.0,369,13588.530567
-289.0,290,13595.646752
-374.0,275,13606.622835
-96.0,97,13607.570655
-600.0,600,13610.764443
-363.0,364,13610.764512
-600.0,600,13622.26681
-143.0,144,13628.117253
-74.0,75,13637.448357
-600.0,600,13641.290347
-287.0,288,13641.658766
-253.0,254,13641.777084
-202.0,203,13647.069479
-117.0,118,13651.372638
-40.0,41,13651.859283
-600.0,600,13652.783179
-108.0,9,13653.963952
-140.0,141,13658.238276
-600.0,600,13661.482857
-156.0,157,13670.679498
-130.0,31,13674.300827
-600.0,600,13680.618005
-162.0,163,13700.762259
-493.0,494,13702.035347
-600.0,600,13715.159742
-119.0,120,13715.388801
-600.0,600,13725.615771
-697.0,598,13727.566855
-328.0,229,13730.00455
-600.0,600,13731.802225
-600.0,600,13734.980141
-63.0,64,13737.595192
-89.0,90,13747.629695
-600.0,600,13749.839858
-53.0,54,13754.296212
-311.0,212,13759.334576
-248.0,149,13767.891752
-122.0,123,13782.791822
-600.0,600,13789.656254
-600.0,600,13789.929713
-600.0,600,13800.305368
-600.0,600,13802.159332
-165.0,166,13803.020775
-46.0,47,13808.570665
-600.0,600,13812.232935
-201.0,202,13814.296496
-207.0,108,13825.580094
-600.0,600,13827.18958
-31.0,32,13829.507951
-275.0,176,13830.251833
-600.0,600,13832.359961
-60.0,61,13836.967299
-64.0,65,13838.174044
-180.0,81,13846.791573
-356.0,357,13859.681294
-27.0,28,13863.358915
-193.0,194,13863.861494
-600.0,600,13865.185665
-289.0,290,13869.664552
-600.0,600,13875.431684
-390.0,391,13876.83118
-600.0,600,13877.339726
-66.0,67,13885.530224
-84.0,85,13885.94149
-30.0,31,13889.692855
-162.0,63,14034.708582
-145.0,46,14036.651436
-600.0,600,14062.272346
-575.0,476,14074.739474
-215.0,116,14075.969898
-600.0,600,14076.29401
-600.0,600,14076.767712
-600.0,600,14078.023997
-600.0,600,14082.517762
-52.0,53,14082.641124
-200.0,101,14090.210223
-160.0,161,14095.469262
-600.0,600,14106.053123
-600.0,600,14108.287065
-163.0,164,14110.332298
-187.0,188,14118.1275
-140.0,141,14127.075526
-241.0,242,14137.400724
-159.0,160,14137.687823
-600.0,600,14149.359653
-600.0,600,14151.443099
-600.0,600,14157.446481
-600.0,600,14157.571166
-157.0,158,14158.898917
-280.0,181,14161.445096
-41.0,42,14162.535425
-112.0,113,14163.310194
-55.0,56,14168.46678
-72.0,73,14172.430801
-56.0,57,14179.187692
-91.0,92,14179.562519
-600.0,600,14181.052941
-49.0,50,14185.374172
-51.0,52,14187.387627
-74.0,75,14188.699957
-91.0,92,14198.638798
-600.0,600,14202.594759
-600.0,600,14224.9173
-600.0,600,14231.204
-232.0,233,14231.326942
-600.0,600,14232.48664
-39.0,40,14236.030709
-600.0,600,14236.176409
-159.0,160,14244.741216
-489.0,490,14245.472715
-600.0,600,14262.589988
-273.0,274,14269.612261
-600.0,600,14272.270281
-137.0,138,14289.709712
-455.0,456,14291.52001
-106.0,107,14303.087802
-119.0,120,14306.75644
-600.0,600,14308.466081
-45.0,46,14308.937102
-600.0,600,14313.550809
-37.0,38,14313.821009
-104.0,105,14321.906794
-600.0,600,14322.602258
-124.0,125,14322.7238
-600.0,600,14323.352666
-600.0,600,14341.046277
-600.0,600,14351.436431
-244.0,245,14354.730786
-89.0,90,14366.212594
-600.0,600,14389.976857
-600.0,600,14390.310124
-600.0,600,14400.612134
-600.0,600,14401.416629
-600.0,600,14401.574317
-168.0,69,14412.62696
-108.0,109,14418.196886
-177.0,178,14418.317142
-600.0,600,14422.509197
-81.0,82,14428.483443
-202.0,203,14429.372744
-600.0,600,14432.753607
-600.0,600,14446.950643
-163.0,164,14448.712532
-256.0,257,14450.282204
-19.0,20,14451.676335
-35.0,36,14457.731564
-197.0,198,14459.677525
-166.0,167,14472.544945
-162.0,163,14475.234625
-600.0,600,14475.234685
-93.0,94,14487.236887
-600.0,600,14493.142486
-146.0,147,14493.983565
-600.0,600,14502.572116
-344.0,345,14504.038586
-78.0,79,14504.03865
-44.0,45,14508.079394
-600.0,600,14509.190039
-85.0,86,14514.742747
-54.0,55,14516.281896
-167.0,68,14516.807603
-600.0,600,14537.94473
-199.0,200,14542.459015
-600.0,600,14549.057443
-638.0,539,14561.42446
-600.0,600,14563.273988
-97.0,98,14573.320096
-600.0,600,14579.172348
-260.0,261,14580.879802
-90.0,91,14584.653502
-153.0,54,14586.196006
-600.0,600,14590.141009
-600.0,600,14591.494545
-184.0,85,14591.646596
-90.0,91,14603.01013
-600.0,600,14612.558398
-600.0,600,14616.823109
-220.0,221,14617.508103
-126.0,127,14618.664351
-89.0,90,14623.807085
-91.0,92,14628.298906
-600.0,600,14637.490827
-162.0,163,14637.751391
-78.0,79,14637.987091
-144.0,145,14655.060914
-600.0,600,14658.371817
-331.0,332,14659.120083
-600.0,600,14659.839886
-600.0,600,14665.062332
-340.0,241,14803.89449
-66.0,67,14804.846864
-522.0,423,14811.748091
-105.0,106,14814.472757
-164.0,165,14815.630225
-29.0,30,14817.94946
-62.0,63,14819.070657
-24.0,25,14820.805897
-75.0,76,14824.469761
-145.0,46,14829.957419
-95.0,96,14832.222919
-600.0,600,14847.052607
-135.0,136,14847.422657
-284.0,185,14855.655082
-600.0,600,14864.561218
-600.0,600,14867.83063
-278.0,179,14868.412914
-600.0,600,14876.341355
-600.0,600,14877.319045
-135.0,136,14884.085636
-60.0,61,14894.089005
-600.0,600,14894.563579
-175.0,176,14916.374555
-420.0,421,14918.490239
-600.0,600,14922.92201
-339.0,240,14923.958183
-600.0,600,14931.605795
-247.0,148,14942.903693
-600.0,600,14945.415473
-180.0,181,14946.051107
-600.0,600,14953.772589
-600.0,600,14954.834501
-303.0,304,14955.06833
-185.0,186,14966.264086
-90.0,91,14966.388678
-80.0,81,14976.713492
-118.0,119,14981.565577
-348.0,249,14986.284604
-137.0,138,14994.239548
-600.0,600,14994.734556
-476.0,377,15001.756166
-460.0,461,15003.97687
-600.0,600,15008.467906
-121.0,122,15011.063028
-152.0,153,15017.046711
-90.0,91,15026.501856
-600.0,600,15027.481066
-600.0,600,15064.512439
-600.0,600,15069.395097
-136.0,37,15069.395157
-85.0,86,15080.544564
-666.0,567,15080.684947
-600.0,600,15089.415724
-162.0,163,15093.812326
-600.0,600,15094.824527
-598.0,499,15095.67259
-115.0,116,15100.465295
-142.0,43,15101.118967
-75.0,76,15102.500265
-600.0,600,15103.394469
-33.0,34,15108.311147
-600.0,600,15113.519445
-105.0,106,15117.110418
-173.0,174,15122.345582
-181.0,182,15122.749922
-81.0,82,15124.429525
-57.0,58,15124.715537
-133.0,134,15126.885605
-84.0,85,15137.686011
-262.0,163,15143.979582
-266.0,267,15161.503943
-246.0,147,15169.079998
-600.0,600,15172.950763
-201.0,102,15177.367353
-276.0,277,15181.212253
-220.0,121,15186.783993
-600.0,600,15190.450191
-600.0,600,15192.436493
-188.0,189,15205.342719
-362.0,263,15211.883588
-131.0,132,15212.058379
-600.0,600,15214.029191
-600.0,600,15214.325202
-235.0,236,15216.404798
-290.0,191,15218.947161
-33.0,34,15219.092851
-123.0,124,15223.885825
-257.0,258,15225.440813
-45.0,46,15232.324424
-104.0,105,15234.821658
-139.0,140,15237.344105
-165.0,166,15239.115868
-38.0,39,15240.600919
-46.0,47,15244.233011
-46.0,47,15247.490953
-181.0,82,15256.374607
-147.0,48,15263.395971
-237.0,238,15274.130992
-85.0,86,15276.051847
-559.0,460,15285.236518
-35.0,36,15289.918913
-40.0,41,15295.192925
-103.0,4,15295.682861
-618.0,519,15297.10155
-600.0,600,15297.224674
-600.0,600,15297.347169
-213.0,214,15301.610714
-61.0,62,15303.605333
-460.0,461,15311.251578
-600.0,600,15317.235191
-144.0,145,15318.52014
-58.0,59,15321.019185
-118.0,19,15321.682399
-118.0,119,15339.476819
-349.0,350,15355.264837
-407.0,408,15356.393133
-600.0,600,15359.648451
-600.0,600,15381.124408
-600.0,600,15385.53871
-584.0,485,15387.356052
-177.0,78,15391.182766
-252.0,253,15392.190689
-600.0,600,15398.623709
-205.0,106,15405.010303
-168.0,169,15407.51522
-600.0,600,15417.310883
-148.0,149,15418.210155
-166.0,167,15429.006396
-386.0,287,15429.453706
-600.0,600,15432.93587
-600.0,600,15434.090256
-138.0,139,15436.012957
-87.0,88,15440.821894
-251.0,252,15449.848164
-88.0,89,15452.510069
-140.0,141,15454.526199
-175.0,76,15462.373478
-600.0,600,15465.03491
-160.0,61,15474.431758
-340.0,341,15481.517333
-328.0,229,15483.070287
-600.0,600,15583.591745
-80.0,81,15590.037644
-108.0,109,15592.172814
-157.0,158,15593.092064
-344.0,245,15593.590267
-414.0,315,15594.551238
-206.0,107,15595.809358
-123.0,24,15595.809428
-119.0,20,15598.138895
-81.0,82,15599.383849
-600.0,600,15604.832944
-197.0,98,15606.133353
-600.0,600,15609.997074
-257.0,158,15612.390834
-223.0,224,15627.550477
-149.0,50,15633.398465
-339.0,240,15643.417364
-147.0,148,15654.560406
-498.0,499,15657.762904
-522.0,423,15664.437632
-548.0,449,15664.972408
-581.0,482,15668.148955
-600.0,600,15672.979623
-600.0,600,15675.509352
-128.0,29,15676.643479
-432.0,333,15685.354806
-239.0,140,15685.607248
-268.0,269,15688.195471
-204.0,105,15698.913848
-297.0,298,15701.914504
-432.0,333,15706.828842
-242.0,243,15715.986443
-48.0,49,15722.593741
-329.0,330,15732.250011
-231.0,232,15733.74973
-76.0,77,15734.690379
-600.0,600,15736.447006
-172.0,73,15743.757339
-58.0,59,15744.062767
-600.0,600,15757.38944
-600.0,600,15758.5671
-244.0,245,15768.815707
-546.0,447,15769.989865
-214.0,215,15773.109221
-183.0,184,15781.346596
-600.0,600,15781.608417
-110.0,111,15784.311331
-46.0,47,15788.298983
-118.0,119,15799.877923
-96.0,97,15800.03837
-115.0,116,15807.721457
-180.0,81,15813.179064
-378.0,379,15813.742339
-273.0,274,15814.571711
-65.0,66,15822.394998
-600.0,600,15823.668898
-91.0,92,15826.592064
-106.0,107,15829.540554
-600.0,600,15830.362868
-86.0,87,15834.540091
-67.0,68,15839.0682
-132.0,33,15839.20241
-293.0,294,15843.204534
-162.0,163,15846.624341
-152.0,153,15848.140249
-289.0,290,15848.978637
-600.0,600,15855.840876
-84.0,85,15858.683198
-178.0,179,15864.70974
-119.0,120,15866.094422
-217.0,218,15870.013336
-73.0,74,15880.762247
-256.0,257,15885.039052
-430.0,331,15890.476086
-299.0,300,15898.773708
-80.0,81,15902.040699
-231.0,132,15903.753351
-182.0,183,15906.847262
-600.0,600,15915.833725
-67.0,68,15925.526705
-187.0,188,15925.526767
-168.0,169,15930.918814
-239.0,240,15936.21569
-254.0,255,15940.071563
-107.0,108,15940.916512
-77.0,78,15941.993267
-600.0,600,15944.286213
-131.0,32,15944.585727
-137.0,38,15949.980394
-600.0,600,15950.303314
-600.0,600,15951.699575
-29.0,30,15954.182218
-38.0,39,15957.1775
-374.0,275,15965.780523
-163.0,164,15969.357677
-310.0,211,15973.197657
-264.0,165,15984.86049
-278.0,279,15996.016937
-376.0,377,16002.556176
-133.0,134,16007.352225
-254.0,255,16008.738221
-103.0,104,16013.311129
-327.0,328,16028.589733
-600.0,600,16033.359285
-188.0,189,16041.162437
-49.0,50,16042.197307
-600.0,600,16054.270436
-106.0,107,16058.99779
-137.0,38,16060.171237
-202.0,203,16061.757689
-600.0,600,16068.992569
-111.0,12,16070.853196
-176.0,77,16072.236454
-73.0,74,16073.325612
-172.0,73,16082.158116
-99.0,100,16087.249039
-97.0,98,16095.436184
-600.0,600,16097.282576
-600.0,600,16100.974897
-600.0,600,16105.672474
-64.0,65,16109.47851
-173.0,174,16117.835472
-109.0,110,16123.396929
-600.0,600,16126.224572
-440.0,341,16131.190916
-77.0,78,16133.404977
-62.0,63,16134.360917
-407.0,308,16136.748785
-129.0,30,16137.263585
-165.0,166,16139.082854
-600.0,600,16140.759478
-82.0,83,16148.031543
-600.0,600,16152.732358
-70.0,71,16157.319556
-145.0,146,16159.818447
-65.0,66,16168.309662
-395.0,296,16172.45962
-600.0,600,16185.576876
-83.0,84,16198.980507
-310.0,211,16200.655381
-543.0,444,16201.683649
-314.0,315,16203.02255
-352.0,253,16210.074078
-600.0,600,16213.432348
-127.0,128,16216.556317
-600.0,600,16218.929033
-51.0,52,16225.662531
-194.0,95,16225.662586
-243.0,244,16233.806753
-62.0,63,16235.189973
-600.0,600,16236.385321
-278.0,279,16240.702591
-190.0,191,16243.820161
-437.0,338,16244.580025
-88.0,89,16253.885966
-212.0,213,16257.468966
-92.0,93,16258.353092
-44.0,45,16260.57993
-164.0,65,16270.111824
-401.0,302,16278.533867
-124.0,125,16288.666673
-229.0,230,16393.892002
-337.0,238,16394.147532
-108.0,9,16395.044166
-600.0,600,16397.438093
-409.0,410,16403.767162
-107.0,108,16403.943816
-154.0,55,16404.091199
-205.0,106,16417.052886
-600.0,600,16420.094742
-600.0,600,16421.101317
-316.0,317,16421.339906
-261.0,162,16423.828855
-144.0,45,16425.667185
-87.0,88,16427.982216
-27.0,28,16429.214891
-202.0,203,16429.214958
-148.0,49,16429.904464
-283.0,284,16429.904528
-331.0,332,16435.016452
-268.0,169,16441.975953
-181.0,182,16444.315185
-115.0,116,16444.80687
-122.0,123,16445.950249
-259.0,160,16451.21088
-292.0,193,16455.112937
-195.0,96,16460.734912
-319.0,220,16461.016342
-89.0,90,16472.534169
-203.0,204,16472.534233
-195.0,196,16473.49627
-46.0,47,16478.700086
-361.0,262,16483.43426
-87.0,88,16484.047523
-240.0,241,16487.594294
-132.0,33,16487.594354
-217.0,218,16489.425417
-191.0,92,16490.595271
-296.0,297,16491.895896
-331.0,232,16503.576907
-236.0,137,16505.497113
-122.0,123,16507.882186
-150.0,51,16515.604349
-307.0,208,16515.780517
-600.0,600,16518.084949
-243.0,244,16523.566249
-268.0,169,16528.685068
-171.0,72,16529.156756
-137.0,38,16534.491966
-239.0,140,16537.312192
-385.0,386,16538.878164
-68.0,69,16539.833546
-133.0,134,16544.199156
-277.0,278,16547.744722
-214.0,115,16555.102077
-172.0,73,16559.052939
-283.0,284,16559.543367
-167.0,168,16568.731643
-72.0,73,16568.882048
-579.0,580,16574.104609
-248.0,149,16578.679285
-177.0,78,16583.852719
-325.0,326,16585.075057
-389.0,390,16588.81255
-79.0,80,16596.440647
-215.0,216,16597.674917
-152.0,153,16600.334067
-121.0,122,16620.449209
-600.0,600,16626.538842
-297.0,298,16629.584478
-290.0,291,16634.13924
-583.0,484,16638.873924
-600.0,600,16641.606776
-297.0,298,16643.388731
-102.0,103,16653.824924
-186.0,187,16656.508117
-158.0,159,16657.079298
-39.0,40,16662.830899
-149.0,150,16665.030892
-262.0,163,16665.181775
-65.0,66,16666.008976
-141.0,42,16672.061221
-151.0,152,16675.731015
-132.0,33,16676.85726
-181.0,82,16676.986269
-560.0,561,16680.285292
-198.0,199,16693.530272
-125.0,126,16698.308236
-208.0,209,16705.58115
-600.0,600,16706.577971
-600.0,600,16712.801371
-266.0,267,16715.249623
-153.0,154,16715.669024
-207.0,208,16728.285594
-157.0,158,16729.459308
-199.0,100,16729.749053
-223.0,224,16737.399881
-636.0,537,16739.309051
-186.0,187,16741.551322
-479.0,480,16744.385967
-229.0,230,16744.513377
-215.0,116,16756.496859
-144.0,145,16762.933595
-163.0,164,16765.420889
-243.0,244,16768.457367
-229.0,230,16797.615442
-569.0,570,16805.385427
-368.0,369,16806.010014
-600.0,600,16807.833814
-600.0,600,16808.872938
-102.0,103,16810.391251
-31.0,32,16814.509219
-600.0,600,16818.333672
-67.0,68,16823.159777
-269.0,170,16827.102201
-284.0,185,16829.691229
-190.0,191,16832.60061
-121.0,122,16834.323663
-248.0,249,16841.06611
-600.0,600,16842.300788
-144.0,145,16845.770739
-600.0,600,16847.721659
-191.0,192,16856.511268
-216.0,217,16856.99145
-314.0,215,16860.944057
-196.0,197,16865.545555
-38.0,39,16870.431666
-199.0,200,16895.982668
-600.0,600,16899.474578
-59.0,60,16907.199861
-507.0,408,16913.282467
-545.0,446,16914.084129
-36.0,37,16918.11339
-184.0,85,16918.256399
-600.0,600,16918.500493
-600.0,600,16922.06831
-600.0,600,16924.14391
-80.0,81,16928.555521
-75.0,76,16931.698738
-600.0,600,16933.329536
-297.0,298,16934.363134
-177.0,178,16936.902174
-156.0,157,16938.520171
-212.0,113,16938.520223
-58.0,59,16939.262177
-130.0,31,16942.449159
-242.0,243,16948.674416
-177.0,78,16952.871111
-156.0,157,16954.016665
-334.0,235,16960.734419
-66.0,67,16963.833179
-303.0,204,16968.389756
-253.0,254,16971.128859
-410.0,311,16983.922655
-202.0,203,16987.338922
-63.0,64,16993.37626
-164.0,165,16994.345571
-160.0,161,16996.178405
-265.0,266,17002.035769
-76.0,77,17005.380534
-185.0,86,17005.647779
-318.0,319,17012.243438
-531.0,432,17015.077964
-308.0,209,17016.917782
-134.0,135,17024.506816
-600.0,600,17027.762129
-336.0,237,17038.540401
-188.0,189,17041.516823
-190.0,191,17051.336331
-210.0,111,17054.14595
-357.0,358,17062.360195
-70.0,71,17064.060919
-82.0,83,17075.744288
-600.0,600,17080.522855
-600.0,600,17195.134243
-354.0,355,17199.47709
-142.0,143,17203.075363
-600.0,600,17207.392037
-600.0,600,17216.673805
-209.0,210,17224.347265
-172.0,173,17228.2877
-40.0,41,17234.094586
-360.0,261,17235.54485
-600.0,600,17238.710516
-600.0,600,17250.077039
-169.0,70,17260.22468
-304.0,305,17267.495406
-600.0,600,17268.632506
-600.0,600,17274.466504
-322.0,323,17282.090814
-142.0,143,17289.506217
-537.0,538,17292.24255
-373.0,374,17292.864153
-230.0,231,17301.128359
-77.0,78,17304.25982
-27.0,28,17305.288744
-102.0,103,17307.313113
-252.0,253,17311.603015
-235.0,236,17316.700257
-600.0,600,17321.234729
-95.0,96,17330.7059
-159.0,160,17334.946612
-600.0,600,17347.725938
-506.0,407,17349.038805
-295.0,196,17349.886649
-160.0,161,17354.164614
-52.0,53,17357.565036
-85.0,86,17360.180439
-18.0,19,17360.343667
-101.0,102,17363.777303
-400.0,401,17365.825938
-189.0,190,17389.640509
-197.0,198,17391.113816
-600.0,600,17394.204368
-600.0,600,17395.348346
-74.0,75,17407.974134
-109.0,110,17408.142173
-214.0,115,17410.400744
-600.0,600,17429.415605
-151.0,152,17435.018672
-310.0,311,17443.944098
-600.0,600,17448.441403
-298.0,299,17454.034053
-600.0,600,17458.011587
-600.0,600,17460.081434
-186.0,187,17462.128706
-238.0,139,17474.433315
-150.0,151,17480.2191
-134.0,135,17481.98624
-70.0,71,17484.978735
-76.0,77,17496.354419
-247.0,248,17496.641281
-600.0,600,17498.587714
-155.0,156,17503.279066
-157.0,158,17505.417663
-61.0,62,17507.774478
-36.0,37,17510.896832
-99.0,100,17511.195039
-93.0,94,17517.103426
-600.0,600,17517.248073
-140.0,141,17517.401833
-77.0,78,17522.6085
-139.0,40,17523.381706
-53.0,54,17530.497135
-600.0,600,17532.179765
-600.0,600,17536.748616
-134.0,135,17537.051631
-157.0,58,17539.152754
-194.0,195,17539.611742
-70.0,71,17549.937875
-112.0,113,17555.649462
-332.0,333,17556.66904
-169.0,170,17561.976061
-234.0,235,17566.710997
-110.0,111,17573.011263
-448.0,349,17574.654123
-170.0,171,17575.098504
-206.0,107,17577.75252
-101.0,102,17581.653441
-70.0,71,17584.972105
-184.0,85,17590.138556
-234.0,235,17590.13862
-81.0,82,17593.738398
-65.0,66,17599.779768
-295.0,196,17603.077127
-600.0,600,17604.512651
-155.0,156,17610.940643
-288.0,289,17612.925165
-84.0,85,17615.037341
-31.0,32,17616.980846
-600.0,600,17621.01997
-47.0,48,17621.144575
-236.0,237,17624.225378
-148.0,149,17635.86363
-151.0,152,17640.358986
-295.0,296,17640.473461
-235.0,236,17640.867312
-45.0,46,17641.742491
-218.0,219,17652.177318
-106.0,107,17655.573381
-154.0,155,17660.468871
-311.0,312,17661.144434
-146.0,47,17661.664742
-600.0,600,17663.264177
-205.0,206,17666.974237
-591.0,592,17675.143384
-286.0,287,17677.892893
-152.0,153,17680.751806
-171.0,172,17683.822621
-161.0,162,17684.07262
-33.0,34,17685.188291
-65.0,66,17686.378412
-265.0,266,17686.505218
-156.0,157,17687.172999
-72.0,73,17693.229127
-74.0,75,17694.967632
-91.0,92,17698.577893
-42.0,43,17698.94782
-219.0,220,17703.614565
-336.0,337,17703.992701
-145.0,46,17704.720227
-119.0,20,17707.453085
-162.0,163,17707.623746
-197.0,98,17712.393528
-219.0,120,17723.394567
-134.0,135,17725.361161
-225.0,226,17729.002824
-274.0,175,17735.080724
-178.0,179,17735.455493
-462.0,363,17735.987401
-273.0,174,17738.639574
-80.0,81,17746.350371
-78.0,79,17748.575913
-191.0,192,17749.056279
-25.0,26,17749.588291
-275.0,176,17751.50949
-139.0,40,17753.477796
-109.0,110,17762.708561
-321.0,322,17766.701701
-600.0,600,17768.668369
-153.0,154,17768.668432
-153.0,154,17770.779827
-253.0,154,17772.85564
-40.0,41,17774.408225
-122.0,23,17778.327113
-42.0,43,17780.254882
-58.0,59,17780.254951
-194.0,95,17780.963669
-158.0,159,17786.552164
-140.0,141,17791.457333
-83.0,84,17798.464085
-133.0,134,17800.837983
-45.0,46,17804.418019
-89.0,90,17812.428673
-600.0,600,17816.101315
-600.0,600,17816.496842
-74.0,75,17822.166547
-34.0,35,17826.672673
-177.0,178,17839.697016
-461.0,462,17841.411225
-473.0,474,17844.337714
-36.0,37,17849.103087
-93.0,94,17853.602017
-600.0,600,17861.021476
-144.0,145,17870.071693
-600.0,600,17871.701749
-600.0,600,17887.737164
-208.0,209,17894.517229
-380.0,281,17897.151893
-88.0,89,18003.071009
-289.0,190,18003.214152
-600.0,600,18003.33908
-221.0,222,18005.912783
-44.0,45,18008.63873
-98.0,99,18009.424286
-156.0,57,18010.135615
-477.0,478,18010.355643
-203.0,104,18012.097178
-600.0,600,18013.225799
-210.0,111,18019.547444
-133.0,134,18025.153905
-85.0,86,18030.249214
-163.0,164,18030.922193
-155.0,156,18031.643964
-187.0,188,18033.678679
-273.0,274,18043.669235
-156.0,157,18044.916139
-19.0,20,18046.143127
-203.0,104,18046.627012
-168.0,169,18052.14106
-67.0,68,18054.830932
-276.0,177,18070.066211
-325.0,326,18073.248064
-171.0,172,18080.212458
-600.0,600,18082.495496
-43.0,44,18090.041133
-600.0,600,18096.504737
-116.0,117,18108.61017
-42.0,43,18115.34909
-113.0,14,18117.576867
-600.0,600,18119.62227
-330.0,331,18123.66981
-600.0,600,18134.021328
-600.0,600,18141.439845
-151.0,152,18143.65668
-33.0,34,18145.987495
-323.0,224,18147.816044
-600.0,600,18162.902649
-452.0,353,18169.362961
-600.0,600,18169.854655
-600.0,600,18186.280917
-282.0,183,18194.087527
-171.0,172,18198.625719
-193.0,194,18202.901097
-493.0,494,18210.82318
-124.0,125,18214.324291
-201.0,202,18219.05761
-55.0,56,18219.381058
-156.0,57,18227.767779
-65.0,66,18229.466424
-216.0,217,18232.547687
-600.0,600,18238.335836
-182.0,83,18240.582736
-600.0,600,18241.03007
-600.0,600,18243.124548
-291.0,292,18247.892994
-150.0,151,18252.617854
-258.0,259,18253.986054
-174.0,75,18254.614056
-59.0,60,18257.026754
-130.0,131,18258.469254
-55.0,56,18263.236281
-208.0,209,18264.589632
-41.0,42,18269.55671
-26.0,27,18273.689087
-327.0,228,18275.851272
-244.0,145,18276.16001
-253.0,254,18279.451668
-59.0,60,18285.0784
-292.0,193,18286.34396
-56.0,57,18287.575668
-334.0,235,18287.994632
-127.0,128,18291.985894
-248.0,249,18294.797657
-85.0,86,18296.190936
-113.0,114,18301.076494
-63.0,64,18303.027044
-198.0,199,18303.310816
-21.0,22,18306.176301
-154.0,155,18307.698761
-343.0,344,18312.449043
-61.0,62,18314.365709
-109.0,110,18315.540918
-219.0,120,18327.787401
-271.0,272,18332.809483
-231.0,132,18334.224987
-152.0,153,18336.32102
-62.0,63,18338.948449
-255.0,256,18339.337891
-29.0,30,18344.377552
-48.0,49,18347.314101
-305.0,306,18353.766855
-123.0,124,18356.947028
-148.0,149,18357.613269
-170.0,71,18358.407687
-197.0,198,18365.163197
-49.0,50,18371.679593
-132.0,133,18371.679652
-600.0,600,18372.855855
-231.0,132,18375.068126
-600.0,600,18377.083315
-238.0,239,18378.413869
-270.0,171,18379.585736
-77.0,78,18382.081507
-77.0,78,18383.26544
-78.0,79,18385.433827
-62.0,63,18386.586455
-140.0,141,18390.166186
-111.0,112,18391.66442
-259.0,260,18392.602757
-103.0,104,18396.857324
-45.0,46,18397.752296
-208.0,209,18406.905276
-290.0,191,18407.046834
-130.0,131,18407.423903
-156.0,157,18413.409994
-72.0,73,18423.273777
-143.0,144,18426.564761
-224.0,225,18428.064708
-161.0,162,18429.089807
-308.0,209,18436.4844
-114.0,115,18444.819707
-156.0,157,18445.994029
-95.0,96,18450.65258
-621.0,522,18459.159913
-264.0,265,18465.48377
-600.0,600,18469.322938
-123.0,124,18477.386843
-600.0,600,18482.089693
-89.0,90,18482.514363
-274.0,275,18485.305313
-280.0,281,18487.39076
-66.0,67,18494.982526
-113.0,114,18499.014374
-149.0,150,18499.159165
-190.0,91,18500.478564
-282.0,283,18506.687167
-85.0,86,18507.424453
-600.0,600,18516.858369
-154.0,155,18523.123667
-563.0,564,18533.089986
-183.0,184,18533.65127
-139.0,40,18539.509794
-290.0,291,18541.564574
-232.0,233,18558.485981
-160.0,161,18567.639975
-336.0,337,18568.936765
-559.0,460,18569.295408
-600.0,600,18573.08797
-136.0,137,18592.557321
-600.0,600,18603.108282
-179.0,180,18603.975771
-266.0,267,18604.350601
-102.0,103,18620.955276
-114.0,115,18623.942165
-43.0,44,18631.567583
-600.0,600,18633.453608
-600.0,600,18641.043956
-121.0,122,18654.531313
-600.0,600,18670.974985
-600.0,600,18672.519633
-106.0,107,18672.685024
-186.0,187,18673.064373
-410.0,311,18684.957885
-108.0,9,18686.467497
-122.0,123,18693.911493
-135.0,136,18694.058369
-600.0,600,18695.353195
-149.0,150,18697.600539
-156.0,157,18698.370887
-31.0,32,18701.764254
-600.0,600,18704.426332
-616.0,517,18706.070185
-34.0,35,18708.924752
-275.0,176,18711.306107
-126.0,127,18725.511133
-121.0,122,18727.254485
-444.0,345,18893.845721
-204.0,205,18900.284238
-244.0,245,18903.53309
-600.0,600,18918.065331
-600.0,600,18918.246129
-600.0,600,18919.63207
-222.0,223,18922.367637
-171.0,172,18923.164092
-600.0,600,18923.328589
-58.0,59,18932.914466
-600.0,600,18933.066939
-212.0,213,18934.096077
-111.0,112,18936.165854
-105.0,106,18936.59522
-103.0,104,18939.410999
-140.0,141,18953.717478
-133.0,134,18959.073321
-90.0,91,18967.180058
-258.0,259,18972.253631
-362.0,363,18973.293401
-155.0,156,18982.096869
-185.0,186,18994.598539
-342.0,243,19008.959839
-600.0,600,19011.560518
-600.0,600,19021.166305
-600.0,600,19024.476289
-600.0,600,19024.948694
-128.0,129,19028.138256
-73.0,74,19032.213058
-108.0,109,19040.549167
-129.0,130,19044.041304
-222.0,223,19044.483082
-126.0,127,19050.786381
-39.0,40,19056.645143
-130.0,131,19059.724296
-600.0,600,19060.474122
-638.0,539,19061.375124
-151.0,152,19066.864832
-600.0,600,19082.869585
-303.0,204,19091.390419
-481.0,482,19098.804684
-225.0,226,19099.971453
-116.0,117,19117.200316
-257.0,258,19128.967731
-99.0,100,19131.58557
-600.0,600,19131.865617
-60.0,61,19140.760217
-600.0,600,19144.434103
-125.0,126,19147.356723
-600.0,600,19147.517619
-600.0,600,19148.219122
-226.0,127,19159.307718
-217.0,218,19163.400719
-600.0,600,19170.558774
-211.0,212,19179.28708
-677.0,578,19183.226399
-247.0,248,19183.847322
-102.0,103,19185.587083
-202.0,203,19194.118407
-185.0,186,19209.638313
-177.0,178,19212.871903
-178.0,179,19213.720534
-229.0,230,19224.532834
-660.0,561,19236.301168
-600.0,600,19239.497943
-600.0,600,19257.158522
-262.0,263,19258.715361
-106.0,107,19275.473041
-434.0,435,19287.33077
-587.0,588,19294.958732
-72.0,73,19307.541476
-204.0,205,19311.023644
-600.0,600,19312.706325
-647.0,548,19318.771585
-508.0,409,19329.185835
-259.0,260,19332.270975
-151.0,152,19337.129772
-600.0,600,19339.765212
-302.0,203,19342.51682
-600.0,600,19343.016243
-89.0,90,19347.83511
-183.0,184,19350.333486
-319.0,220,19350.497804
-105.0,106,19355.310119
-96.0,97,19356.296491
-198.0,99,19359.726845
-117.0,118,19370.538529
-130.0,131,19372.543123
-270.0,271,19375.432911
-156.0,157,19382.82096
-170.0,171,19388.946693
-206.0,207,19390.515845
-299.0,300,19393.551617
-64.0,65,19394.077847
-167.0,168,19404.312789
-173.0,174,19420.511559
-309.0,310,19426.04916
-100.0,101,19438.207193
-100.0,101,19443.423975
-600.0,600,19450.718163
-94.0,95,19459.564074
-447.0,448,19471.342097
-600.0,600,19473.863383
-600.0,600,19492.429822
-600.0,600,19497.03443
-175.0,76,19505.347865
-600.0,600,19507.491935
-210.0,211,19509.814988
-519.0,420,19509.983043
-333.0,334,19516.708108
-135.0,136,19519.905277
-194.0,195,19540.851353
-600.0,600,19553.511417
-387.0,288,19559.437483
-356.0,257,19561.034167
-54.0,55,19563.041855
-354.0,355,19566.056725
-600.0,600,19574.129604
-68.0,69,19574.844211
-35.0,36,19580.445085
-266.0,267,19586.876429
-215.0,216,19596.678603
-506.0,507,19606.95419
-600.0,600,19612.628829
-159.0,160,19614.008029
-113.0,114,19615.919366
-125.0,26,19620.354039
-312.0,313,19628.285086
-95.0,96,19630.263392
-146.0,147,19637.562657
-114.0,115,19647.792514
-600.0,600,19663.759154
-600.0,600,19669.00672
-537.0,538,19672.710251
-464.0,365,19683.035721
-320.0,321,19685.617733
-249.0,250,19780.493917
-600.0,600,19793.083611
-149.0,150,19794.041116
-202.0,203,19798.809915
-302.0,303,19801.126511
-83.0,84,19804.573558
-554.0,555,19809.999799
-210.0,211,19819.730937
-523.0,524,19825.156201
-243.0,244,19831.816161
-600.0,600,19841.16474
-294.0,295,19847.335091
-62.0,63,19849.256377
-222.0,223,19853.373886
-600.0,600,19854.870238
-20.0,21,19857.532187
-312.0,313,19859.171379
-65.0,66,19866.43398
-543.0,544,19868.688342
-133.0,134,19872.586059
-43.0,44,19874.195931
-255.0,156,19884.35171
-600.0,600,19886.351707
-94.0,95,19890.22049
-250.0,151,19897.181447
-88.0,89,19897.973518
-244.0,245,19906.610373
-52.0,53,19913.316537
-679.0,580,19913.316612
-144.0,145,19916.608449
-253.0,254,19921.028552
-600.0,600,19933.545386
-600.0,600,19935.824957
-181.0,182,19939.614085
-130.0,131,19940.660974
-196.0,97,19948.1056
-114.0,115,19953.142941
-86.0,87,19953.721642
-286.0,287,19959.223497
-462.0,463,19962.926538
-287.0,188,19967.777742
-78.0,79,19974.940572
-600.0,600,19976.61513
-187.0,188,19981.879082
-170.0,171,19985.425588
-600.0,600,20005.251595
-285.0,186,20005.803223
-310.0,211,20012.063768
-417.0,318,20020.536148
-214.0,115,20025.767052
-240.0,141,20029.691832
-156.0,57,20030.418452
-279.0,280,20033.86195
-600.0,600,20046.823267
-387.0,388,20049.063486
-600.0,600,20052.631852
-109.0,110,20052.997007
-235.0,136,20054.176387
-142.0,143,20077.657333
-150.0,151,20078.701046
-434.0,435,20087.325572
-254.0,255,20090.824128
-97.0,98,20095.658776
-502.0,503,20112.998044
-105.0,6,20114.016978
-542.0,443,20130.46252
-313.0,314,20131.698243
-600.0,600,20133.336024
-65.0,66,20142.734397
-600.0,600,20152.13122
-157.0,58,20152.618471
-28.0,29,20157.694398
-434.0,435,20162.115584
-254.0,255,20174.219387
-77.0,78,20175.654
-119.0,120,20178.440637
-407.0,408,20183.663563
-34.0,35,20184.342631
-221.0,222,20190.39713
-600.0,600,20193.800732
-600.0,600,20198.76984
-70.0,71,20202.97059
-212.0,213,20230.862766
-600.0,600,20236.597042
-314.0,215,20239.974126
-43.0,44,20244.222758
-427.0,428,20247.91188
-58.0,59,20254.297082
-102.0,103,20257.447353
-473.0,474,20265.080417
-499.0,500,20270.462114
-600.0,600,20278.812137
-160.0,161,20285.16491
-600.0,600,20301.921951
-123.0,124,20306.465692
-172.0,173,20308.458441
-79.0,80,20320.103662
-122.0,123,20322.894607
-341.0,342,20324.101688
-600.0,600,20333.824369
-126.0,127,20341.94473
-538.0,539,20346.739555
-600.0,600,20350.882454
-121.0,122,20354.496447
-202.0,203,20357.505697
-166.0,167,20368.840697
-600.0,600,20371.403816
-389.0,290,20371.694997
-416.0,417,20377.047252
-56.0,57,20380.127421
-218.0,219,20384.252763
-253.0,254,20385.882521
-122.0,123,20389.965797
-149.0,50,20393.796129
-40.0,41,20396.456981
-388.0,289,20398.864347
-451.0,352,20411.702702
-228.0,229,20412.796668
-88.0,89,20412.963176
-111.0,12,20413.611717
-289.0,290,20413.799102
-248.0,149,20420.322614
-251.0,252,20424.518486
-30.0,31,20425.42123
-114.0,115,20432.342963
-124.0,125,20433.272946
-437.0,338,20433.824242
-138.0,139,20435.350052
-132.0,133,20453.610162
-140.0,141,20456.432241
-200.0,201,20456.749844
-167.0,168,20461.870197
-366.0,367,20472.094613
-114.0,115,20479.502233
-461.0,362,20482.2254
-670.0,571,20484.238631
-202.0,103,20487.867319
-253.0,254,20495.845303
-524.0,425,20499.739268
-78.0,79,20500.375623
-157.0,158,20504.167977
-30.0,31,20508.980245
-177.0,178,20509.893019
-144.0,145,20518.14873
-71.0,72,20519.769251
-184.0,185,20528.479798
-171.0,72,20530.806477
-88.0,89,20542.601718
-213.0,214,20542.956423
-600.0,600,20546.18025
-40.0,41,20548.767764
-600.0,600,20548.902438
-87.0,88,20555.450177
-178.0,179,20557.736413
-390.0,391,20558.983247
-55.0,56,20709.507241
-140.0,141,20711.122773
-600.0,600,20715.966185
-49.0,50,20722.081027
-148.0,149,20728.334453
-278.0,279,20728.706628
-260.0,261,20736.658041
-50.0,51,20737.514331
-221.0,222,20742.883636
-143.0,144,20744.45518
-600.0,600,20747.851259
-124.0,125,20753.806355
-75.0,76,20754.05152
-519.0,520,20760.473792
-140.0,141,20760.742948
-218.0,219,20766.280247
-104.0,105,20774.635246
-600.0,600,20781.167122
-271.0,272,20785.408006
-247.0,248,20789.560173
-525.0,426,20790.377645
-141.0,42,20792.640064
-385.0,286,20796.379354
-338.0,239,20797.015743
-257.0,158,20808.158511
-280.0,281,20812.081391
-120.0,121,20817.020892
-210.0,211,20828.593752
-75.0,76,20829.991191
-264.0,265,20834.580361
-364.0,365,20836.156815
-164.0,65,20838.283982
-61.0,62,20842.63221
-219.0,220,20842.878813
-165.0,66,20844.576339
-63.0,64,20846.503508
-498.0,399,20852.618594
-183.0,84,20855.904804
-199.0,200,20857.710222
-34.0,35,20862.024933
-140.0,141,20863.072413
-226.0,127,20866.005687
-199.0,100,20869.375585
-179.0,80,20879.783398
-203.0,104,20881.005991
-250.0,251,20882.361329
-33.0,34,20885.55921
-40.0,41,20887.87013
-699.0,600,20893.144024
-520.0,521,20894.644426
-125.0,126,20903.671424
-220.0,221,20906.984122
-127.0,128,20909.754079
-105.0,106,20911.300561
-200.0,201,20919.947996
-240.0,141,20931.326617
-115.0,116,20931.32668
-431.0,432,20936.092756
-65.0,66,20942.622252
-134.0,135,20943.156951
-319.0,220,20947.628181
-187.0,88,20957.786652
-600.0,600,20960.679613
-107.0,108,20961.666835
-353.0,354,20964.504291
-298.0,199,20965.358859
-172.0,173,20965.720484
-124.0,125,20986.511802
-600.0,600,20997.420739
-223.0,224,20998.795119
-201.0,202,20998.959745
-107.0,8,21000.160442
-349.0,250,21000.351431
-340.0,241,21002.82763
-327.0,328,21003.691897
-146.0,47,21008.201962
-39.0,40,21010.468848
-166.0,67,21021.648477
-308.0,209,21022.139774
-115.0,116,21022.307545
-198.0,99,21024.929043
-246.0,147,21025.262721
-22.0,23,21026.338524
-275.0,176,21027.413931
-475.0,376,21029.856679
-100.0,101,21039.565414
-198.0,99,21042.405726
-284.0,285,21047.810403
-146.0,47,21047.810469
-175.0,76,21055.613773
-225.0,226,21060.800715
-203.0,204,21061.657025
-81.0,82,21061.98938
-115.0,16,21064.316792
-232.0,233,21065.22242
-56.0,57,21070.731418
-114.0,115,21075.533375
-190.0,91,21077.787146
-180.0,81,21079.41569
-129.0,30,21080.800849
-149.0,50,21089.47239
-457.0,358,21091.980561
-399.0,400,21096.904674
-388.0,289,21098.11719
-131.0,132,21100.891522
-183.0,84,21104.077107
-106.0,7,21105.246476
-199.0,200,21114.031026
-143.0,144,21116.805743
-100.0,101,21118.201874
-333.0,334,21122.293107
-141.0,42,21125.274973
-52.0,53,21125.76666
-213.0,214,21134.606093
-84.0,85,21139.855279
-268.0,269,21142.86727
-199.0,100,21142.867329
-78.0,79,21148.363059
-164.0,65,21154.250225
-285.0,186,21154.250298
-63.0,64,21159.441173
-218.0,119,21160.44797
-303.0,304,21166.393911
-52.0,53,21169.726335
-103.0,104,21172.293612
-600.0,600,21174.434253
-163.0,164,21182.615854
-187.0,88,21187.405761
-268.0,169,21195.302934
-179.0,180,21200.547378
-100.0,101,21204.703348
-600.0,600,21208.451289
-80.0,81,21209.388582
-170.0,171,21211.96357
-223.0,224,21212.818603
-68.0,69,21224.734087
-101.0,102,21226.076624
-40.0,41,21233.367229
-181.0,182,21241.109432
-62.0,63,21244.404922
-600.0,600,21246.725761
-77.0,78,21254.447049
-145.0,46,21254.613138
-22.0,23,21258.550614
-600.0,600,21263.296942
-227.0,228,21264.471873
-483.0,384,21271.384993
-81.0,82,21277.493605
-164.0,65,21282.7823
-282.0,183,21290.209258
-79.0,80,21303.985949
-600.0,600,21304.48056
-600.0,600,21316.04459
-104.0,105,21322.755268
-269.0,270,21329.343985
-30.0,31,21334.732294
-42.0,43,21342.007307
-600.0,600,21348.055187
-584.0,485,21348.220298
-212.0,213,21352.605378
-600.0,600,21358.109329
-105.0,106,21366.022046
-154.0,155,21368.426519
-93.0,94,21374.423203
-305.0,306,21375.30737
-149.0,150,21378.459366
-600.0,600,21380.85152
-76.0,77,21381.823541
-146.0,47,21388.649798
-113.0,114,21394.777706
-138.0,139,21398.304364
-600.0,600,21407.121303
-309.0,210,21417.544782
-367.0,368,21428.969315
-243.0,244,21439.673686
-169.0,170,21446.3488
-600.0,600,21450.344066
-89.0,90,21454.659151
-31.0,32,21455.639461
-170.0,171,21475.451146
-600.0,600,21480.574675
-566.0,467,21486.451153
-184.0,185,21487.473527
-600.0,600,21490.838882
-600.0,600,21496.729362
-57.0,58,21497.25184
-49.0,50,21505.738617
-145.0,146,21530.569458
-600.0,600,21530.901332
-269.0,270,21536.565299
-332.0,333,21536.890151
-280.0,281,21666.451558
-47.0,48,21672.21918
-139.0,140,21673.373581
-151.0,152,21674.978436
-600.0,600,21675.099168
-143.0,144,21678.31817
-477.0,478,21682.649444
-216.0,217,21687.462517
-600.0,600,21691.42276
-170.0,71,21699.492399
-20.0,21,21702.967284
-129.0,130,21703.470285
-130.0,31,21708.117022
-59.0,60,21713.486361
-33.0,34,21713.855168
-205.0,106,21731.47604
-472.0,473,21750.201543
-498.0,499,21752.059772
-61.0,62,21762.240794
-600.0,600,21767.08682
-419.0,320,21767.086883
-562.0,563,21769.576855
-471.0,472,21770.073852
-596.0,597,21770.556747
-43.0,44,21774.315498
-279.0,280,21777.579078
-45.0,46,21785.324172
-101.0,102,21787.527478
-81.0,82,21787.990326
-129.0,130,21788.675912
-238.0,239,21789.794433
-233.0,234,21808.817139
-164.0,165,21815.389608
-273.0,174,21818.427232
-266.0,267,21830.072466
-600.0,600,21856.216116
-36.0,37,21861.569698
-600.0,600,21862.628576
-309.0,310,21863.532909
-41.0,42,21868.828095
-273.0,274,21869.8256
-600.0,600,21876.607953
-600.0,600,21879.557693
-165.0,166,21885.953705
-115.0,116,21886.865345
-54.0,55,21887.593642
-600.0,600,21897.410959
-211.0,112,21902.352063
-600.0,600,21903.113768
-79.0,80,21914.782313
-195.0,196,21916.277631
-37.0,38,21920.411649
-274.0,175,21946.007132
-204.0,205,21946.310514
-600.0,600,21951.452542
-600.0,600,21956.745248
-600.0,600,21964.416052
-179.0,180,21972.259497
-600.0,600,21974.609746
-600.0,600,21985.231672
-600.0,600,21990.083091
-156.0,157,21997.623942
-124.0,125,22004.366626
-165.0,66,22008.903007
-296.0,197,22022.476581
-82.0,83,22023.041099
-485.0,386,22024.817959
-46.0,47,22032.962518
-69.0,70,22035.141971
-600.0,600,22040.299329
-600.0,600,22046.44213
-162.0,163,22050.761928
-600.0,600,22052.618989
-102.0,103,22058.012082
-252.0,153,22059.241021
-426.0,327,22060.563218
-116.0,17,22062.08143
-162.0,163,22063.187616
-61.0,62,22068.770977
-689.0,590,22069.286398
-143.0,144,22075.217584
-116.0,117,22088.312936
-225.0,226,22090.809924
-209.0,210,22098.913362
-409.0,310,22099.236357
-222.0,223,22100.072645
-356.0,257,22104.307607
-31.0,32,22104.654507
-248.0,249,22131.30157
-226.0,227,22137.968731
-218.0,219,22142.083377
-172.0,173,22160.999584
-600.0,600,22172.195148
-176.0,177,22172.719716
-600.0,600,22178.483422
-268.0,269,22184.385686
-484.0,485,22188.275562
-600.0,600,22194.342647
-264.0,165,22201.031531
-73.0,74,22201.031598
-600.0,600,22203.494421
-252.0,253,22215.739835
-227.0,128,22222.987537
-154.0,155,22227.512932
-45.0,46,22235.523746
-376.0,377,22249.136972
-164.0,165,22251.35685
-34.0,35,22255.055362
-356.0,357,22255.575768
-600.0,600,22264.310112
-214.0,115,22271.161181
-98.0,99,22280.081022
-600.0,600,22280.227609
-314.0,315,22287.465523
-169.0,170,22297.028035
-268.0,269,22298.369677
-606.0,507,22299.070099
-385.0,286,22300.445211
-138.0,139,22301.30684
-600.0,600,22302.30554
-39.0,40,22307.462221
-93.0,94,22312.731024
-129.0,130,22317.027795
-211.0,112,22317.823154
-28.0,29,22322.458401
-167.0,168,22325.275572
-119.0,120,22331.679958
-196.0,197,22333.216545
-506.0,407,22343.586251
-140.0,141,22344.975761
-63.0,64,22355.341463
-116.0,117,22362.184195
-150.0,51,22363.262062
-600.0,600,22382.314548
-345.0,346,22389.155341
-405.0,406,22390.539146
-483.0,484,22394.700577
-47.0,48,22396.798964
-46.0,47,22402.11489
-343.0,244,22402.643122
-600.0,600,22403.443595
-85.0,86,22404.254956
-159.0,160,22408.039697
-44.0,45,22415.153638
-600.0,600,22428.367394
-193.0,194,22433.597794
-297.0,198,22435.500126
-341.0,242,22443.295166
-78.0,79,22446.136016
-235.0,136,22450.02424
-600.0,600,22458.861927
-84.0,85,22549.741229
-327.0,328,22552.846638
-104.0,105,22560.102442
-129.0,30,22564.437478
-176.0,77,22564.437543
-343.0,244,22568.156608
-271.0,272,22569.417872
-328.0,329,22570.387899
-158.0,159,22571.214412
-59.0,60,22571.831627
-36.0,37,22572.733951
-600.0,600,22574.261474
-100.0,101,22577.091961
-68.0,69,22578.128711
-600.0,600,22579.321082
-79.0,80,22584.614075
-51.0,52,22585.648014
-69.0,70,22597.570632
-276.0,177,22597.906057
-213.0,114,22598.769122
-42.0,43,22606.128442
-176.0,177,22608.317605
-220.0,221,22610.595767
-155.0,156,22611.138611
-185.0,86,22612.121365
-260.0,261,22614.156866
-98.0,99,22614.681887
-133.0,34,22616.389504
-322.0,323,22623.812428
-118.0,119,22626.187251
-162.0,163,22638.597847
-258.0,259,22651.708587
-241.0,242,22656.98638
-139.0,140,22662.162207
-289.0,290,22663.017717
-236.0,237,22666.009069
-251.0,252,22666.199444
-60.0,61,22667.4156
-31.0,32,22667.586631
-324.0,325,22669.425017
-182.0,83,22676.93911
-63.0,64,22680.128368
-226.0,227,22690.180327
-144.0,145,22691.856731
-206.0,207,22700.941022
-83.0,84,22704.33962
-337.0,238,22707.779349
-113.0,114,22711.072174
-600.0,600,22713.308187
-337.0,338,22723.343464
-239.0,140,22737.150293
-259.0,260,22748.293758
-259.0,260,22751.710016
-315.0,316,22764.344001
-260.0,261,22767.24332
-217.0,218,22773.253941
-241.0,142,22774.882464
-600.0,600,22777.27996
-179.0,180,22777.591568
-600.0,600,22780.134002
-18.0,19,22780.41822
-252.0,153,22796.421964
-197.0,198,22797.493032
-600.0,600,22798.870966
-145.0,146,22799.468585
-241.0,142,22801.733382
-260.0,261,22804.417208
-26.0,27,22805.802463
-55.0,56,22807.893969
-82.0,83,22809.933145
-114.0,115,22813.670815
-251.0,252,22818.472407
-336.0,337,22825.701859
-345.0,246,22844.923194
-129.0,130,22845.390928
-284.0,285,22848.748178
-209.0,210,22850.248357
-312.0,313,22851.614669
-49.0,50,22859.335642
-356.0,357,22867.809936
-397.0,398,22870.178016
-169.0,170,22870.783561
-127.0,128,22878.679581
-209.0,210,22882.219722
-265.0,266,22885.848202
-600.0,600,22889.698657
-77.0,78,22894.014948
-204.0,205,22898.853575
-137.0,138,22899.612801
-207.0,108,22902.123219
-56.0,57,22902.50558
-209.0,210,22902.505653
-264.0,265,22910.252408
-77.0,78,22913.559739
-82.0,83,22914.909781
-65.0,66,22920.16086
-600.0,600,22939.238465
-295.0,296,22943.709206
-103.0,104,22960.033894
-273.0,274,22961.798263
-506.0,507,22966.510132
-338.0,339,22966.674972
-54.0,55,22968.591272
-472.0,473,22970.744061
-113.0,14,22970.917687
-53.0,54,22974.865813
-106.0,107,22978.434453
-80.0,81,22983.364412
-183.0,84,22988.478226
-32.0,33,22988.987815
-600.0,600,22994.911512
-186.0,187,22996.423071
-201.0,202,23003.54593
-160.0,161,23004.856328
-64.0,65,23007.134521
-600.0,600,23007.297595
-69.0,70,23018.596376
-600.0,600,23034.651308
-213.0,214,23037.787276
-131.0,132,23039.751564
-221.0,222,23040.410196
-472.0,473,23064.851203
-214.0,215,23069.560009
-271.0,272,23084.400467
-600.0,600,23085.905509
-600.0,600,23092.025181
-218.0,219,23100.246888
-111.0,112,23102.511547
-109.0,110,23103.643735
-600.0,600,23103.984953
-118.0,119,23111.473263
-545.0,546,23126.205372
-175.0,176,23128.663137
-137.0,38,23134.722284
-600.0,600,23136.684654
-419.0,420,23137.118038
-147.0,148,23160.55673
-284.0,185,23164.371074
-409.0,410,23169.652195
-440.0,441,23173.519963
-489.0,390,23173.907487
-49.0,50,23182.041484
-201.0,202,23193.173552
-600.0,600,23200.736658
-116.0,117,23212.133376
-58.0,59,23221.501987
-600.0,600,23222.7898
-313.0,314,23224.230283
-662.0,563,23228.04284
-181.0,182,23230.234844
-419.0,420,23237.727848
-462.0,363,23240.911067
-146.0,147,23245.245205
-68.0,69,23248.486735
-136.0,137,23252.011238
-293.0,194,23259.2069
-600.0,600,23261.229646
-267.0,268,23265.845915
-75.0,76,23273.408091
-171.0,172,23275.996576
-230.0,231,23282.034129
-105.0,6,23282.99226
-52.0,53,23291.568407
-448.0,449,23296.16559
-295.0,296,23299.319339
-212.0,213,23299.807758
-370.0,371,23299.956601
-277.0,278,23303.475851
-37.0,38,23309.565346
-235.0,236,23310.934666
-143.0,144,23323.222162
-47.0,48,23330.933357
-216.0,217,23334.266529
-237.0,238,23334.405648
-259.0,260,23341.733829
-157.0,158,23456.247745
-162.0,163,23459.621287
-447.0,448,23461.842773
-233.0,234,23470.352952
-600.0,600,23470.887564
-194.0,95,23477.641103
-443.0,444,23479.912939
-251.0,252,23481.049447
-194.0,195,23489.207875
-508.0,509,23489.972137
-205.0,106,23492.291871
-104.0,105,23494.018043
-178.0,179,23496.232621
-123.0,124,23497.37698
-158.0,59,23501.522817
-69.0,70,23504.976995
-124.0,125,23508.51296
-108.0,109,23511.930263
-177.0,178,23513.79912
-134.0,135,23525.259652
-282.0,283,23528.974136
-159.0,160,23536.514367
-209.0,210,23540.523237
-499.0,500,23543.236377
-600.0,600,23543.236439
-158.0,159,23549.930265
-135.0,136,23550.133077
-248.0,249,23552.527164
-122.0,123,23556.341971
-87.0,88,23565.031937
-170.0,171,23579.689472
-148.0,149,23581.974557
-197.0,198,23586.66078
-42.0,43,23593.932657
-600.0,600,23597.854342
-329.0,330,23599.932686
-44.0,45,23605.481966
-97.0,98,23610.780133
-285.0,286,23614.325226
-83.0,84,23614.325286
-248.0,249,23623.773553
-597.0,498,23624.3637
-84.0,85,23627.662275
-42.0,43,23630.83259
-244.0,145,23633.306474
-51.0,52,23641.83122
-600.0,600,23643.10661
-187.0,188,23643.393268
-164.0,165,23649.483336
-187.0,188,23657.013726
-109.0,110,23660.934273
-154.0,155,23666.448895
-600.0,600,23677.00778
-99.0,100,23682.199777
-150.0,151,23684.944345
-51.0,52,23690.651704
-572.0,573,23696.579742
-400.0,401,23706.92624
-306.0,307,23726.284011
-600.0,600,23726.749339
-454.0,455,23729.98868
-257.0,258,23738.367656
-196.0,197,23739.008081
-600.0,600,23745.758012
-112.0,113,23748.202417
-190.0,191,23757.429883
-74.0,75,23757.734581
-19.0,20,23760.903224
-235.0,236,23763.934694
-487.0,488,23768.889117
-194.0,195,23769.958759
-42.0,43,23770.77299
-89.0,90,23775.363358
-171.0,172,23775.713399
-55.0,56,23780.045511
-600.0,600,23781.470547
-79.0,80,23792.680942
-326.0,227,23793.644256
-201.0,202,23801.327315
-59.0,60,23802.32225
-183.0,184,23804.927102
-228.0,229,23806.651797
-70.0,71,23812.571686
-315.0,216,23815.563448
-171.0,72,23818.118105
-214.0,215,23827.307044
-79.0,80,23830.147092
-600.0,600,23833.426176
-231.0,132,23848.180007
-168.0,169,23856.746058
-269.0,270,23857.578119
-176.0,177,23861.055808
-600.0,600,23869.423073
-153.0,154,23871.998978
-497.0,398,23874.483227
-57.0,58,23883.848742
-93.0,94,23887.093762
-200.0,201,23889.318938
-176.0,77,23895.727144
-600.0,600,23896.094109
-600.0,600,23898.829391
-316.0,317,23906.436094
-305.0,306,23909.035705
-121.0,122,23914.611755
-53.0,54,23914.611814
-103.0,104,23930.911043
-272.0,273,23931.772801
-311.0,312,23935.471094
-48.0,49,23938.323857
-63.0,64,23947.905879
-191.0,92,23949.06411
-600.0,600,23962.634569
-563.0,464,23986.382693
-600.0,600,23988.585135
-600.0,600,23991.255542
-600.0,600,24001.150207
-439.0,340,24001.42224
-100.0,101,24001.422294
-373.0,374,24005.379161
-281.0,282,24005.700968
-150.0,151,24011.372171
-75.0,76,24012.888469
-149.0,150,24013.780813
-19.0,20,24014.431965
-600.0,600,24023.619925
-259.0,160,24025.694757
-101.0,102,24029.747786
-244.0,145,24037.003336
-343.0,244,24039.170504
-126.0,127,24049.14304
-146.0,147,24061.288678
-249.0,250,24061.731804
-66.0,67,24072.263694
-600.0,600,24098.206059
-600.0,600,24098.521161
-415.0,416,24101.515179
-600.0,600,24106.068686
-520.0,521,24106.584103
-236.0,237,24109.54218
-97.0,98,24124.692217
-160.0,161,24131.148054
-67.0,68,24141.524067
-600.0,600,24141.92219
-160.0,161,24149.028602
-600.0,600,24154.253276
-330.0,331,24156.948118
-418.0,419,24162.8204
-138.0,139,24163.509334
-224.0,225,24183.370668
-600.0,600,24190.017001
-600.0,600,24192.968796
-78.0,79,24195.359417
-246.0,247,24200.643502
-63.0,64,24205.355504
-91.0,92,24216.241463
-471.0,472,24332.62973
-600.0,600,24337.802428
-550.0,551,24343.606209
-198.0,99,24344.129795
-115.0,116,24352.122353
-600.0,600,24354.761804
-98.0,99,24356.292635
-68.0,69,24360.924573
-152.0,153,24363.680976
-99.0,100,24367.525102
-600.0,600,24380.374595
-177.0,178,24381.45496
-600.0,600,24383.384692
-132.0,133,24388.361165
-168.0,169,24389.369717
-76.0,77,24392.806338
-600.0,600,24396.207556
-53.0,54,24397.389211
-575.0,576,24402.782658
-79.0,80,24409.324066
-274.0,175,24410.202596
-225.0,226,24430.145232
-212.0,213,24432.44047
-248.0,149,24434.741825
-197.0,198,24442.053145
-72.0,73,24446.955767
-600.0,600,24457.05368
-97.0,98,24458.409596
-382.0,383,24466.109599
-69.0,70,24468.548508
-164.0,165,24474.092183
-287.0,288,24477.668819
-277.0,278,24478.374424
-600.0,600,24482.28775
-122.0,123,24486.165203
-600.0,600,24488.266693
-68.0,69,24489.571268
-97.0,98,24490.059771
-111.0,12,24491.993913
-131.0,132,24504.059077
-111.0,12,24506.065187
-101.0,102,24506.584658
-175.0,176,24506.773727
-126.0,127,24507.260831
-302.0,303,24508.299075
-169.0,170,24516.560849
-124.0,125,24527.47105
-127.0,128,24527.818075
-138.0,139,24529.149331
-186.0,87,24530.97509
-263.0,164,24535.3835
-265.0,266,24549.351045
-154.0,155,24550.886651
-298.0,199,24560.041311
-286.0,187,24562.172522
-600.0,600,24563.306156
-302.0,303,24572.182141
-167.0,168,24573.380424
-209.0,210,24577.301877
-124.0,125,24578.007402
-600.0,600,24581.417067
-403.0,404,24583.783947
-193.0,194,24587.693646
-159.0,160,24593.462548
-242.0,143,24595.306854
-291.0,192,24602.557423
-74.0,75,24605.179977
-189.0,190,24612.226378
-230.0,231,24623.025979
-316.0,317,24624.215004
-117.0,118,24627.135761
-214.0,215,24629.885873
-196.0,197,24630.138399
-49.0,50,24633.625295
-600.0,600,24636.829673
-206.0,107,24638.039275
-117.0,118,24638.32726
-136.0,137,24647.165229
-600.0,600,24648.257282
-148.0,149,24652.072782
-73.0,74,24657.449457
-600.0,600,24657.449519
-47.0,48,24663.31368
-248.0,249,24668.89245
-258.0,259,24669.939286
-129.0,130,24673.708959
-235.0,136,24688.075413
-146.0,147,24688.492516
-578.0,479,24697.981689
-80.0,81,24698.906474
-95.0,96,24701.439204
-211.0,212,24702.044671
-39.0,40,24703.390003
-600.0,600,24707.52902
-468.0,469,24713.366527
-128.0,129,24716.346369
-244.0,145,24722.725135
-600.0,600,24725.259234
-150.0,151,24733.193307
-141.0,142,24734.977941
-600.0,600,24742.530948
-140.0,141,24753.605925
-278.0,179,24756.974578
-298.0,299,24762.459925
-90.0,91,24769.317815
-547.0,548,24774.57151
-110.0,111,24778.157325
-600.0,600,24784.115976
-64.0,65,24789.232733
-600.0,600,24790.957462
-490.0,491,24795.313066
-367.0,368,24796.765455
-382.0,383,24813.217224
-212.0,113,24815.705444
-224.0,225,24828.720139
-188.0,189,24847.607615
-447.0,448,24850.091783
-550.0,451,24865.201724
-222.0,223,24866.419389
-600.0,600,24869.338799
-90.0,91,24880.267469
-600.0,600,24883.404448
-600.0,600,24893.187805
-293.0,294,24895.988232
-339.0,340,24900.644861
-163.0,164,24904.66029
-147.0,148,24905.404203
-600.0,600,24908.994226
-280.0,281,24911.031579
-249.0,150,24915.438891
-140.0,141,24916.944398
-40.0,41,24917.09409
-114.0,115,24925.900815
-165.0,166,24929.141577
-96.0,97,24931.230942
-139.0,140,24936.168688
-390.0,291,24943.696733
-248.0,149,24948.024262
-307.0,308,24951.066633
-160.0,161,24953.22385
-344.0,245,24953.5415
-121.0,122,24954.464144
-600.0,600,24954.927044
-60.0,61,24962.276754
-143.0,144,24969.561529
-266.0,267,24971.048218
-122.0,123,24972.65872
-121.0,122,24972.96289
-89.0,90,24975.815988
-67.0,68,24981.999452
-134.0,135,24991.452277
-118.0,119,24992.267888
-106.0,107,24999.540987
-351.0,252,25014.164104
-170.0,171,25020.06924
-474.0,475,25026.508273
-21.0,22,25030.222896
-47.0,48,25037.920425
-600.0,600,25038.896499
-242.0,243,25039.046152
-126.0,127,25040.702255
-313.0,314,25042.472602
-600.0,600,25049.220043
-280.0,281,25059.410861
-129.0,130,25061.348333
-95.0,96,25064.585226
-51.0,52,25172.290351
-600.0,600,25174.730084
-225.0,226,25176.213575
-241.0,242,25177.256178
-213.0,214,25177.256257
-185.0,86,25182.670969
-160.0,161,25184.014764
-64.0,65,25184.250205
-127.0,128,25193.163728
-131.0,132,25193.693635
-143.0,44,25198.602185
-223.0,124,25199.423433
-129.0,130,25200.644483
-299.0,300,25214.931643
-600.0,600,25228.078685
-225.0,226,25235.595396
-250.0,251,25238.200343
-67.0,68,25238.651227
-51.0,52,25243.737774
-314.0,315,25247.315616
-600.0,600,25253.133898
-498.0,499,25255.760825
-121.0,122,25257.120277
-58.0,59,25264.805633
-203.0,204,25270.261157
-600.0,600,25285.112778
-208.0,109,25287.057238
-144.0,145,25287.208786
-283.0,284,25296.88769
-190.0,91,25301.28303
-104.0,105,25301.283092
-381.0,382,25306.233382
-406.0,407,25306.552809
-126.0,127,25306.703018
-600.0,600,25307.620939
-150.0,51,25314.352011
-166.0,67,25316.960608
-38.0,39,25320.294636
-433.0,434,25324.046427
-192.0,193,25326.663611
-164.0,165,25333.007135
-220.0,121,25335.556944
-36.0,37,25338.59033
-149.0,150,25343.326348
-259.0,260,25346.071259
-76.0,77,25347.309549
-258.0,159,25351.068021
-110.0,111,25355.620021
-485.0,386,25360.465982
-90.0,91,25364.837286
-122.0,123,25366.053375
-161.0,162,25368.058876
-367.0,368,25380.039052
-133.0,134,25385.135458
-600.0,600,25392.712803
-327.0,328,25395.551086
-232.0,233,25400.786249
-104.0,5,25401.683821
-366.0,367,25422.814272
-203.0,204,25426.129311
-227.0,228,25426.809708
-353.0,254,25440.257386
-106.0,107,25442.765756
-600.0,600,25446.418684
-600.0,600,25451.124843
-201.0,202,25454.108885
-77.0,78,25454.775886
-78.0,79,25458.55435
-209.0,210,25459.340324
-29.0,30,25459.506389
-78.0,79,25463.749867
-57.0,58,25467.490455
-600.0,600,25471.217496
-600.0,600,25476.58243
-80.0,81,25480.248285
-133.0,134,25480.248347
-144.0,145,25482.216289
-134.0,135,25501.213657
-407.0,408,25503.676319
-301.0,302,25510.458614
-279.0,280,25515.039068
-169.0,170,25530.125464
-37.0,38,25535.30062
-527.0,428,25545.711651
-600.0,600,25546.326007
-28.0,29,25550.253377
-600.0,600,25568.673795
-364.0,365,25570.637371
-600.0,600,25574.325952
-74.0,75,25586.369239
-600.0,600,25594.027554
-170.0,171,25596.188225
-600.0,600,25603.642299
-472.0,373,25604.58124
-572.0,473,25609.671169
-376.0,377,25610.87745
-180.0,181,25622.038365
-86.0,87,25622.440169
-239.0,240,25623.531652
-149.0,150,25625.984454
-130.0,131,25629.387107
-39.0,40,25631.46965
-65.0,66,25632.619382
-528.0,429,25636.126302
-132.0,133,25640.813413
-139.0,40,25641.624417
-422.0,323,25643.41371
-117.0,18,25644.075841
-194.0,95,25645.712417
-137.0,38,25646.010044
-290.0,291,25646.307336
-125.0,126,25648.932672
-44.0,45,25651.939149
-243.0,244,25655.749642
-59.0,60,25657.278651
-98.0,99,25657.824227
-123.0,124,25668.980447
-34.0,35,25673.490361
-156.0,157,25677.529096
-244.0,245,25680.839934
-165.0,166,25681.478962
-199.0,200,25686.38202
-138.0,139,25704.200697
-168.0,169,25705.150777
-250.0,251,25714.476697
-600.0,600,25718.941938
-126.0,127,25725.017234
-277.0,278,25726.383023
-47.0,48,25726.869808
-105.0,106,25732.068257
-600.0,600,25735.785727
-600.0,600,25738.891073
-210.0,111,25743.48747
-177.0,178,25755.880211
-308.0,309,25756.229351
-265.0,166,25771.10583
-229.0,230,25776.834782
-150.0,151,25780.985756
-337.0,338,25782.66139
-600.0,600,25785.157628
-210.0,211,25790.675991
-121.0,122,25791.018552
-58.0,59,25800.502636
-407.0,408,25803.054041
-143.0,144,25809.084409
-112.0,113,25819.097031
-224.0,225,25819.92906
-651.0,552,25823.189553
-128.0,129,25824.27566
-205.0,206,25824.887317
-210.0,211,25853.792995
-193.0,194,25855.068587
-184.0,185,25855.445112
-282.0,283,25866.657443
-286.0,287,25871.707946
-600.0,600,25875.875631
-130.0,131,25876.851936
-600.0,600,25880.164366
-154.0,155,25881.14737
-144.0,45,25883.331494
-83.0,84,25893.99136
-126.0,127,25897.748444
-73.0,74,25906.071437
-244.0,245,25906.883445
-600.0,600,25907.84695
-325.0,326,25925.223386
-131.0,132,25929.517192
-400.0,301,25932.614024
-31.0,32,25937.714067
-97.0,98,26041.358166
-497.0,398,26041.978968
-246.0,247,26042.113675
-133.0,134,26042.645208
-264.0,265,26044.841468
-600.0,600,26046.378952
-111.0,112,26049.112437
-65.0,66,26050.128615
-425.0,426,26058.751918
-64.0,65,26059.111411
-139.0,140,26059.496314
-131.0,132,26063.73974
-196.0,197,26067.322903
-107.0,108,26073.411914
-73.0,74,26073.411977
-60.0,61,26075.327842
-149.0,150,26078.044489
-72.0,73,26083.192567
-305.0,306,26085.639528
-64.0,65,26096.679751
-183.0,184,26102.123917
-323.0,324,26106.993201
-197.0,198,26110.615721
-169.0,170,26112.158552
-103.0,104,26114.449301
-109.0,110,26126.05263
-312.0,313,26126.91044
-600.0,600,26132.677896
-157.0,158,26137.858723
-153.0,154,26138.746186
-600.0,600,26142.136233
-65.0,66,26144.040665
-122.0,123,26159.100584
-278.0,279,26162.485927
-491.0,392,26169.531996
-170.0,171,26171.660324
-200.0,201,26178.711709
-62.0,63,26180.543282
-109.0,110,26181.578944
-395.0,396,26194.01982
-149.0,150,26197.292767
-131.0,132,26201.291113
-137.0,138,26204.041982
-388.0,389,26205.549696
-122.0,123,26215.015906
-191.0,92,26216.924489
-600.0,600,26229.676964
-343.0,344,26240.273889
-264.0,265,26242.664
-168.0,169,26244.090418
-160.0,161,26244.587839
-229.0,230,26244.981121
-35.0,36,26250.27508
-67.0,68,26256.229501
-336.0,337,26261.628278
-600.0,600,26261.779369
-181.0,182,26270.625672
-252.0,253,26272.234292
-206.0,207,26278.744907
-70.0,71,26281.200659
-284.0,285,26287.329419
-269.0,270,26300.030986
-121.0,122,26303.53349
-190.0,191,26306.564705
-385.0,386,26316.515186
-133.0,134,26323.926484
-113.0,114,26336.12323
-261.0,262,26341.337688
-600.0,600,26341.506818
-600.0,600,26346.552831
-38.0,39,26346.951487
-99.0,100,26350.787811
-518.0,519,26354.389512
-600.0,600,26359.555219
-142.0,143,26360.707301
-44.0,45,26366.803843
-408.0,409,26367.776384
-246.0,247,26380.791459
-101.0,102,26382.826552
-298.0,299,26394.765244
-153.0,154,26406.838112
-600.0,600,26416.881181
-70.0,71,26419.056973
-370.0,371,26427.249834
-196.0,197,26428.087771
-600.0,600,26440.339803
-90.0,91,26442.944267
-104.0,105,26445.240301
-35.0,36,26447.460939
-600.0,600,26448.592509
-414.0,415,26450.733987
-600.0,600,26453.860362
-49.0,50,26455.729379
-41.0,42,26457.268476
-34.0,35,26459.86776
-106.0,107,26464.133911
-86.0,87,26472.230712
-72.0,73,26476.37083
-202.0,203,26477.425653
-261.0,262,26481.537901
-100.0,101,26493.528885
-140.0,141,26496.147069
-41.0,42,26503.185831
-60.0,61,26503.865324
-211.0,212,26513.395493
-600.0,600,26515.495736
-201.0,202,26515.818443
-600.0,600,26517.726005
-73.0,74,26527.754318
-213.0,114,26546.49772
-202.0,203,26550.041941
-600.0,600,26553.948295
-600.0,600,26556.920134
-66.0,67,26562.349084
-154.0,155,26565.852457
-423.0,424,26567.305683
-558.0,459,26571.279487
-92.0,93,26573.968384
-208.0,209,26576.47717
-110.0,111,26581.308955
-510.0,511,26588.706207
-557.0,558,26599.110615
-203.0,204,26604.189787
-102.0,103,26606.00722
-319.0,220,26610.059973
-282.0,283,26611.579794
-146.0,147,26621.734703
-81.0,82,26623.612745
-170.0,171,26631.071641
-30.0,31,26635.680493
-243.0,144,26642.673757
-600.0,600,26645.749402
-293.0,294,26647.522882
-51.0,52,26650.276815
-456.0,457,26651.496271
-259.0,260,26661.600838
-94.0,95,26664.243927
-135.0,136,26667.448323
-600.0,600,26668.123282
-102.0,103,26677.579767
-335.0,336,26682.173961
-116.0,117,26682.543058
-164.0,165,26687.952242
-600.0,600,26693.230642
-107.0,108,26695.674695
-137.0,138,26699.897322
-339.0,340,26704.86831
-98.0,99,26708.142916
-600.0,600,26726.781044
-193.0,194,26727.117276
-567.0,568,26727.928019
-250.0,251,26727.928079
-346.0,347,26736.609807
-103.0,104,26743.522254
-163.0,164,26751.637844
-600.0,600,26759.677799
-179.0,180,26761.222368
-174.0,175,26767.375614
-102.0,3,26767.772424
-210.0,111,26774.915536
-460.0,361,26778.080848
-61.0,62,26786.771304
-261.0,262,26787.910867
-600.0,600,26790.020837
-600.0,600,26793.524582
-257.0,258,26796.844972
-128.0,29,26800.902759
-600.0,600,26907.308416
-351.0,352,26912.054965
-136.0,37,26916.252248
-252.0,253,26917.221465
-264.0,265,26917.677586
-244.0,245,26928.073916
-373.0,374,26940.220016
-618.0,519,26941.8441
-43.0,44,26946.073193
-445.0,446,26946.328914
-40.0,41,26951.596499
-248.0,249,26952.414601
-52.0,53,26958.980765
-62.0,63,26959.494927
-498.0,399,26959.861641
-109.0,110,26960.523223
-310.0,311,26970.507756
-91.0,92,26971.521118
-182.0,183,26982.355986
-286.0,187,26982.356056
-135.0,136,26989.058051
-220.0,221,26990.151768
-144.0,145,26991.982369
-577.0,578,26996.854688
-39.0,40,26997.018432
-600.0,600,26999.276411
-143.0,44,27006.01061
-106.0,107,27006.581763
-91.0,92,27010.971282
-178.0,179,27011.251985
-250.0,151,27015.522254
-141.0,142,27018.37613
-600.0,600,27025.544555
-155.0,156,27036.12374
-136.0,137,27036.255155
-212.0,213,27039.650177
-249.0,250,27039.772954
-383.0,284,27044.573578
-147.0,148,27055.079656
-262.0,163,27056.909357
-162.0,163,27060.469656
-600.0,600,27066.402994
-434.0,435,27067.966046
-211.0,212,27071.930748
-175.0,176,27077.93073
-72.0,73,27087.002745
-486.0,487,27087.641174
-279.0,180,27089.270931
-30.0,31,27091.614433
-69.0,70,27100.535852
-354.0,355,27113.031256
-600.0,600,27116.318191
-42.0,43,27118.456028
-419.0,420,27125.165422
-59.0,60,27126.024981
-296.0,297,27126.918097
-21.0,22,27127.957917
-544.0,545,27129.848694
-47.0,48,27133.17913
-600.0,600,27133.422753
-390.0,391,27136.768478
-309.0,210,27152.703382
-437.0,438,27155.870119
-39.0,40,27157.628628
-255.0,256,27162.002058
-62.0,63,27165.243372
-92.0,93,27173.625747
-384.0,385,27176.130227
-115.0,116,27179.68941
-378.0,379,27183.778235
-58.0,59,27190.950897
-600.0,600,27191.217167
-322.0,223,27203.563404
-320.0,221,27206.850092
-600.0,600,27207.495377
-600.0,600,27207.734071
-290.0,291,27209.406137
-211.0,212,27217.994443
-93.0,94,27219.962781
-31.0,32,27224.212453
-272.0,273,27225.652857
-129.0,130,27226.464835
-600.0,600,27230.977017
-216.0,217,27231.455973
-101.0,102,27244.194968
-183.0,184,27247.248923
-429.0,330,27248.928807
-228.0,229,27254.386054
-49.0,50,27255.230465
-276.0,277,27265.868153
-497.0,498,27270.906029
-232.0,233,27273.555196
-178.0,179,27276.913288
-54.0,55,27280.494576
-37.0,38,27285.378889
-348.0,249,27286.759267
-600.0,600,27293.737771
-57.0,58,27293.983997
-600.0,600,27301.917845
-223.0,224,27305.369757
-477.0,478,27307.716666
-403.0,304,27309.276527
-219.0,220,27313.238587
-180.0,181,27316.74195
-125.0,126,27317.708764
-107.0,8,27318.675011
-78.0,79,27318.93417
-192.0,93,27319.169104
-164.0,165,27333.58221
-130.0,131,27335.287853
-164.0,165,27339.80577
-600.0,600,27341.017235
-198.0,199,27341.504234
-382.0,383,27341.635049
-203.0,204,27344.047546
-75.0,76,27348.990329
-63.0,64,27349.225712
-193.0,194,27357.053969
-235.0,136,27365.567262
-113.0,14,27367.381633
-204.0,205,27368.836127
-179.0,180,27370.765088
-585.0,586,27377.391385
-188.0,189,27380.267386
-331.0,332,27381.970049
-26.0,27,27383.539039
-556.0,457,27391.096977
-68.0,69,27392.079284
-186.0,187,27393.827829
-104.0,105,27394.951869
-336.0,237,27396.57134
-43.0,44,27397.566931
-232.0,233,27397.566992
-198.0,199,27401.834903
-72.0,73,27405.511354
-69.0,70,27406.114372
-42.0,43,27410.977939
-600.0,600,27414.599234
-86.0,87,27417.009482
-138.0,139,27418.985457
-204.0,205,27419.113352
-190.0,191,27421.179857
-277.0,278,27426.95075
-355.0,256,27428.538922
-150.0,151,27432.594265
-117.0,118,27437.267248
-155.0,156,27437.392549
-70.0,71,27441.980607
-181.0,182,27443.114794
-63.0,64,27445.269167
-236.0,237,27453.762898
-230.0,231,27458.423094
-298.0,299,27459.379731
-139.0,140,27461.964381
-68.0,69,27462.084854
-65.0,66,27466.478462
-77.0,78,27471.708485
-246.0,247,27472.098962
-93.0,94,27473.830081
-269.0,270,27476.107886
-95.0,96,27483.400856
-79.0,80,27485.682506
-76.0,77,27495.258996
-185.0,186,27496.568971
-108.0,109,27496.832129
-600.0,600,27502.694405
-65.0,66,27504.835499
-99.0,100,27507.685688
-443.0,344,27508.861305
-600.0,600,27510.977744
-366.0,367,27517.281583
-138.0,139,27519.893404
-125.0,126,27520.408261
-212.0,213,27523.219037
-41.0,42,27525.023258
-117.0,118,27525.482676
-194.0,195,27531.664906
-600.0,600,27533.285735
-144.0,145,27652.039271
-231.0,232,27654.324757
-214.0,215,27657.878977
-138.0,139,27658.525656
-170.0,171,27660.597815
-227.0,228,27660.929059
-282.0,283,27662.75548
-62.0,63,27665.533587
-282.0,183,27672.863271
-115.0,116,27676.137921
-166.0,167,27676.902401
-160.0,161,27679.185791
-59.0,60,27679.964063
-42.0,43,27682.115181
-600.0,600,27689.155747
-240.0,241,27689.155813
-121.0,122,27690.759665
-73.0,74,27697.897581
-78.0,79,27700.196513
-198.0,199,27705.67774
-309.0,310,27716.231077
-95.0,96,27717.245394
-270.0,271,27721.200903
-600.0,600,27724.51502
-424.0,425,27730.205154
-144.0,145,27734.158539
-167.0,168,27735.729353
-600.0,600,27736.362139
-61.0,62,27737.55252
-52.0,53,27740.880787
-81.0,82,27747.487488
-60.0,61,27747.847222
-38.0,39,27752.056452
-246.0,247,27753.967708
-480.0,481,27757.061245
-91.0,92,27758.561275
-600.0,600,27768.413054
-114.0,115,27771.676771
-210.0,211,27776.522274
-194.0,195,27779.715876
-232.0,233,27780.960736
-522.0,523,27782.534062
-147.0,148,27785.781401
-113.0,114,27793.914729
-192.0,193,27794.060762
-175.0,176,27796.760718
-600.0,600,27805.834714
-600.0,600,27806.460224
-351.0,252,27809.083959
-198.0,199,27809.084017
-35.0,36,27810.171941
-247.0,248,27811.405504
-153.0,154,27812.121473
-84.0,85,27818.976055
-190.0,191,27819.333695
-149.0,150,27824.264218
-132.0,133,27825.917667
-159.0,160,27830.458267
-66.0,67,27832.292879
-328.0,329,27833.177102
-211.0,212,27834.169342
-233.0,134,27835.324556
-30.0,31,27837.721798
-160.0,161,27838.05658
-246.0,247,27841.358016
-34.0,35,27846.199221
-66.0,67,27846.356904
-88.0,89,27846.503887
-198.0,199,27850.213791
-37.0,38,27854.538145
-228.0,229,27858.287212
-107.0,108,27859.179398
-190.0,191,27861.547876
-262.0,263,27864.128489
-159.0,160,27865.538031
-102.0,103,27866.936791
-127.0,128,27873.329941
-117.0,118,27875.29607
-120.0,121,27878.344909
-280.0,281,27879.749297
-93.0,94,27886.533944
-170.0,171,27887.195346
-124.0,125,27893.537684
-95.0,96,27898.825168
-120.0,121,27901.120198
-191.0,192,27902.652819
-51.0,52,27904.774316
-600.0,600,27904.887515
-368.0,369,27909.66305
-126.0,27,27912.815252
-98.0,99,27914.487831
-380.0,381,27918.79006
-218.0,119,27919.120344
-205.0,206,27925.428039
-98.0,99,27925.979712
-600.0,600,27930.118093
-243.0,244,27933.318881
-99.0,100,27936.887965
-220.0,221,27944.633134
-116.0,117,27947.00154
-78.0,79,27954.166267
-600.0,600,27963.76296
-167.0,168,27966.847535
-294.0,295,27971.723334
-189.0,190,27976.463825
-600.0,600,27982.922587
-95.0,96,27982.922651
-600.0,600,27988.833222
-600.0,600,27996.083883
-600.0,600,28000.400032
-250.0,251,28005.737244
-303.0,204,28006.6914
-385.0,386,28008.99058
-79.0,80,28018.426044
-100.0,101,28018.543128
-316.0,317,28020.059031
-218.0,219,28021.973853
-53.0,54,28028.175391
-335.0,336,28028.316696
-265.0,266,28031.554266
-232.0,133,28035.446827
-600.0,600,28037.029987
-281.0,282,28038.68976
-50.0,51,28045.186419
-194.0,195,28052.338629
-307.0,308,28055.912029
-267.0,268,28061.21304
-122.0,123,28067.279071
-180.0,181,28067.768587
-275.0,276,28071.358845
-130.0,131,28071.693805
-93.0,94,28072.449561
-45.0,46,28073.256398
-148.0,149,28088.612565
-600.0,600,28090.483366
-170.0,171,28092.971984
-251.0,252,28096.399084
-600.0,600,28103.483051
-153.0,154,28106.625586
-600.0,600,28107.415153
-105.0,106,28108.977752
-334.0,335,28110.625214
-195.0,196,28113.392117
-202.0,103,28115.415932
-383.0,384,28117.201252
-98.0,99,28119.067167
-69.0,70,28121.753755
-263.0,164,28128.620421
-117.0,118,28129.696292
-41.0,42,28133.584528
-249.0,150,28135.121636
-224.0,225,28137.342285
-264.0,165,28138.66014
-96.0,97,28141.137975
-142.0,143,28150.707476
-183.0,184,28163.11741
-106.0,107,28163.354962
-600.0,600,28164.174997
-295.0,296,28172.573047
-83.0,84,28173.960137
-600.0,600,28177.767318
-140.0,141,28179.641923
-155.0,156,28181.727139
-70.0,71,28186.262643
-105.0,106,28186.654417
-556.0,557,28187.964421
-145.0,146,28189.941124
-50.0,51,28193.793739
-39.0,40,28194.50585
-507.0,508,28195.211483
-145.0,146,28196.816015
-503.0,504,28198.462827
-150.0,151,28199.565042
-147.0,48,28199.5651
-174.0,175,28206.999751
-72.0,73,28215.486671
-147.0,148,28217.031623
-259.0,260,28217.252645
-198.0,199,28218.086604
-293.0,194,28222.401827
-269.0,270,28226.967598
-207.0,108,28230.530976
-319.0,320,28235.936031
-172.0,173,28335.557769
-502.0,403,28342.616411
-242.0,243,28343.936275
-174.0,175,28345.762571
-159.0,160,28347.680625
-304.0,305,28349.332924
-57.0,58,28350.627062
-221.0,222,28360.054672
-267.0,168,28370.034284
-365.0,266,28373.242257
-229.0,230,28375.95813
-53.0,54,28376.314963
-265.0,266,28376.59293
-32.0,33,28377.19269
-426.0,427,28385.056945
-77.0,78,28386.275836
-254.0,255,28389.699757
-365.0,366,28390.046237
-600.0,600,28390.433412
-50.0,51,28391.06194
-35.0,36,28395.254303
-196.0,197,28399.21851
-290.0,291,28409.711977
-111.0,112,28412.235317
-242.0,243,28418.60688
-301.0,302,28421.395677
-245.0,246,28423.839354
-163.0,164,28429.115755
-82.0,83,28434.005776
-500.0,401,28436.954717
-110.0,11,28438.265947
-600.0,600,28446.972977
-246.0,247,28450.668522
-621.0,522,28451.385253
-188.0,189,28451.521044
-134.0,135,28454.014316
-300.0,301,28454.342613
-61.0,62,28458.790081
-98.0,99,28462.249234
-36.0,37,28463.055893
-95.0,96,28473.298547
-182.0,183,28475.284398
-56.0,57,28479.95025
-600.0,600,28482.709641
-82.0,83,28489.829042
-508.0,409,28494.83179
-294.0,295,28497.642774
-222.0,223,28501.549028
-600.0,600,28504.221783
-232.0,233,28510.073398
-49.0,50,28516.321656
-574.0,575,28519.047037
-126.0,127,28519.418128
-375.0,276,28522.6364
-600.0,600,28525.046369
-261.0,262,28526.076281
-189.0,90,28530.242565
-242.0,243,28530.601954
-125.0,126,28531.417046
-233.0,234,28546.811937
-142.0,143,28548.146114
-62.0,63,28554.086284
-59.0,60,28561.258764
-600.0,600,28568.592116
-502.0,403,28570.13884
-144.0,145,28578.226065
-91.0,92,28581.090281
-113.0,114,28582.199251
-489.0,490,28588.374242
-144.0,145,28595.612718
-600.0,600,28595.987268
-600.0,600,28596.913628
-674.0,575,28598.06257
-60.0,61,28603.123053
-188.0,189,28603.516176
-183.0,184,28604.006083
-111.0,112,28610.162617
-55.0,56,28610.162673
-24.0,25,28613.254667
-600.0,600,28619.166182
-182.0,183,28619.72383
-98.0,99,28621.874457
-152.0,153,28622.10235
-162.0,163,28622.437362
-153.0,154,28640.306969
-450.0,451,28641.69523
-210.0,211,28647.099155
-253.0,254,28648.763993
-255.0,256,28649.539303
-82.0,83,28649.663173
-46.0,47,28655.166804
-74.0,75,28655.77938
-642.0,543,28659.288325
-183.0,184,28662.989414
-79.0,80,28664.590634
-165.0,166,28668.261665
-161.0,162,28668.639685
-95.0,96,28676.061901
-600.0,600,28683.455299
-176.0,177,28683.816061
-226.0,227,28686.096853
-118.0,119,28690.302654
-185.0,186,28690.527622
-600.0,600,28692.510558
-135.0,136,28706.578237
-121.0,122,28706.9591
-300.0,201,28707.524795
-241.0,242,28712.667377
-531.0,532,28718.948553
-254.0,255,28720.477172
-74.0,75,28721.749293
-32.0,33,28725.598188
-195.0,196,28730.311489
-222.0,223,28734.249068
-71.0,72,28738.808743
-600.0,600,28739.962273
-146.0,147,28743.194127
-231.0,232,28748.047675
-524.0,525,28748.642303
-373.0,374,28751.062778
-101.0,102,28755.270011
-70.0,71,28757.259235
-175.0,176,28761.116452
-213.0,114,28761.800928
-203.0,204,28763.133735
-489.0,390,28765.405421
-243.0,144,28768.344099
-116.0,117,28769.274902
-82.0,83,28770.893395
-119.0,120,28771.48054
-54.0,55,28775.591679
-449.0,350,28775.59174
-47.0,48,28777.011374
-53.0,54,28777.158714
-32.0,33,28779.531207
-61.0,62,28782.927676
-59.0,60,28784.373442
-66.0,67,28785.148825
-197.0,198,28791.665401
-104.0,105,28791.999764
-225.0,226,28792.129587
-74.0,75,28800.967985
-335.0,336,28801.535962
-179.0,180,28806.534654
-50.0,51,28807.800054
-364.0,265,28814.626573
-130.0,131,28816.663525
-119.0,120,28820.779999
-249.0,250,28821.519767
-600.0,600,28836.237362
-466.0,367,28837.716531
-125.0,126,28838.305411
-269.0,170,28842.79186
-228.0,229,28843.628406
-181.0,82,28847.379881
-249.0,250,28848.121126
-90.0,91,28853.967362
-47.0,48,28854.233781
-600.0,600,28858.339581
-118.0,19,28860.797203
-137.0,138,28864.792608
-238.0,239,28867.844808
-298.0,299,28873.075488
-70.0,71,28876.486255
-273.0,274,28877.51479
-160.0,161,28880.245991
-600.0,600,28882.108616
-82.0,83,28882.88957
-91.0,92,28888.271832
-266.0,267,28897.050037
-139.0,140,28897.050104
-127.0,128,28897.540313
-24.0,25,28900.068927
-150.0,151,28901.121372
-334.0,235,28904.506141
-456.0,457,28909.571475
-101.0,102,28913.16676
-106.0,107,28917.179556
-155.0,56,28919.771193
-299.0,200,28921.145973
-600.0,600,28926.391315
-234.0,235,28927.989253
-22.0,23,29017.571716
-145.0,146,29021.276177
-130.0,131,29022.05447
-143.0,144,29024.988769
-295.0,296,29031.139356
-154.0,155,29042.86281
-188.0,189,29043.109903
-235.0,236,29044.790359
-600.0,600,29045.969611
-50.0,51,29050.927504
-600.0,600,29054.427751
-74.0,75,29054.955295
-384.0,385,29058.402443
-366.0,367,29065.334006
-308.0,209,29068.205106
-83.0,84,29078.033254
-317.0,318,29080.831597
-246.0,247,29084.413532
-220.0,221,29084.646373
-83.0,84,29094.401859
-464.0,365,29097.646125
-600.0,600,29102.047292
-453.0,454,29104.743829
-215.0,216,29106.286647
-103.0,104,29110.043566
-233.0,234,29111.976374
-449.0,450,29118.43543
-117.0,118,29118.702924
-133.0,134,29122.194048
-151.0,152,29128.191947
-167.0,168,29138.444508
-242.0,243,29140.529565
-165.0,166,29141.585799
-219.0,220,29144.265898
-600.0,600,29148.83838
-193.0,94,29149.551425
-99.0,100,29153.362862
-600.0,600,29165.120781
-150.0,151,29166.577339
-194.0,195,29167.353644
-180.0,181,29170.734486
-36.0,37,29170.873817
-600.0,600,29172.666564
-174.0,175,29173.823154
-69.0,70,29175.376036
-66.0,67,29178.670335
-458.0,459,29181.629566
-42.0,43,29183.427118
-75.0,76,29190.137588
-174.0,175,29192.742526
-172.0,173,29195.218595
-103.0,104,29195.449999
-190.0,91,29201.043743
-95.0,96,29206.723346
-600.0,600,29210.484858
-171.0,172,29212.849771
-207.0,208,29219.3518
-255.0,256,29231.011121
-600.0,600,29235.057134
-31.0,32,29239.009172
-600.0,600,29240.83595
-188.0,189,29242.024516
-304.0,305,29242.705162
-600.0,600,29244.055155
-309.0,310,29247.123819
-171.0,72,29250.585773
-189.0,190,29253.702987
-378.0,379,29257.978786
-99.0,100,29259.240087
-141.0,142,29259.840644
-165.0,166,29260.758652
-167.0,168,29264.234949
-186.0,187,29281.303553
-156.0,157,29282.145191
-188.0,189,29282.514604
-297.0,298,29285.447731
-283.0,284,29286.786467
-53.0,54,29288.431623
-54.0,55,29288.897183
-150.0,151,29298.854135
-58.0,59,29305.859377
-150.0,151,29306.107386
-107.0,8,29306.839614
-600.0,600,29309.275929
-275.0,176,29309.49862
-261.0,262,29316.215464
-80.0,81,29318.880075
-55.0,56,29322.648939
-156.0,157,29325.186803
-576.0,577,29325.186867
-175.0,176,29326.709253
-600.0,600,29329.098347
-188.0,189,29331.735326
-79.0,80,29334.767012
-159.0,160,29341.420313
-152.0,153,29344.915254
-97.0,98,29346.36235
-605.0,506,29346.362421
-61.0,62,29348.882867
-54.0,55,29351.267469
-45.0,46,29351.641536
-215.0,216,29354.689845
-310.0,311,29355.503467
-63.0,64,29359.536216
-406.0,307,29368.893064
-129.0,130,29370.944965
-188.0,189,29378.909293
-190.0,191,29382.710292
-264.0,265,29384.244702
-427.0,328,29388.658946
-362.0,363,29390.310074
-165.0,166,29390.802517
-600.0,600,29397.249466
-126.0,127,29397.617031
-253.0,254,29408.797212
-171.0,172,29408.909872
-212.0,213,29409.127206
-175.0,176,29410.845055
-355.0,356,29410.959477
-144.0,145,29414.197896
-110.0,111,29426.749627
-179.0,180,29429.730474
-168.0,169,29430.419882
-271.0,172,29430.905375
-74.0,75,29435.698141
-241.0,242,29437.207955
-366.0,267,29439.757529
-76.0,77,29439.914475
-48.0,49,29442.935072
-117.0,118,29443.510935
-120.0,121,29444.58853
-57.0,58,29446.671857
-123.0,124,29454.153588
-102.0,103,29455.392421
-126.0,127,29459.261789
-600.0,600,29460.626269
-76.0,77,29464.687396
-600.0,600,29467.657501
-296.0,197,29469.855592
-298.0,299,29470.814951
-85.0,86,29470.930795
-293.0,294,29477.570808
-175.0,76,29479.988344
-110.0,111,29484.08407
-226.0,227,29486.430337
-88.0,89,29488.160834
-51.0,52,29490.12136
-221.0,222,29496.024004
-363.0,364,29497.08787
-190.0,191,29502.126437
-49.0,50,29502.796652
-333.0,334,29503.821427
-315.0,316,29504.568595
-179.0,80,29505.168759
-134.0,135,29505.640321
-201.0,202,29511.999735
-100.0,101,29514.586095
-129.0,130,29518.705556
-25.0,26,29521.883363
-365.0,366,29529.730636
-316.0,217,29529.947357
-26.0,27,29532.832213
-234.0,235,29533.461323
-140.0,41,29538.417079
-231.0,232,29539.719332
-268.0,169,29542.018315
-37.0,38,29543.01785
-166.0,167,29549.713859
-267.0,268,29564.546326
-199.0,200,29566.531705
-221.0,222,29568.253655
-600.0,600,29576.362994
-197.0,98,29576.486322
-600.0,600,29577.427509
-207.0,108,29579.417617
-253.0,254,29579.899137
-600.0,600,29585.566608
-151.0,152,29586.061352
-99.0,100,29587.984711
-155.0,156,29598.03543
-114.0,115,29599.506635
-142.0,143,29684.097791
-600.0,600,29689.545615
-263.0,264,29689.545674
-285.0,286,29690.01358
-330.0,331,29694.213039
-210.0,211,29701.879167
-148.0,149,29707.512152
-171.0,172,29709.716573
-91.0,92,29712.917648
-59.0,60,29714.509842
-104.0,105,29721.60205
-541.0,542,29727.850452
-64.0,65,29735.466762
-237.0,238,29740.301017
-413.0,414,29742.486086
-187.0,188,29743.681066
-528.0,529,29745.502104
-600.0,600,29748.566957
-636.0,537,29751.954015
-117.0,118,29756.156709
-214.0,215,29760.881839
-113.0,114,29765.440557
-207.0,208,29767.89673
-623.0,524,29775.186764
-291.0,292,29779.354816
-376.0,377,29784.076842
-285.0,286,29789.205866
-264.0,265,29805.858917
-418.0,419,29809.210295
-229.0,230,29810.804433
-600.0,600,29818.311824
-442.0,443,29830.887928
-600.0,600,29835.066698
-600.0,600,29837.691554
-417.0,418,29838.131245
-256.0,257,29839.313102
-104.0,105,29847.330291
-97.0,98,29849.047378
-129.0,30,29850.874477
-182.0,183,29852.42588
-112.0,113,29852.535801
-433.0,434,29856.621305
-169.0,170,29857.849659
-211.0,112,29869.505916
-203.0,204,29874.474565
-230.0,231,29875.83376
-600.0,600,29880.717705
-57.0,58,29881.182088
-140.0,141,29886.177667
-251.0,252,29887.3488
-300.0,301,29887.474291
-600.0,600,29888.415238
-81.0,82,29890.95038
-54.0,55,29892.655273
-53.0,54,29893.800252
-62.0,63,29895.76963
-101.0,102,29899.185212
-208.0,209,29900.348463
-68.0,69,29901.777557
-127.0,128,29907.476954
-146.0,147,29908.014185
-114.0,115,29913.76606
-193.0,194,29918.252951
-99.0,100,29919.044493
-154.0,155,29919.753068
-64.0,65,29921.278222
-600.0,600,29922.399534
-226.0,227,29925.76438
-70.0,71,29928.170845
-104.0,105,29930.610459
-222.0,223,29934.086851
-158.0,159,29937.660192
-101.0,102,29939.974152
-127.0,128,29940.603531
-85.0,86,29944.014357
-31.0,32,29944.237155
-56.0,57,29946.550052
-211.0,212,29947.045712
-600.0,600,29950.907795
-123.0,124,29952.278348
-46.0,47,29957.602042
-119.0,120,29958.107257
-137.0,138,29960.521284
-185.0,86,29968.336321
-74.0,75,29969.392689
-106.0,107,29970.311978
-211.0,212,29975.848796
-79.0,80,29978.814595
-223.0,124,29984.723564
-103.0,104,29987.957065
-28.0,29,29991.168779
-600.0,600,29991.387984
-456.0,457,30000.259096
-600.0,600,30000.38766
-102.0,103,30003.226082
-503.0,504,30005.272211
-323.0,324,30005.736369
-40.0,41,30007.9201
-340.0,241,30012.341899
-59.0,60,30012.572748
-116.0,117,30013.817156
-209.0,210,30015.342503
-67.0,68,30015.791931
-325.0,326,30016.262619
-192.0,193,30027.804022
-134.0,135,30032.172101
-216.0,217,30039.537967
-230.0,231,30040.016567
-21.0,22,30042.113121
-228.0,229,30042.499487
-391.0,392,30046.519918
-71.0,72,30048.651686
-302.0,303,30051.93832
-202.0,203,30052.203531
-59.0,60,30059.066239
-74.0,75,30068.214919
-332.0,333,30072.139252
-213.0,214,30074.254159
-23.0,24,30077.151021
-264.0,265,30078.340099
-330.0,331,30082.108989
-600.0,600,30083.920991
-63.0,64,30091.477347
-442.0,443,30094.831604
-154.0,155,30095.300617
-375.0,376,30096.676107
-72.0,73,30103.199235
-213.0,214,30103.199316
-211.0,212,30106.762355
-138.0,139,30107.461866
-306.0,307,30108.00438
-127.0,128,30110.138589
-56.0,57,30114.549982
-399.0,400,30114.768487
-103.0,4,30115.217811
-77.0,78,30115.652436
-125.0,26,30118.2713
-172.0,173,30123.346285
-23.0,24,30126.118232
-100.0,101,30126.343
-199.0,200,30130.514085
-157.0,158,30134.026582
-351.0,352,30137.339476
-141.0,142,30142.770087
-412.0,313,30146.177513
-236.0,237,30158.279463
-108.0,109,30159.251982
-406.0,307,30161.960267
-242.0,243,30162.551631
-210.0,211,30167.69294
-97.0,98,30170.777301
-298.0,299,30172.512476
-600.0,600,30173.269834
-588.0,489,30175.503035
-165.0,166,30177.936002
-56.0,57,30180.074692
-257.0,258,30192.318799
-260.0,261,30193.278665
-225.0,226,30197.447572
-200.0,201,30199.157542
-236.0,237,30207.895221
-146.0,147,30210.617392
-128.0,129,30212.580976
-307.0,308,30214.07036
-90.0,91,30221.304451
-414.0,415,30221.476076
-293.0,294,30227.140594
-38.0,39,30231.588555
-97.0,98,30232.829881
-134.0,135,30237.121126
-211.0,212,30237.382375
-600.0,600,30238.180093
-344.0,345,30239.571509
-112.0,113,30244.428529
-276.0,277,30246.28375
-66.0,67,30253.870928
-175.0,176,30257.30475
-190.0,191,30259.273237
-42.0,43,30262.259653
-267.0,268,30395.041205
-232.0,133,30395.496066
-600.0,600,30403.545609
-74.0,75,30404.155909
-369.0,370,30408.431405
-284.0,285,30418.352765
-141.0,142,30420.384585
-65.0,66,30425.80818
-193.0,194,30425.808254
-152.0,153,30425.808274
-600.0,600,30427.840323
-295.0,296,30428.953298
-80.0,81,30435.050281
-92.0,93,30436.532411
-67.0,68,30436.888392
-600.0,600,30439.522439
-170.0,171,30447.424957
-71.0,72,30447.792282
-217.0,218,30450.705801
-600.0,600,30457.187631
-191.0,192,30458.816572
-240.0,241,30464.132451
-108.0,109,30469.871068
-300.0,201,30474.138736
-262.0,263,30477.913509
-197.0,198,30487.347488
-600.0,600,30489.732481
-193.0,194,30492.67022
-293.0,294,30493.13794
-600.0,600,30504.549419
-153.0,154,30505.077607
-135.0,136,30509.157716
-194.0,195,30515.504704
-600.0,600,30517.667183
-230.0,131,30520.538925
-206.0,207,30533.220711
-497.0,498,30536.109359
-177.0,178,30536.219547
-200.0,201,30544.001566
-600.0,600,30544.145459
-360.0,361,30546.82633
-87.0,88,30554.239468
-112.0,113,30556.918129
-600.0,600,30559.394821
-219.0,220,30561.398558
-145.0,146,30563.34739
-110.0,111,30566.89132
-117.0,118,30570.663297
-103.0,104,30573.767761
-156.0,157,30581.901689
-411.0,412,30583.911832
-600.0,600,30587.300759
-193.0,194,30589.556503
-37.0,38,30591.595843
-160.0,161,30592.34734
-114.0,115,30594.970831
-317.0,318,30596.351264
-111.0,112,30596.736347
-571.0,572,30599.519334
-377.0,278,30602.98506
-115.0,116,30605.954536
-92.0,93,30606.071678
-137.0,138,30607.899155
-213.0,114,30609.964295
-107.0,108,30612.284265
-250.0,251,30626.153162
-314.0,315,30626.415762
-179.0,180,30627.089091
-243.0,244,30631.607417
-176.0,177,30632.838601
-246.0,247,30636.684332
-290.0,291,30640.020316
-129.0,130,30642.406426
-152.0,153,30644.38548
-39.0,40,30648.929113
-91.0,92,30652.983849
-149.0,150,30654.16265
-53.0,54,30655.19453
-252.0,253,30655.646769
-195.0,196,30655.646828
-195.0,196,30662.770985
-71.0,72,30663.570001
-490.0,491,30667.188287
-142.0,143,30672.405316
-383.0,384,30676.385025
-110.0,111,30680.067886
-89.0,90,30686.653306
-275.0,276,30694.463591
-303.0,304,30698.674553
-465.0,466,30708.510685
-205.0,106,30711.547725
-509.0,510,30712.615953
-152.0,153,30713.030933
-136.0,37,30715.972382
-80.0,81,30718.214788
-394.0,395,30718.709399
-296.0,297,30721.73395
-600.0,600,30725.70206
-141.0,142,30734.585932
-129.0,130,30736.634605
-217.0,218,30737.931347
-192.0,193,30740.8486
-69.0,70,30742.600386
-600.0,600,30750.093545
-236.0,237,30753.372905
-386.0,387,30758.099747
-470.0,371,30759.117345
-170.0,171,30762.806925
-211.0,212,30762.806998
-207.0,208,30765.309468
-104.0,105,30765.676884
-283.0,284,30770.003085
-45.0,46,30771.234369
-51.0,52,30771.583574
-92.0,93,30780.776069
-263.0,264,30781.066827
-200.0,201,30781.614943
-186.0,187,30793.219852
-191.0,192,30793.437126
-44.0,45,30798.55938
-155.0,156,30799.639992
-125.0,126,30814.632295
-580.0,481,30819.302308
-618.0,519,30820.149308
-509.0,510,30822.71383
-486.0,387,30826.347676
-355.0,256,30829.030185
-79.0,80,30829.472369
-267.0,168,30834.755928
-600.0,600,30851.549951
-274.0,275,30851.550036
-247.0,248,30858.762154
-305.0,306,30862.446301
-600.0,600,30864.183936
-124.0,125,30866.563049
-179.0,180,30880.332636
-140.0,141,30881.002147
-486.0,487,30886.798862
-219.0,220,30892.690997
-600.0,600,30893.818876
-129.0,130,30895.794416
-135.0,136,30897.174567
-47.0,48,30898.504342
-600.0,600,30905.806475
-463.0,464,30906.840365
-236.0,137,30910.032384
-198.0,99,30910.146738
-86.0,87,30917.020866
-75.0,76,30918.8765
-123.0,124,30920.237601
-289.0,290,30931.380032
-600.0,600,30933.667117
-134.0,135,30936.304439
-95.0,96,30947.597936
-162.0,163,30952.74741
-304.0,305,30954.826087
-600.0,600,30957.471446
-260.0,261,30962.014626
-600.0,600,30966.331477
-126.0,127,30969.744585
-159.0,160,30971.540203
-59.0,60,30973.403194
-97.0,98,30973.517134
-258.0,259,30977.916857
-184.0,185,31073.524225
-600.0,600,31074.876754
-45.0,46,31077.443882
-94.0,95,31078.771142
-600.0,600,31081.576804
-122.0,123,31081.792408
-251.0,152,31083.188065
-31.0,32,31085.344666
-122.0,123,31087.401081
-62.0,63,31088.661664
-95.0,96,31089.5644
-171.0,72,31091.423333
-200.0,201,31100.400936
-101.0,102,31101.281229
-431.0,332,31102.053652
-246.0,247,31102.946047
-173.0,174,31105.119951
-150.0,151,31105.747123
-153.0,54,31112.10725
-86.0,87,31113.031911
-194.0,195,31113.858141
-269.0,270,31118.373698
-186.0,187,31121.911614
-41.0,42,31123.271366
-308.0,209,31126.275578
-144.0,145,31130.669042
-63.0,64,31130.776751
-76.0,77,31130.889607
-73.0,74,31139.704409
-119.0,120,31140.355067
-81.0,82,31140.470621
-397.0,398,31147.61802
-311.0,312,31149.478902
-419.0,420,31154.224976
-170.0,171,31159.340777
-44.0,45,31164.609201
-214.0,215,31165.293366
-397.0,298,31165.293437
-275.0,176,31169.909802
-178.0,179,31175.165568
-124.0,125,31179.598192
-580.0,581,31180.193051
-124.0,125,31180.306346
-400.0,401,31194.814363
-273.0,274,31197.968744
-31.0,32,31201.665943
-537.0,538,31203.572058
-245.0,246,31208.360361
-58.0,59,31215.172778
-190.0,191,31216.706775
-355.0,356,31216.70684
-339.0,340,31219.754395
-399.0,400,31226.935527
-176.0,77,31228.707536
-134.0,135,31232.57608
-278.0,279,31234.090316
-213.0,214,31240.54309
-600.0,600,31240.543146
-115.0,116,31240.911589
-266.0,267,31248.344286
-129.0,130,31249.479095
-61.0,62,31255.587183
-234.0,235,31260.385457
-495.0,496,31261.5346
-182.0,183,31261.918286
-76.0,77,31264.671565
-250.0,251,31269.663777
-46.0,47,31269.918786
-196.0,197,31272.330368
-389.0,390,31274.423685
-299.0,300,31275.533277
-110.0,11,31275.648174
-134.0,135,31277.216097
-87.0,88,31282.296906
-113.0,114,31282.662322
-146.0,147,31286.719903
-104.0,105,31287.832984
-241.0,242,31288.166743
-236.0,237,31288.742645
-31.0,32,31291.927353
-143.0,144,31294.04983
-271.0,172,31295.594014
-64.0,65,31296.412321
-126.0,127,31302.642499
-225.0,226,31308.600684
-117.0,118,31309.170091
-118.0,19,31311.397927
-266.0,267,31313.78186
-35.0,36,31315.624746
-189.0,190,31316.108134
-222.0,123,31316.920212
-227.0,228,31318.380605
-51.0,52,31321.674504
-127.0,128,31323.633588
-203.0,204,31337.992272
-241.0,142,31338.70814
-206.0,207,31340.769936
-199.0,200,31340.769998
-218.0,219,31344.442815
-58.0,59,31345.65177
-112.0,113,31353.900501
-600.0,600,31357.23888
-137.0,138,31361.763966
-180.0,181,31361.894493
-364.0,365,31366.551075
-600.0,600,31366.668031
-162.0,163,31373.028592
-225.0,126,31376.783778
-102.0,103,31378.967672
-221.0,222,31383.228991
-511.0,412,31386.271756
-146.0,147,31390.310319
-206.0,207,31391.01921
-73.0,74,31391.940663
-30.0,31,31395.477106
-64.0,65,31397.845544
-475.0,476,31399.988604
-218.0,219,31404.314373
-88.0,89,31414.491466
-145.0,146,31414.491539
-169.0,170,31414.940004
-70.0,71,31422.473819
-306.0,307,31426.172569
-600.0,600,31431.340165
-48.0,49,31431.895739
-159.0,160,31432.936942
-387.0,288,31433.17798
-26.0,27,31434.541896
-234.0,135,31438.49541
-203.0,204,31438.723081
-47.0,48,31440.228847
-600.0,600,31446.196956
-164.0,165,31452.429172
-600.0,600,31455.662691
-172.0,173,31460.180424
-246.0,247,31460.619879
-253.0,254,31467.807608
-247.0,148,31472.733496
-243.0,244,31474.416022
-43.0,44,31477.927844
-152.0,153,31477.927945
-96.0,97,31479.071403
-352.0,353,31479.539973
-240.0,241,31480.406121
-26.0,27,31481.083383
-211.0,212,31485.132841
-119.0,120,31491.880478
-166.0,167,31493.862448
-115.0,116,31494.538244
-94.0,95,31496.455091
-20.0,21,31497.267723
-163.0,164,31498.524445
-169.0,170,31500.634738
-600.0,600,31503.195339
-122.0,123,31506.582178
-62.0,63,31507.875129
-370.0,271,31511.564206
-74.0,75,31511.94106
-255.0,256,31523.980013
-326.0,227,31524.950238
-82.0,83,31534.619684
-337.0,338,31536.034673
-341.0,342,31537.130571
-282.0,283,31540.575622
-257.0,258,31541.573613
-362.0,263,31541.796959
-196.0,97,31552.764889
-575.0,476,31561.44432
-193.0,194,31563.69392
-272.0,273,31567.033894
-387.0,288,31570.147762
-86.0,87,31571.553004
-187.0,188,31574.643358
-356.0,357,31575.537096
-165.0,166,31586.460391
-511.0,412,31588.03113
-600.0,600,31593.017792
-261.0,262,31594.060103
-127.0,28,31597.37048
-290.0,191,31597.592281
-326.0,327,31607.800993
-430.0,331,31612.848444
-174.0,175,31613.368327
-137.0,138,31613.588619
-44.0,45,31618.105972
-297.0,298,31622.482647
-98.0,99,31625.021975
-306.0,307,31632.988916
-540.0,541,31634.107298
-516.0,417,31634.763809
-128.0,129,31639.688233
-232.0,233,31644.85764
-97.0,98,31645.184655
-117.0,118,31648.013808
-233.0,234,31649.259184
-126.0,127,31736.375754
-512.0,413,31743.103148
-138.0,139,31746.209328
-178.0,179,31747.508195
-107.0,108,31748.618723
-613.0,514,31749.061857
-157.0,158,31749.562372
-64.0,65,31756.313081
-163.0,64,31756.657137
-159.0,160,31761.903566
-103.0,104,31761.903628
-306.0,307,31762.927858
-201.0,202,31769.909277
-308.0,209,31772.125134
-106.0,107,31774.402459
-269.0,170,31776.662024
-140.0,41,31779.224241
-600.0,600,31784.634558
-216.0,217,31788.159784
-107.0,108,31791.609326
-37.0,38,31795.979016
-317.0,218,31797.293364
-126.0,127,31802.842847
-281.0,282,31809.014728
-229.0,230,31810.965843
-165.0,166,31816.551245
-48.0,49,31816.795478
-204.0,205,31819.805871
-153.0,154,31820.764549
-445.0,446,31821.618519
-57.0,58,31823.546874
-71.0,72,31825.040009
-600.0,600,31826.22536
-575.0,576,31828.981447
-62.0,63,31833.479139
-147.0,148,31837.094316
-109.0,110,31837.840928
-212.0,213,31846.524793
-187.0,188,31850.94319
-197.0,198,31856.813235
-322.0,323,31858.779776
-168.0,69,31859.134047
-429.0,430,31859.728647
-341.0,242,31866.263113
-65.0,66,31866.713249
-24.0,25,31869.279761
-27.0,28,31870.03609
-297.0,298,31872.064882
-161.0,162,31875.680914
-127.0,128,31884.403157
-103.0,104,31884.512608
-227.0,228,31886.685264
-137.0,138,31892.405448
-600.0,600,31894.252092
-118.0,119,31898.591076
-151.0,152,31904.590266
-93.0,94,31905.450326
-72.0,73,31907.309072
-31.0,32,31911.025013
-236.0,237,31912.392404
-170.0,171,31912.392465
-600.0,600,31917.297703
-502.0,503,31917.973873
-537.0,438,31921.725094
-115.0,116,31926.171402
-176.0,177,31926.298025
-167.0,168,31930.783438
-280.0,281,31937.442154
-98.0,99,31937.661628
-140.0,141,31938.292179
-88.0,89,31941.279529
-133.0,134,31941.904487
-225.0,226,31944.744257
-62.0,63,31945.355103
-181.0,82,31951.519668
-248.0,149,31955.122306
-450.0,351,31958.779975
-182.0,183,31960.072114
-127.0,128,31960.424134
-134.0,135,31960.645026
-189.0,190,31963.558762
-145.0,146,31972.133137
-640.0,541,31975.643574
-176.0,177,31980.684757
-181.0,182,31981.08027
-197.0,198,31982.636797
-29.0,30,31984.591628
-43.0,44,31987.87895
-311.0,212,31987.994434
-53.0,54,31994.038388
-320.0,321,31995.623995
-39.0,40,31998.664486
-251.0,252,32000.993687
-225.0,226,32001.713027
-557.0,458,32004.391402
-210.0,211,32012.526929
-272.0,273,32016.447762
-66.0,67,32020.30926
-37.0,38,32020.855675
-176.0,177,32022.419508
-259.0,260,32025.776409
-201.0,202,32027.714754
-30.0,31,32029.205296
-293.0,294,32032.556966
-99.0,100,32033.659059
-191.0,192,32042.23327
-549.0,550,32043.812534
-215.0,216,32044.353624
-107.0,108,32044.487524
-37.0,38,32046.527349
-55.0,56,32053.064937
-62.0,63,32060.411834
-275.0,276,32060.62877
-255.0,256,32062.775051
-320.0,321,32064.251338
-652.0,553,32064.400381
-300.0,301,32078.913208
-312.0,313,32080.412541
-226.0,227,32086.547346
-215.0,216,32088.912591
-217.0,218,32089.272011
-108.0,109,32091.464898
-279.0,280,32092.336715
-109.0,110,32093.036352
-66.0,67,32096.674314
-95.0,96,32097.531674
-30.0,31,32101.169529
-507.0,508,32102.21864
-447.0,348,32102.684954
-99.0,100,32103.010087
-175.0,176,32112.729547
-97.0,98,32113.511247
-228.0,229,32115.798785
-55.0,56,32119.191879
-346.0,247,32121.749291
-162.0,163,32121.994017
-206.0,207,32125.311587
-99.0,100,32130.853322
-272.0,273,32134.367485
-439.0,440,32147.516896
-239.0,140,32150.384204
-250.0,251,32150.820152
-246.0,247,32153.56917
-258.0,259,32160.547137
-95.0,96,32161.901345
-100.0,101,32165.064859
-228.0,129,32165.064921
-57.0,58,32168.339625
-578.0,479,32168.554236
-46.0,47,32170.458714
-171.0,172,32180.137866
-646.0,547,32184.458118
-600.0,600,32184.679893
-136.0,137,32186.077032
-153.0,154,32186.212069
-188.0,189,32186.68348
-346.0,347,32187.192421
-52.0,53,32190.564378
-204.0,105,32196.598308
-265.0,266,32198.715237
-104.0,105,32199.102307
-110.0,111,32199.333098
-185.0,186,32201.358272
-183.0,184,32207.227942
-62.0,63,32208.580368
-159.0,160,32208.717599
-207.0,208,32209.877496
-138.0,139,32214.724705
-207.0,208,32231.157306
-202.0,203,32233.045403
-195.0,196,32237.146814
-248.0,249,32237.146884
-249.0,250,32237.39316
-156.0,57,32243.683286
-128.0,129,32247.615485
-131.0,132,32252.044758
-121.0,122,32257.621877
-598.0,599,32264.957776
-593.0,594,32267.036747
-600.0,600,32267.468189
-90.0,91,32267.917874
-61.0,62,32274.820393
-324.0,325,32284.413383
-278.0,179,32287.518125
-134.0,35,32291.395835
-600.0,600,32298.922786
-257.0,258,32304.09178
-600.0,600,32304.941829
-143.0,144,32307.915484
-214.0,215,32308.798964
-510.0,511,32309.759107
-27.0,28,32311.085097
-78.0,79,32404.696745
-427.0,428,32404.915723
-93.0,94,32414.840642
-182.0,183,32416.823059
-242.0,243,32417.611879
-196.0,197,32422.999402
-69.0,70,32425.176553
-600.0,600,32425.643714
-198.0,199,32426.584491
-44.0,45,32430.785514
-325.0,326,32436.394902
-191.0,192,32438.132179
-116.0,117,32438.347242
-36.0,37,32440.592749
-25.0,26,32441.070137
-347.0,348,32441.178837
-129.0,130,32441.178891
-193.0,194,32444.78394
-167.0,168,32449.563468
-103.0,104,32452.977449
-133.0,134,32453.547297
-359.0,360,32455.033474
-121.0,22,32455.937159
-167.0,168,32460.308744
-197.0,98,32460.861732
-233.0,234,32467.149448
-202.0,203,32467.884531
-153.0,154,32470.531172
-188.0,189,32482.178407
-232.0,233,32482.401854
-415.0,416,32488.119887
-293.0,294,32488.333632
-249.0,250,32488.454501
-205.0,206,32490.372122
-196.0,97,32493.04846
-244.0,245,32495.570017
-51.0,52,32496.376625
-240.0,241,32497.731081
-181.0,182,32503.070927
-70.0,71,32503.637532
-85.0,86,32506.116202
-116.0,117,32506.431945
-180.0,181,32508.966123
-211.0,212,32512.052826
-142.0,143,32513.719496
-238.0,239,32515.258606
-83.0,84,32518.303293
-153.0,154,32520.691497
-65.0,66,32521.028446
-92.0,93,32522.356045
-73.0,74,32528.998717
-292.0,293,32535.868639
-300.0,301,32539.931032
-225.0,226,32540.91247
-115.0,116,32542.401412
-241.0,142,32552.425465
-109.0,110,32555.274931
-139.0,140,32557.228204
-148.0,149,32557.335093
-48.0,49,32558.118212
-364.0,365,32564.399399
-511.0,512,32564.727184
-94.0,95,32568.026286
-489.0,490,32577.19057
-524.0,525,32578.326312
-104.0,5,32578.930412
-215.0,216,32582.719506
-161.0,162,32582.860925
-244.0,245,32583.184471
-260.0,261,32586.996388
-48.0,49,32588.620877
-148.0,149,32599.550181
-434.0,335,32602.658109
-317.0,318,32604.025871
-225.0,226,32604.504047
-201.0,202,32609.7242
-238.0,239,32615.753046
-99.0,100,32615.863733
-104.0,105,32615.975895
-38.0,39,32620.269607
-185.0,186,32620.589456
-125.0,126,32624.089706
-377.0,378,32625.526649
-186.0,187,32637.081708
-600.0,600,32645.096404
-216.0,217,32645.096481
-196.0,197,32646.280252
-242.0,243,32652.910758
-114.0,115,32659.246711
-179.0,180,32665.490043
-43.0,44,32670.393762
-600.0,600,32670.50578
-162.0,163,32671.430039
-144.0,45,32675.546298
-591.0,492,32675.762404
-292.0,293,32678.096744
-600.0,600,32683.415788
-271.0,272,32690.090806
-210.0,211,32695.380342
-103.0,104,32695.380407
-203.0,204,32699.003405
-658.0,559,32700.426545
-212.0,213,32702.408365
-108.0,109,32702.522118
-38.0,39,32704.762705
-80.0,81,32711.758516
-103.0,104,32714.250746
-399.0,400,32715.780777
-152.0,153,32722.11436
-316.0,217,32723.572325
-85.0,86,32725.4259
-337.0,338,32733.50302
-208.0,209,32737.647117
-239.0,240,32738.661878
-139.0,140,32739.240305
-71.0,72,32741.696292
-26.0,27,32741.823043
-178.0,179,32742.313081
-600.0,600,32743.649784
-213.0,214,32749.77626
-88.0,89,32752.078946
-120.0,121,32753.22728
-142.0,143,32754.054791
-160.0,161,32760.110201
-105.0,106,32761.901084
-78.0,79,32762.229358
-600.0,600,32763.434648
-216.0,217,32768.331036
-281.0,282,32774.356153
-96.0,97,32774.356219
-243.0,244,32779.702693
-167.0,168,32780.787752
-38.0,39,32785.094015
-124.0,125,32793.692474
-176.0,177,32794.299277
-332.0,333,32797.664207
-399.0,400,32799.263621
-248.0,249,32802.493471
-185.0,186,32806.160695
-95.0,96,32808.623605
-137.0,138,32809.395312
-581.0,482,32822.988911
-109.0,10,32824.125746
-591.0,592,32829.378503
-237.0,238,32829.726094
-195.0,196,32831.170888
-379.0,380,32837.503736
-348.0,349,32838.967319
-299.0,300,32843.591066
-329.0,330,32843.806028
-145.0,146,32846.193019
-209.0,210,32847.896394
-163.0,164,32847.89647
-174.0,175,32850.875834
-105.0,106,32851.126421
-52.0,53,32852.244045
-117.0,118,32857.125096
-46.0,47,32862.524566
-180.0,181,32864.097504
-158.0,159,32865.876716
-161.0,162,32869.293173
-87.0,88,32872.267684
-196.0,197,32872.967469
-230.0,231,32878.264586
-79.0,80,32878.381032
-85.0,86,32882.210071
-359.0,360,32888.919697
-118.0,119,32892.175172
-90.0,91,32899.18055
-236.0,237,32900.172243
-600.0,600,32905.681122
-94.0,95,32909.845203
-407.0,408,32910.434095
-615.0,516,32924.424305
-132.0,133,32925.445537
-383.0,384,32925.762836
-444.0,445,32929.019392
-209.0,210,32929.50829
-145.0,46,32931.032126
-41.0,42,32933.737773
-228.0,229,32935.907157
-27.0,28,32937.013111
-75.0,76,32938.126787
-418.0,419,32939.545904
-134.0,135,32940.894699
-501.0,402,32945.741506
-286.0,187,32945.741568
-142.0,143,32947.294498
-99.0,100,32949.434262
-242.0,143,32952.034242
-126.0,127,32953.851777
-153.0,154,32954.433991
-98.0,99,32956.892755
-137.0,138,32967.313085
-135.0,136,32968.851776
-121.0,122,33049.078943
-255.0,156,33050.480494
-332.0,333,33056.601386
-77.0,78,33058.932629
-130.0,131,33063.523078
-337.0,338,33065.64827
-288.0,189,33066.983752
-137.0,138,33071.971027
-485.0,486,33078.425869
-204.0,205,33081.780297
-145.0,146,33081.911508
-105.0,106,33083.830044
-600.0,600,33092.995384
-263.0,264,33093.228024
-232.0,233,33093.228086
-413.0,414,33093.930936
-184.0,185,33099.371987
-158.0,159,33099.895843
-91.0,92,33103.545456
-121.0,122,33106.613036
-59.0,60,33110.175225
-306.0,307,33116.540927
-203.0,204,33116.89877
-175.0,176,33119.837509
-358.0,259,33122.548083
-149.0,150,33123.72749
-129.0,30,33127.226959
-93.0,94,33127.364995
-81.0,82,33129.291244
-102.0,103,33134.32214
-333.0,334,33137.384186
-284.0,285,33142.803735
-108.0,109,33146.527854
-553.0,554,33146.644915
-275.0,276,33148.157983
-174.0,175,33148.994329
-197.0,198,33149.630882
-38.0,39,33150.951663
-45.0,46,33151.850376
-124.0,25,33153.747036
-118.0,19,33155.890272
-260.0,261,33156.833057
-78.0,79,33160.84069
-135.0,136,33164.502509
-105.0,106,33167.913092
-36.0,37,33168.551037
-247.0,248,33170.613057
-185.0,86,33177.487126
-256.0,257,33178.434426
-213.0,214,33180.700044
-403.0,404,33182.637628
-218.0,219,33185.166426
-220.0,221,33193.0976
-424.0,425,33195.723013
-181.0,182,33198.713112
-253.0,254,33198.928939
-233.0,234,33203.309731
-105.0,106,33207.443937
-112.0,113,33210.999394
-243.0,244,33212.194239
-297.0,298,33213.803042
-138.0,139,33222.900716
-225.0,226,33223.957253
-294.0,295,33225.93652
-210.0,211,33226.992388
-148.0,149,33230.722893
-158.0,59,33233.611258
-106.0,7,33234.39951
-55.0,56,33236.78674
-255.0,256,33241.021022
-81.0,82,33243.565476
-199.0,200,33245.433019
-600.0,600,33249.474719
-140.0,41,33249.931557
-352.0,353,33250.607942
-36.0,37,33254.25662
-145.0,146,33260.191351
-104.0,105,33261.636374
-363.0,364,33265.110205
-215.0,216,33265.432998
-63.0,64,33267.326865
-371.0,372,33267.944096
-192.0,193,33276.101411
-100.0,101,33278.662571
-174.0,175,33285.214458
-283.0,284,33297.23365
-150.0,151,33302.251497
-236.0,237,33302.933927
-310.0,311,33303.050171
-600.0,600,33304.635757
-122.0,123,33311.248982
-600.0,600,33318.674618
-262.0,163,33321.376629
-189.0,190,33324.287377
-600.0,600,33329.336533
-468.0,469,33331.705342
-258.0,259,33333.910913
-138.0,139,33337.20305
-188.0,89,33339.416363
-334.0,335,33340.104852
-58.0,59,33346.213542
-122.0,123,33351.223006
-239.0,240,33351.716975
-169.0,170,33353.315054
-88.0,89,33356.259541
-239.0,240,33359.05112
-173.0,174,33359.936982
-164.0,65,33360.622195
-383.0,384,33362.162018
-163.0,164,33369.991386
-101.0,102,33373.487853
-73.0,74,33378.466582
-600.0,600,33378.921285
-183.0,184,33380.634356
-213.0,214,33384.688802
-32.0,33,33388.555992
-307.0,308,33393.999322
-167.0,168,33399.849165
-122.0,123,33402.567364
-278.0,279,33410.283075
-355.0,356,33413.5904
-39.0,40,33414.637892
-600.0,600,33418.613132
-157.0,158,33419.949956
-51.0,52,33420.602852
-188.0,189,33420.715524
-678.0,579,33421.338472
-60.0,61,33426.758921
-295.0,296,33426.895478
-147.0,148,33430.414834
-110.0,111,33431.344229
-90.0,91,33431.81714
-40.0,41,33436.4655
-66.0,67,33438.063756
-190.0,191,33442.469831
-206.0,207,33444.155433
-600.0,600,33446.27838
-292.0,293,33460.000269
-158.0,159,33461.891536
-272.0,273,33462.000614
-229.0,230,33462.207464
-337.0,338,33465.008828
-289.0,290,33470.59831
-255.0,256,33471.127594
-115.0,116,33478.245183
-187.0,188,33481.295567
-174.0,175,33482.037511
-106.0,107,33482.969364
-103.0,104,33483.179759
-87.0,88,33492.738901
-159.0,160,33499.307688
-365.0,366,33503.535774
-227.0,228,33507.72829
-403.0,404,33508.085057
-96.0,97,33510.354451
-170.0,171,33512.178449
-21.0,22,33512.838732
-600.0,600,33513.981121
-68.0,69,33520.166079
-115.0,116,33521.015079
-52.0,53,33526.144749
-105.0,106,33532.961385
-480.0,481,33537.52649
-315.0,316,33539.256531
-310.0,311,33543.437485
-273.0,274,33544.054649
-260.0,161,33544.382463
-600.0,600,33546.36158
-331.0,332,33551.680194
-141.0,142,33553.642407
-207.0,208,33556.549282
-116.0,117,33557.30195
-139.0,140,33560.268468
-79.0,80,33560.857535
-168.0,169,33562.650781
-267.0,268,33569.869084
-141.0,142,33569.981231
-255.0,256,33575.417646
-99.0,100,33581.196224
-170.0,171,33582.000946
-152.0,53,33587.807681
-173.0,174,33589.240227
-260.0,261,33589.590097
-315.0,316,33592.934484
-114.0,115,33602.328656
-290.0,291,33608.173102
-533.0,434,33609.67319
-266.0,267,33611.054324
-213.0,214,33696.294105
-52.0,53,33696.627303
-73.0,74,33700.459665
-302.0,303,33704.39835
-43.0,44,33705.390671
-695.0,596,33706.152373
-22.0,23,33706.911401
-37.0,38,33709.656695
-316.0,317,33711.008809
-243.0,244,33712.108948
-203.0,204,33716.546985
-96.0,97,33723.180806
-251.0,152,33723.39824
-197.0,198,33733.374436
-215.0,216,33734.159343
-361.0,362,33737.428235
-377.0,378,33738.87413
-163.0,164,33741.971798
-89.0,90,33744.30291
-48.0,49,33749.766284
-304.0,305,33751.011594
-156.0,157,33754.960154
-236.0,237,33760.104031
-198.0,199,33761.263782
-66.0,67,33762.605781
-285.0,186,33762.862211
-118.0,119,33764.399058
-538.0,539,33768.050242
-63.0,64,33768.772743
-156.0,57,33774.476159
-136.0,137,33780.155387
-193.0,194,33782.285075
-185.0,86,33784.106498
-337.0,238,33789.605854
-600.0,600,33790.920279
-93.0,94,33792.704102
-82.0,83,33798.933632
-331.0,332,33800.450308
-456.0,457,33801.414136
-169.0,170,33803.217995
-117.0,118,33806.061445
-150.0,151,33807.996168
-417.0,418,33815.961035
-71.0,72,33816.280483
-145.0,146,33819.819456
-384.0,385,33823.735939
-85.0,86,33826.213055
-225.0,226,33827.403742
-294.0,295,33834.494541
-116.0,117,33837.523281
-169.0,170,33845.872093
-283.0,284,33848.644731
-377.0,378,33849.576154
-24.0,25,33851.585523
-86.0,87,33855.940678
-177.0,178,33857.830627
-77.0,78,33858.634403
-217.0,218,33859.423286
-357.0,358,33861.174212
-302.0,303,33862.155098
-600.0,600,33867.834104
-93.0,94,33868.507262
-89.0,90,33868.827449
-31.0,32,33871.274064
-114.0,115,33875.030216
-147.0,148,33875.907318
-219.0,220,33876.361129
-149.0,150,33877.943273
-174.0,175,33888.184415
-112.0,113,33888.553892
-191.0,192,33896.479538
-80.0,81,33897.526455
-276.0,277,33902.16677
-58.0,59,33902.9957
-316.0,317,33903.676496
-244.0,245,33905.209095
-82.0,83,33906.775532
-187.0,188,33909.144407
-306.0,307,33910.723757
-174.0,75,33913.865945
-143.0,144,33920.203752
-591.0,592,33922.432002
-185.0,186,33930.569804
-194.0,195,33933.064362
-229.0,230,33933.172626
-126.0,127,33934.553227
-416.0,317,33938.203565
-61.0,62,33940.121839
-175.0,176,33942.371617
-179.0,80,33943.600455
-151.0,152,33949.981328
-208.0,209,33953.99969
-125.0,126,33956.636369
-60.0,61,33957.055652
-173.0,174,33959.65959
-30.0,31,33959.981181
-71.0,72,33964.850894
-600.0,600,33970.703343
-104.0,105,33971.655397
-181.0,182,33974.214487
-293.0,294,33976.291392
-600.0,600,33981.332764
-202.0,203,33982.23264
-170.0,171,33990.083857
-139.0,140,33990.203015
-85.0,86,33992.168114
-589.0,590,34004.432005
-317.0,318,34007.541368
-246.0,247,34009.438045
-187.0,188,34011.393795
-310.0,311,34011.741691
-45.0,46,34012.914052
-189.0,190,34013.702599
-206.0,207,34013.702657
-104.0,105,34016.441306
-589.0,590,34031.662173
-242.0,243,34036.987881
-240.0,241,34038.671585
-221.0,222,34038.799774
-266.0,267,34043.057921
-116.0,117,34044.881515
-317.0,318,34049.639116
-366.0,367,34053.389628
-129.0,130,34053.603968
-112.0,113,34057.846693
-155.0,156,34060.941448
-342.0,243,34064.67844
-246.0,247,34066.819033
-69.0,70,34068.846287
-114.0,15,34070.506775
-219.0,220,34078.417876
-219.0,220,34078.655119
-255.0,256,34078.874405
-209.0,210,34081.593673
-600.0,600,34084.509712
-177.0,178,34086.986974
-170.0,171,34089.807102
-74.0,75,34095.416705
-155.0,156,34096.179975
-279.0,280,34096.29799
-118.0,119,34098.087748
-72.0,73,34098.200447
-46.0,47,34101.714379
-185.0,186,34102.658909
-219.0,220,34103.189606
-45.0,46,34103.189664
-72.0,73,34103.648929
-73.0,74,34104.596876
-233.0,234,34105.321794
-110.0,11,34105.853996
-57.0,58,34110.355815
-202.0,203,34121.185279
-160.0,161,34121.548276
-180.0,181,34122.265731
-188.0,189,34124.804881
-64.0,65,34128.912465
-67.0,68,34132.253539
-257.0,258,34139.448662
-336.0,337,34143.44422
-354.0,355,34146.004335
-213.0,214,34146.345323
-247.0,248,34149.261276
-170.0,71,34154.622933
-484.0,485,34157.938909
-285.0,286,34161.493594
-138.0,39,34162.226056
-230.0,131,34164.257781
-101.0,102,34172.989843
-272.0,273,34177.171121
-150.0,151,34179.375458
-142.0,143,34180.533629
-45.0,46,34185.655241
-372.0,373,34185.867463
-95.0,96,34190.194376
-208.0,209,34196.612277
-115.0,116,34198.782378
-600.0,600,34200.479729
-144.0,145,34206.532384
-600.0,600,34207.505577
-103.0,104,34208.347929
-237.0,238,34212.958717
-131.0,132,34213.923694
-392.0,393,34221.592102
-600.0,600,34222.427219
-199.0,200,34229.286415
-93.0,94,34232.368994
-322.0,323,34245.427301
-334.0,335,34245.95773
-179.0,180,34253.130414
-452.0,353,34357.723691
-157.0,158,34358.608061
-458.0,459,34360.058362
-678.0,579,34361.287006
-355.0,356,34364.58412
-261.0,262,34369.471663
-54.0,55,34370.598512
-120.0,121,34371.937627
-600.0,600,34376.390488
-149.0,150,34376.508072
-302.0,303,34381.754343
-89.0,90,34382.091856
-66.0,67,34389.205607
-284.0,285,34392.819603
-215.0,216,34393.68263
-159.0,160,34394.37568
-50.0,51,34394.924539
-67.0,68,34400.566178
-282.0,283,34402.332955
-214.0,215,34406.297249
-304.0,305,34410.938524
-167.0,168,34413.287205
-173.0,174,34414.558512
-202.0,203,34416.570596
-73.0,74,34419.154417
-560.0,561,34420.533258
-86.0,87,34424.366534
-56.0,57,34426.931755
-253.0,254,34429.309003
-231.0,232,34432.437813
-131.0,132,34434.148967
-297.0,298,34436.150162
-227.0,228,34439.195491
-207.0,208,34440.156309
-142.0,143,34440.626691
-162.0,163,34445.313195
-161.0,162,34450.490422
-89.0,90,34450.490482
-115.0,116,34452.930162
-203.0,204,34457.029426
-66.0,67,34460.53514
-90.0,91,34460.791065
-143.0,144,34461.468887
-267.0,268,34469.391835
-165.0,166,34476.033488
-135.0,136,34476.500124
-470.0,371,34478.123343
-266.0,167,34480.70713
-63.0,64,34485.186019
-222.0,223,34486.031183
-153.0,154,34486.840534
-158.0,159,34494.204929
-119.0,120,34494.424368
-600.0,600,34497.292883
-414.0,415,34497.859286
-109.0,110,34498.620347
-107.0,108,34499.167384
-53.0,54,34504.051104
-256.0,257,34505.692215
-108.0,109,34510.997456
-232.0,233,34511.791072
-174.0,175,34517.002675
-114.0,115,34518.571531
-219.0,220,34519.178878
-80.0,81,34520.829799
-141.0,142,34526.761022
-296.0,297,34527.500745
-79.0,80,34529.728895
-52.0,53,34533.408172
-317.0,318,34534.806174
-301.0,302,34537.66
-187.0,188,34537.920044
-58.0,59,34544.628054
-176.0,177,34546.666841
-169.0,170,34548.766133
-22.0,23,34551.148318
-311.0,312,34554.024192
-166.0,167,34556.480476
-218.0,219,34557.860723
-117.0,118,34567.404185
-101.0,102,34569.522174
-336.0,237,34571.372747
-152.0,153,34573.966379
-188.0,89,34577.690053
-252.0,253,34580.291772
-410.0,411,34581.594138
-319.0,320,34583.106374
-600.0,600,34586.592432
-71.0,72,34588.641879
-123.0,24,34589.277738
-137.0,138,34589.922191
-204.0,205,34593.260082
-56.0,57,34595.795915
-188.0,189,34599.522843
-301.0,202,34604.64865
-151.0,152,34605.841524
-315.0,316,34607.67317
-271.0,272,34613.97185
-226.0,227,34615.507546
-235.0,236,34622.194762
-206.0,207,34622.615788
-82.0,83,34623.353757
-80.0,81,34624.744043
-182.0,183,34625.202222
-242.0,243,34633.140807
-423.0,424,34641.007997
-168.0,169,34641.666283
-327.0,328,34644.506778
-207.0,108,34645.28841
-275.0,276,34653.477703
-79.0,80,34653.612039
-106.0,7,34654.441611
-140.0,141,34656.999372
-113.0,114,34658.259376
-342.0,343,34662.216776
-346.0,347,34663.991344
-116.0,17,34665.85815
-390.0,391,34669.308729
-99.0,100,34669.582353
-69.0,70,34670.026442
-131.0,132,34672.068328
-81.0,82,34675.20391
-210.0,211,34677.550114
-101.0,102,34681.820599
-74.0,75,34683.806693
-136.0,137,34685.018559
-304.0,305,34688.915288
-200.0,201,34700.221698
-250.0,151,34702.086209
-147.0,148,34705.837528
-600.0,600,34709.777323
-384.0,385,34713.41451
-413.0,414,34719.021214
-152.0,153,34719.484196
-341.0,342,34720.56198
-110.0,111,34722.564121
-237.0,238,34727.619636
-231.0,132,34728.582934
-79.0,80,34728.821036
-225.0,226,34731.815897
-146.0,147,34735.995778
-120.0,121,34736.491045
-82.0,83,34738.237085
-160.0,161,34738.978101
-627.0,528,34743.920616
-170.0,171,34747.930613
-98.0,99,34749.288257
-49.0,50,34753.485332
-213.0,214,34755.982818
-299.0,300,34761.737125
-255.0,256,34765.691345
-235.0,236,34770.944137
-110.0,11,34772.197312
-141.0,142,34772.437858
-298.0,299,34773.239414
-100.0,101,34773.370209
-326.0,327,34773.37027
-95.0,96,34776.586286
-92.0,93,34783.697864
-167.0,168,34791.966766
-216.0,217,34796.737395
-454.0,455,34801.257075
-80.0,81,34801.370518
-426.0,427,34802.23058
-181.0,182,34804.414201
-87.0,88,34814.232008
-121.0,122,34814.864885
-142.0,143,34818.26447
-399.0,400,34818.381806
-48.0,49,34819.710478
-313.0,214,34820.975131
-557.0,458,34828.153711
-115.0,116,34831.48624
-106.0,107,34831.832485
-183.0,184,34835.725389
-600.0,600,34839.939636
-180.0,181,34841.602796
-43.0,44,34844.960138
-264.0,265,34848.347433
-43.0,44,34849.889775
-196.0,197,34853.793378
-608.0,509,34858.716058
-336.0,337,34869.746047
-176.0,177,34873.627991
-341.0,342,34874.200753
-42.0,43,34878.474458
-334.0,335,34879.163057
-92.0,93,34884.62045
-517.0,518,34886.569603
-83.0,84,34887.904771
-165.0,166,34888.468987
-128.0,129,34893.611601
-425.0,426,34896.068146
-92.0,93,34898.274895
-358.0,359,34898.975813
-26.0,27,34901.246001
-80.0,81,34902.577766
-69.0,70,34903.870128
-119.0,20,34906.132431
-215.0,216,34908.736923
-205.0,206,34909.545992
-46.0,47,34913.957982
-44.0,45,34914.517617
-110.0,111,34914.953057
-600.0,600,34916.951573
-168.0,169,34917.774788
-45.0,46,34920.113725
-210.0,211,35026.181808
-114.0,115,35026.393215
-124.0,25,35028.913823
-159.0,160,35028.913882
-429.0,430,35032.926025
-178.0,179,35034.156895
-177.0,178,35036.437572
-81.0,82,35037.943296
-362.0,363,35038.15245
-338.0,339,35048.270272
-202.0,203,35048.944448
-96.0,97,35049.051724
-168.0,169,35051.694631
-146.0,147,35052.917735
-276.0,277,35059.879006
-116.0,117,35062.236344
-153.0,154,35070.321748
-199.0,200,35071.679109
-224.0,225,35073.820646
-117.0,118,35075.576852
-105.0,106,35082.433363
-135.0,136,35087.046422
-243.0,144,35090.024525
-163.0,164,35093.927505
-379.0,380,35094.598216
-600.0,600,35101.598485
-679.0,580,35103.169023
-211.0,212,35110.808753
-106.0,107,35113.692005
-232.0,233,35116.110595
-211.0,212,35117.808891
-40.0,41,35118.373777
-43.0,44,35120.938242
-267.0,268,35124.665478
-211.0,212,35126.984985
-600.0,600,35127.358264
-84.0,85,35130.40031
-234.0,235,35137.453542
-110.0,11,35138.657187
-109.0,110,35140.050504
-629.0,530,35142.035704
-214.0,215,35142.140869
-138.0,39,35144.32947
-266.0,267,35148.398002
-354.0,255,35153.447164
-68.0,69,35156.115594
-367.0,268,35157.239148
-277.0,178,35158.422159
-159.0,160,35159.858703
-147.0,148,35160.739232
-33.0,34,35162.238184
-76.0,77,35168.533127
-352.0,353,35170.234411
-260.0,261,35171.178473
-88.0,89,35172.375247
-47.0,48,35174.157915
-179.0,180,35176.549819
-151.0,52,35177.244004
-64.0,65,35177.768239
-58.0,59,35180.733357
-209.0,210,35180.997788
-44.0,45,35182.768521
-296.0,297,35186.973867
-242.0,243,35188.265087
-220.0,121,35190.623336
-125.0,126,35195.025911
-114.0,115,35195.65399
-208.0,209,35199.97059
-82.0,83,35200.082034
-184.0,185,35201.616227
-29.0,30,35204.999407
-160.0,161,35206.564415
-197.0,198,35209.412316
-380.0,381,35215.684224
-138.0,139,35216.04788
-205.0,206,35219.333746
-227.0,228,35226.178097
-335.0,336,35233.451255
-230.0,231,35235.716239
-195.0,196,35238.273589
-167.0,168,35238.382529
-41.0,42,35242.97979
-327.0,328,35243.754749
-89.0,90,35245.831419
-106.0,107,35250.16745
-399.0,400,35250.386575
-132.0,133,35257.90134
-25.0,26,35260.811424
-216.0,217,35268.144738
-68.0,69,35268.563236
-164.0,165,35268.953312
-218.0,219,35270.433951
-114.0,15,35270.653958
-110.0,11,35271.579358
-200.0,201,35272.734889
-543.0,544,35276.906214
-103.0,104,35279.909548
-110.0,11,35281.224061
-87.0,88,35281.703145
-199.0,100,35284.277619
-41.0,42,35286.041248
-161.0,162,35287.091849
-38.0,39,35291.609543
-600.0,600,35294.126336
-102.0,103,35296.04092
-77.0,78,35300.408113
-691.0,592,35300.408171
-216.0,117,35307.374644
-271.0,272,35308.126901
-83.0,84,35310.110331
-152.0,53,35314.192945
-63.0,64,35314.741078
-292.0,293,35315.215816
-146.0,147,35317.202423
-432.0,433,35319.954179
-59.0,60,35321.906406
-323.0,324,35322.922095
-246.0,247,35324.047551
-102.0,103,35326.324166
-70.0,71,35329.983752
-202.0,203,35333.074818
-135.0,136,35335.35125
-108.0,109,35336.415177
-171.0,172,35336.639984
-70.0,71,35337.949733
-178.0,179,35343.022755
-259.0,260,35343.370495
-162.0,163,35344.609472
-56.0,57,35350.987687
-26.0,27,35353.914005
-171.0,172,35355.781136
-197.0,198,35357.495557
-49.0,50,35359.65371
-219.0,220,35362.613359
-177.0,178,35363.447988
-348.0,349,35372.161978
-356.0,357,35376.353235
-174.0,175,35382.040578
-450.0,351,35382.275158
-109.0,10,35383.177315
-178.0,179,35383.293283
-320.0,221,35384.37689
-242.0,243,35384.715294
-125.0,126,35386.166418
-107.0,108,35388.452994
-101.0,102,35393.934909
-183.0,84,35393.934964
-111.0,112,35395.897889
-127.0,128,35402.555957
-148.0,149,35402.691453
-199.0,200,35406.906231
-166.0,167,35412.211718
-148.0,149,35418.984342
-600.0,600,35422.606544
-146.0,147,35423.137752
-187.0,188,35423.451878
-125.0,126,35426.021843
-42.0,43,35427.336455
-76.0,77,35427.551639
-88.0,89,35433.022378
-472.0,473,35435.804737
-107.0,108,35439.597813
-43.0,44,35440.678332
-132.0,133,35442.274207
-539.0,440,35442.662948
-117.0,18,35444.743874
-164.0,165,35444.743935
-546.0,447,35445.589793
-71.0,72,35452.564882
-118.0,119,35452.913254
-204.0,205,35455.827391
-146.0,147,35457.008477
-252.0,153,35461.748663
-104.0,5,35462.382069
-183.0,84,35471.762568
-174.0,175,35472.681179
-317.0,218,35480.657526
-43.0,44,35485.672537
-251.0,252,35485.672601
-122.0,123,35486.678751
-600.0,600,35490.858877
-571.0,472,35495.418332
-230.0,231,35497.969571
-145.0,146,35502.071746
-200.0,201,35508.483183
-215.0,216,35511.364666
-600.0,600,35513.446267
-666.0,567,35516.847146
-174.0,175,35517.806887
-198.0,199,35518.020721
-252.0,253,35519.578708
-96.0,97,35522.19641
-99.0,100,35524.712222
-76.0,77,35525.681863
-101.0,2,35525.903643
-218.0,219,35527.125585
-236.0,237,35535.316058
-124.0,125,35538.851052
-160.0,161,35540.380039
-151.0,152,35543.010401
-230.0,231,35545.976201
-130.0,131,35553.578471
-340.0,341,35556.440776
-218.0,119,35556.440832
-143.0,144,35556.6519
-263.0,264,35556.880337
-484.0,385,35561.611149
-161.0,62,35563.348914
-257.0,258,35564.359679
-265.0,166,35564.472889
-168.0,169,35575.362817
-195.0,196,35575.609867
-128.0,129,35577.878852
-201.0,202,35579.603778
-37.0,38,35579.742275
-197.0,198,35674.263095
-35.0,36,35678.380742
-148.0,149,35684.272151
-218.0,219,35688.309642
-98.0,99,35689.915334
-221.0,222,35690.88311
-424.0,325,35704.042376
-221.0,222,35709.460287
-600.0,600,35712.204487
-194.0,195,35712.984002
-91.0,92,35714.758766
-600.0,600,35717.50887
-574.0,575,35717.653203
-54.0,55,35718.798071
-124.0,125,35724.022978
-86.0,87,35724.891444
-63.0,64,35725.038538
-83.0,84,35727.275285
-153.0,54,35730.369102
-379.0,380,35731.934627
-182.0,183,35734.426782
-122.0,123,35739.404118
-202.0,203,35742.584947
-480.0,481,35745.490678
-53.0,54,35748.696473
-128.0,129,35749.381299
-174.0,175,35752.111909
-125.0,126,35763.952796
-164.0,165,35764.397631
-164.0,165,35767.4424
-385.0,386,35769.352704
-72.0,73,35771.775233
-374.0,375,35773.249166
-80.0,81,35776.336353
-70.0,71,35779.943463
-100.0,1,35780.048217
-117.0,18,35782.126136
-51.0,52,35782.457362
-96.0,97,35784.352891
-153.0,154,35786.720865
-58.0,59,35791.250538
-260.0,261,35794.00279
-600.0,600,35796.156157
-244.0,145,35798.850535
-428.0,429,35801.0424
-64.0,65,35801.295437
-282.0,183,35803.48352
-177.0,178,35807.35379
-600.0,600,35808.054698
-91.0,92,35809.514508
-53.0,54,35809.925922
-112.0,113,35814.362021
-44.0,45,35814.81892
-69.0,70,35815.550776
-73.0,74,35816.732199
-44.0,45,35822.132728
-69.0,70,35823.135678
-91.0,92,35825.291568
-136.0,137,35826.122522
-299.0,300,35826.375541
-299.0,300,35831.141196
-108.0,9,35832.287456
-107.0,108,35837.847242
-110.0,111,35838.965917
-119.0,20,35841.336232
-86.0,87,35842.375759
-64.0,65,35845.344407
-270.0,271,35847.383312
-270.0,271,35854.896034
-310.0,311,35858.731236
-149.0,150,35865.273706
-99.0,100,35870.419862
-216.0,217,35870.982244
-600.0,600,35871.707577
-273.0,274,35874.448787
-189.0,90,35875.534161
-75.0,76,35879.082718
-102.0,103,35882.527336
-177.0,178,35892.374268
-172.0,173,35895.751235
-600.0,600,35896.404034
-307.0,208,35898.692835
-80.0,81,35901.80027
-114.0,115,35909.439306
-77.0,78,35910.647048
-600.0,600,35911.158869
-152.0,153,35913.384375
-127.0,128,35913.501915
-300.0,301,35914.062123
-57.0,58,35920.709854
-600.0,600,35924.627559
-57.0,58,35927.466884
-204.0,205,35934.466374
-477.0,478,35938.115504
-240.0,241,35941.018734
-276.0,277,35942.933838
-184.0,185,35945.548766
-79.0,80,35946.98094
-130.0,131,35949.215899
-468.0,369,35951.959242
-192.0,93,35953.755138
-59.0,60,35960.539536
-35.0,36,35964.832431
-222.0,223,35966.676605
-173.0,174,35967.242504
-205.0,206,35969.639634
-265.0,166,35971.303749
-83.0,84,35979.444518
-130.0,131,35980.216763
-466.0,467,35981.351642
-600.0,600,35982.734782
-147.0,148,35984.524963
-107.0,8,35985.45557
-205.0,206,35990.502111
-107.0,108,35992.514233
-144.0,145,35998.032133
-447.0,448,36001.063013
-281.0,282,36003.631657
-54.0,55,36004.083545
-155.0,156,36010.297864
-105.0,6,36011.005949
-184.0,185,36011.761503
-230.0,231,36011.883363
-72.0,73,36012.579915
-275.0,276,36014.29901
-44.0,45,36017.946592
-63.0,64,36018.649882
-142.0,143,36020.304534
-75.0,76,36020.653351
-71.0,72,36028.546861
-252.0,253,36030.240743
-109.0,110,36030.49288
-301.0,202,36037.810492
-166.0,67,36038.15969
-73.0,74,36039.271044
-343.0,244,36040.395794
-600.0,600,36048.763038
-263.0,264,36051.406378
-115.0,16,36053.15018
-130.0,131,36054.446193
-77.0,78,36057.769673
-388.0,289,36062.335985
-428.0,429,36068.303362
-281.0,282,36072.856571
-177.0,178,36074.923543
-327.0,328,36076.095856
-175.0,176,36078.025794
-151.0,152,36079.75705
-30.0,31,36079.757119
-69.0,70,36088.069433
-232.0,233,36095.189763
-73.0,74,36096.345655
-152.0,153,36097.33925
-222.0,223,36100.748494
-243.0,244,36101.144781
-44.0,45,36101.589152
-217.0,218,36103.138579
-573.0,574,36104.184077
-140.0,41,36106.131346
-121.0,22,36106.601699
-93.0,94,36111.377702
-119.0,120,36120.263042
-600.0,600,36122.626321
-246.0,247,36129.754158
-257.0,258,36136.582978
-228.0,229,36137.95319
-352.0,353,36138.093935
-79.0,80,36138.835386
-182.0,183,36143.426309
-103.0,104,36150.027565
-228.0,129,36151.287515
-203.0,204,36162.186835
-219.0,220,36163.314708
-600.0,600,36164.426154
-230.0,231,36170.318439
-600.0,600,36172.472729
-314.0,215,36176.06202
-499.0,500,36177.775193
-161.0,162,36181.097271
-276.0,277,36182.018418
-289.0,190,36185.139704
-187.0,188,36185.919258
-247.0,148,36187.087649
-180.0,181,36198.582881
-205.0,206,36199.926926
-169.0,170,36200.636491
-189.0,190,36209.533403
-245.0,246,36215.009332
-269.0,270,36217.043086
-143.0,144,36217.910012
-151.0,152,36218.16014
-393.0,394,36218.508186
-182.0,183,36220.622824
-201.0,102,36221.858413
-126.0,127,36232.842767
-292.0,193,36237.675509
-168.0,169,36238.277457
-190.0,191,36239.358746
-158.0,159,36240.185952
