#{"t_start": 1769116100.765649, "env_id": "None"}
r,l,t
-9.408164,116,19.124322
-10.200559,388,56.432847
-0.30911735,600,90.839721
-0.624811,600,90.839797
-0.39833325,600,90.839813
0.5965624,600,90.839825
0.58910424,600,90.839837
-0.5142381,600,90.839848
0.28101775,600,90.839859
1.5202847,600,90.839871
-0.132883,600,90.839882
0.047050018,600,90.839894
-9.982427,15,93.453647
-9.577672,114,110.425729
-0.36323202,600,110.768816
2.1257625,600,157.165589
-9.692079,425,163.51468
-0.51786214,600,193.117808
0.7501995,600,193.117888
-0.23377456,600,193.117902
-0.087476715,600,193.117913
-0.5574131,600,193.117923
0.13294955,600,193.117932
0.17025332,600,193.117941
0.35595214,600,195.627672
-10.26156,46,200.865639
-9.432504,79,206.484137
0.17956525,600,212.421585
-0.3708684,600,212.769508
-10.068996,239,236.129493
-0.76193964,600,258.732814
-0.094902284,600,265.097018
-10.175206,585,292.899406
-0.15342121,600,295.492654
1.8029006,600,295.492723
0.5255322,600,295.49274
-0.9020972,600,295.492753
-0.19460352,600,303.249947
0.5398251,600,308.852201
-0.90953726,600,314.89788
-0.6827946,600,315.247996
-9.7015915,53,324.262668
0.7217557,600,338.647813
-0.17690809,600,361.329316
-0.516973,600,367.596651
0.13531666,600,394.931091
-1.2308615,600,397.564646
-0.58867186,600,397.564735
0.08749127,600,397.564758
0.20100453,600,397.564778
-0.2683683,600,405.218116
0.046071474,600,410.709131
-0.1568952,600,416.628165
-10.039778,591,424.410159
-10.122122,184,436.043134
-10.5591,410,436.889133
0.12225026,600,440.099463
0.39216602,600,462.585491
0.14446461,600,495.78648
1.8242233,600,498.345078
0.34631974,600,498.345152
-0.71868426,600,498.34518
0.3476417,600,498.345196
0.49898303,600,511.56873
-0.297924,600,517.32187
0.008101392,600,525.076054
-0.09983073,600,536.791733
0.012909589,600,537.648478
-0.7084547,600,540.912456
-9.796522,357,555.578456
-0.07721605,600,563.328607
-0.3257468,600,599.284702
0.18537237,600,599.284765
0.33351234,600,599.284777
-0.58048266,600,599.284787
-10.017147,29,604.229997
0.47327814,600,612.4984
0.11011341,600,618.323247
-1.4938451,600,626.14534
-0.66304535,600,638.054037
-0.86676455,600,638.904846
-0.0030877832,600,642.094857
-0.39907643,600,656.884965
0.022951536,600,664.561657
-0.69558614,600,700.236427
-0.054580305,600,700.236521
-0.17635767,600,700.236543
-0.5571429,600,705.09281
-9.397172,557,712.06327
0.19510458,600,713.348123
-10.344491,81,713.708772
0.5097562,600,727.188065
-10.073659,156,738.351198
-1.0344201,600,738.857852
1.2421755,600,739.766694
-0.5185369,600,743.07143
-0.78915787,600,757.830526
-0.25423464,600,765.540175
0.21898326,600,801.366031
-0.5066728,600,801.366105
-0.10079475,600,806.185582
1.4364818,600,814.62205
0.2461349,600,814.966888
-1.4384946,600,828.403099
0.70048016,600,1028.113588
0.5195132,600,1028.524112
-0.5508642,600,1029.18556
-0.16510841,600,1032.221319
0.4299039,600,1046.460898
0.22499287,600,1054.10733
-0.58308035,600,1089.505398
0.101032875,600,1089.505469
0.8610334,600,1094.366959
-0.36597046,600,1102.752362
0.27142027,600,1103.067302
-9.828236,116,1109.040132
-0.2892931,600,1116.528571
0.20167819,600,1127.918772
0.09886635,600,1128.41496
-0.093513004,600,1129.236754
1.3962449,600,1132.427794
-9.961937,51,1141.226511
0.31299376,600,1147.519151
0.12997665,600,1155.275218
-10.557732,345,1167.597087
0.021094244,600,1191.127499
0.06511099,600,1196.016018
0.22075622,600,1204.347821
0.10403783,600,1204.681022
0.5978906,600,1218.111146
0.06353081,600,1229.461457
0.7120995,600,1229.99228
-0.12263817,600,1230.851209
-1.255248,600,1242.485828
-0.3908903,600,1248.838322
-1.4975346,600,1256.66394
0.6990449,600,1269.123659
-1.4339,600,1292.482319
-0.36485723,600,1297.431725
0.78192353,600,1305.674379
0.07355433,600,1306.029838
-0.75023407,600,1319.273089
-0.18556473,600,1330.766207
0.4924229,600,1331.241375
0.5095942,600,1332.09445
0.03730804,600,1343.647773
-0.2545256,600,1349.88015
0.28007686,600,1357.532023
1.4652339,600,1369.833081
1.2988262,600,1393.145199
-0.12140693,600,1398.092907
-10.665356,591,1404.983379
-0.5991215,600,1406.776765
-1.7699525,600,1420.013844
-2.4592829,600,1431.301717
1.819571,600,1431.827307
0.937092,600,1432.71463
-0.68348986,600,1444.627769
0.6826526,600,1450.886545
0.0019150907,600,1458.587274
-9.797501,222,1468.931056
-0.7716546,600,1471.030556
-0.28417045,600,1494.524029
-0.17816485,600,1499.463872
0.046449438,600,1506.479078
0.23225302,600,1508.366749
-1.8254269,600,1521.668292
0.23831755,600,1533.351323
-0.12794337,600,1534.26607
0.515401,600,1545.871296
0.10422882,600,1552.016472
-0.443059,600,1559.83014
-0.18878984,600,1569.938994
-2.1907144,600,1572.039884
-0.17051111,600,1595.217757
-0.65034753,600,1600.23457
-0.09987312,600,1606.998505
-0.7541585,600,1608.821009
-0.25547996,600,1622.010992
0.33787006,600,1633.714093
-0.35461667,600,1634.585602
-0.65369695,600,1646.217314
0.066061005,600,1652.4254
0.013356043,600,1659.992959
0.02997515,600,1670.104218
-0.32279205,600,1672.13824
0.09982835,600,1695.338477
0.46151626,600,1700.198711
-1.1234545,600,1707.005562
-0.23826367,600,1708.834651
-0.18499406,600,1721.933341
0.55537647,600,1733.836049
0.6158359,600,1734.71131
1.0423199,600,1746.556597
0.39249238,600,1752.817802
-1.4906869,600,1760.554728
-2.6393158,600,1770.915347
-1.3625939,600,1772.965891
-1.274863,600,1796.335737
0.41812932,600,1801.290483
0.97769904,600,1808.162774
1.3195189,600,1809.959166
-0.8353968,600,1823.349901
-0.5027244,600,1835.135174
1.1281526,600,1835.95201
-0.6335512,600,1847.796903
-0.047168594,600,1854.041332
-1.7761304,600,1861.774565
-1.0903059,600,2064.98703
0.06545022,600,2066.766139
-10.012682,3,2067.265029
-9.978118,42,2073.953642
0.02169011,600,2089.624257
-0.17541687,600,2094.484472
-0.772247,600,2101.269208
-0.60614216,600,2103.066093
0.14961323,600,2116.286783
0.72898823,600,2128.172583
-0.4330859,600,2129.030653
0.34436223,600,2140.740089
-1.4268584,600,2147.04988
-1.9877632,600,2154.909343
1.4599875,600,2165.113075
-3.3830364,600,2174.608214
-4.264844,600,2190.464164
1.5912484,600,2195.414578
1.4122847,600,2202.332694
-2.505309,600,2204.198053
2.4871204,600,2217.395787
-2.7319736,600,2229.235898
-2.8891747,600,2230.112981
2.4334562,600,2241.848615
-2.7099745,600,2248.054935
-3.81839,600,2255.824743
-0.2198897,600,2266.013967
2.1424034,600,2275.734707
-2.2110982,600,2291.504237
-2.7511528,600,2296.469878
1.2604533,600,2303.445276
0.13910009,600,2305.281955
0.76621896,600,2318.734746
0.41026372,600,2330.383915
1.1062732,600,2331.232423
-1.6599413,600,2343.031247
-0.41348252,600,2349.149844
-1.3096521,600,2356.739163
-2.1467185,600,2366.858851
-2.3541708,600,2376.363511
-2.492147,600,2392.124239
-1.0860801,600,2396.881261
-2.4675813,600,2403.652553
-1.0881182,600,2405.520134
-0.61218166,600,2418.585835
-2.0773265,600,2430.277727
1.5958774,600,2431.127746
-0.93002045,600,2442.859558
-0.9574634,600,2449.114763
-0.21096525,600,2457.059107
-1.08451,600,2467.350965
-0.15220821,600,2477.110376
10.816971,368,2492.465438
0.1572596,600,2492.794504
-0.29302186,600,2497.661706
-0.41988024,600,2504.492762
0.33367035,600,2506.293049
-1.6041532,600,2519.540306
1.2822425,600,2532.027517
-0.8611777,600,2543.819355
0.073585056,600,2550.153475
0.16850485,600,2557.933804
11.363584,413,2561.773596
-0.28119776,600,2568.288363
-0.13265237,600,2577.936131
0.707699,600,2593.589867
-0.81834704,600,2598.53633
-1.3579593,600,2605.507628
-0.9720774,600,2607.299004
-0.11954361,600,2620.764014
0.048932243,600,2633.35028
0.24263929,600,2645.132836
-0.46540624,600,2651.476901
-2.4357874,600,2659.298563
-4.8278956,600,2663.156658
-1.104169,600,2669.571631
-1.5945082,600,2679.302542
1.264044,600,2695.388436
1.8572559,600,2700.3847
2.009346,600,2707.334963
1.8068054,600,2709.155033
-5.1411705,600,2722.542217
-0.25055012,600,2735.133047
-9.96093,4,2735.813446
-1.6336981,600,2747.070123
2.3658946,600,2753.430103
-3.6668859,600,2761.175583
-3.2221043,600,2765.188742
-3.4382567,600,2771.672925
1.222676,600,2781.347092
0.17007408,600,2797.212969
0.7853726,600,2802.242604
-3.1400554,600,2809.009897
-1.9496828,600,2810.834366
-3.0670753,600,2824.17964
0.8374202,600,2837.342306
-0.27204734,600,2848.579466
-2.5450532,600,2854.852031
-1.5487977,600,2862.706017
1.3631734,600,2866.605566
0.54912215,600,2872.985331
0.97059155,600,2882.482313
-0.6436038,600,2898.0546
-1.0383453,600,3095.796544
-0.9659646,600,3102.619932
-0.6387584,600,3104.381286
-0.13363926,600,3116.462713
0.0981976,600,3128.531611
-0.020917544,600,3139.065165
0.29090375,600,3145.128201
-0.13345687,600,3152.82664
0.3296436,600,3156.571889
0.5490542,600,3163.030774
-10.249957,13,3165.258572
-0.5854195,600,3172.667499
-0.7563124,600,3188.410201
0.2602428,600,3193.238904
-0.20794071,600,3200.097188
-0.6399258,600,3201.901372
1.1457098,600,3215.153881
-0.37468448,600,3228.52599
-0.20437601,600,3239.549602
0.620092,600,3245.844893
-0.45145217,600,3253.650517
-0.13486387,600,3257.410362
1.2806338,600,3266.043665
-1.3380352,600,3273.332307
-1.795683,600,3289.100374
-0.14593743,600,3293.930225
-3.8635726,600,3300.978384
-0.10080028,600,3302.848686
0.30467862,600,3316.066201
-0.6021142,600,3329.383605
-2.025148,600,3340.533792
-0.8975446,600,3346.852473
-2.4100573,600,3354.740057
1.1689056,600,3358.622327
-0.053166788,600,3367.197144
-1.9733777,600,3374.518484
-0.29545227,600,3390.31134
-1.3177167,600,3395.028769
-1.824128,600,3402.041251
-1.9564995,600,3403.954304
1.936994,600,3417.322564
0.5598389,600,3430.819166
-0.21165994,600,3442.025195
-0.020338625,600,3448.234105
0.7497515,600,3455.879424
-1.7087724,600,3459.84773
-0.5368883,600,3468.517072
0.13316178,600,3475.988916
0.8820202,600,3491.804407
-1.0307734,600,3496.562509
-1.0437542,600,3503.539324
-1.0156004,600,3505.409764
-0.7047181,600,3518.892734
0.85471857,600,3532.18771
-2.266361,600,3543.261326
-0.48031777,600,3549.636538
-0.6374213,600,3557.39046
-1.4088826,600,3561.378845
1.6887662,600,3570.078396
0.87237185,600,3577.436661
-2.310349,600,3593.142334
0.5456946,600,3598.046078
-1.008181,600,3604.860339
-1.9956948,600,3606.71612
-0.29503614,600,3619.717988
-2.5879033,600,3632.626531
-0.24466182,600,3643.411698
-1.2378397,600,3649.371582
-0.80133164,600,3656.567205
-0.64465785,600,3660.289014
1.1888413,600,3668.25199
-2.357844,600,3675.215679
-0.46515587,600,3690.019245
0.22924776,600,3694.605605
-1.8494126,600,3701.158326
-1.229533,600,3702.905854
1.1772926,600,3715.425821
-1.2568588,600,3727.637365
-10.022275,11,3729.4287
0.1898077,600,3738.069273
-0.82939214,600,3743.763524
11.244107,306,3750.980215
0.09335819,600,3751.137651
1.2268082,600,3754.622241
-2.0127132,600,3762.599471
-0.70837766,600,3769.633225
0.66316384,600,3784.358571
0.047107466,600,3789.045822
-0.019290475,600,3795.656538
0.50741607,600,3809.926315
0.50749815,600,3824.836187
0.44366968,600,3834.027079
-2.4982398,600,3840.201271
0.31352818,600,3847.752776
-2.7895498,600,3847.919917
-0.7702747,600,3851.775532
3.124674,600,3860.226527
-1.6879013,600,3867.739562
-0.36768243,600,3883.653304
-3.875941,600,3888.656218
1.6200997,600,3895.473579
15.354379,304,3899.02319
2.3288715,600,3910.534704
-2.693362,600,4119.525573
-3.2345304,600,4128.191295
-1.7775923,600,4133.845134
0.45539448,600,4141.101086
-6.6832843,600,4144.980155
-2.1919644,600,4153.437775
0.30101722,600,4161.026348
-2.0640194,600,4176.891314
-0.5980603,600,4181.684792
-0.90150464,600,4188.47157
0.27413005,600,4191.959689
-1.2417165,600,4203.523119
-0.66114193,600,4218.373032
1.0505546,600,4227.829788
-2.3203905,600,4234.047864
-5.0683765,600,4241.951269
3.9245524,600,4245.782929
4.208044,600,4254.480414
-5.316481,600,4261.988633
-1.4377978,600,4277.746094
1.4475399,600,4282.674162
-0.3352524,600,4289.398625
-3.4808419,600,4293.063777
-4.444208,600,4304.356917
-4.166898,600,4319.645765
0.91507107,600,4328.756814
2.448996,600,4334.970084
3.6034803,600,4342.734521
-4.518881,600,4346.546937
-1.0330902,600,4355.004227
-2.610922,600,4362.410714
-1.368961,600,4378.168998
-1.0591748,600,4383.017393
1.5535631,600,4390.079165
-2.9998965,600,4393.572062
-1.1096214,600,4405.134549
-1.953165,600,4420.136185
-1.7977753,600,4429.347264
-0.7151135,600,4435.459374
-1.219992,600,4442.962889
-1.1438175,600,4446.842979
0.2907424,600,4455.434529
-0.9567252,600,4462.854818
-0.3860812,600,4478.679343
0.5170092,600,4483.56439
-0.9492029,600,4490.312809
-0.65644896,600,4493.717472
-0.18265595,600,4505.046649
-0.40201005,600,4519.864472
-1.0301617,600,4528.948511
-1.1799481,600,4535.178819
0.63535476,600,4542.937034
-0.883111,600,4546.809557
0.046399225,600,4555.4663
1.0405768,600,4562.944407
1.3891822,600,4578.956532
0.1969799,600,4583.754421
0.9444666,600,4590.558501
-0.592158,600,4594.082597
-0.16389503,600,4605.802303
0.49268085,600,4621.033651
-0.08598162,600,4630.271233
0.7912212,600,4636.439867
0.18398409,600,4644.137491
0.9222837,600,4647.993444
0.2733816,600,4656.623572
0.10522857,600,4663.897464
0.9838115,600,4679.782869
0.5159454,600,4684.66786
0.11761579,600,4691.543654
0.0077479817,600,4695.013024
0.30272743,600,4706.829428
-0.24677427,600,4721.933786
-0.4922313,600,4731.381681
-0.8072298,600,4737.639681
0.09282541,600,4745.378443
0.7976219,600,4749.331482
-0.09811645,600,4758.054434
-0.30638298,600,4765.581955
-10.804115,442,4766.671459
-9.974633,229,4770.355391
-11.774565,549,4772.940451
-10.51543,67,4776.9907
-10.070639,41,4779.90311
-0.113656215,600,4786.570966
-8.381811,486,4789.525303
-1.2232937,600,4797.071967
-10.044601,174,4799.911285
0.11958751,600,4823.628783
2.159763,600,4839.138235
-3.1347373,600,4846.808612
-0.98215127,600,4850.764474
-9.984243,39,4853.456192
1.0260112,600,4859.389884
0.5577315,600,4867.620513
1.3993214,600,4877.910084
-2.20446,600,4880.826748
-1.169192,600,4887.368053
0.8852101,600,4890.205527
-0.024475886,600,4897.81099
0.451769,600,4900.587963
1.8912446,600,4924.288999
-2.4968927,600,4939.627209
-0.31812662,600,5142.21021
0.6864971,600,5144.075596
-0.9557083,600,5148.290913
1.4508829,600,5154.725403
-2.7731147,600,5164.338341
-0.109594546,600,5167.084283
-2.144061,600,5173.325631
2.9203475,600,5176.118402
0.7546262,600,5182.998532
0.45965534,600,5185.589619
-2.1392984,600,5207.232713
3.2806985,600,5221.293591
0.3335619,600,5232.320051
0.21723272,600,5234.713189
-0.35151032,600,5240.234437
-0.05485462,600,5248.132248
0.74355805,600,5257.670412
1.3471333,600,5260.416674
0.11646271,600,5266.483387
-1.3598875,600,5269.289026
-1.2177637,600,5276.602607
-1.8994492,600,5279.339602
-8.634109,533,5291.660964
-10.96547,208,5294.10859
-3.3172488,600,5317.817078
-0.17082511,600,5329.257233
-2.5631914,600,5331.885051
-0.462109,600,5337.677274
-1.0196949,600,5345.871202
-0.41004282,600,5356.029891
2.0893707,600,5365.357605
0.9399567,600,5368.076928
-1.4717458,600,5375.590576
-0.64957225,600,5378.446878
0.06433855,600,5390.946748
-0.30802876,600,5393.49932
0.0069549805,600,5417.445763
-0.32820222,600,5428.906147
-1.0293256,600,5431.645405
0.6063156,600,5437.425496
-1.4882684,600,5445.635244
-1.4114618,600,5455.658101
-1.388858,600,5465.035676
-1.6464562,600,5467.756291
0.24453206,600,5475.079991
1.3638902,600,5477.805355
0.24856116,600,5490.117549
0.31012753,600,5492.49882
-1.1350644,600,5515.677222
-1.8689592,600,5526.507331
-0.9493201,600,5528.943656
0.766527,600,5534.534118
-0.31943604,600,5542.514256
-1.1674873,600,5552.080093
-0.1548968,600,5560.869559
-1.4725485,600,5563.566803
0.41604018,600,5570.68492
-0.7653914,600,5573.464396
1.9329439,600,5585.557102
-0.10454956,600,5587.984859
0.3188481,600,5610.561893
11.018996,509,5615.312906
3.2548556,600,5621.714384
-6.04692,600,5624.294226
-1.3046724,600,5637.976274
0.27979258,600,5647.771154
-9.460245,411,5651.22245
0.51911783,600,5656.802283
-3.1596317,600,5659.505925
-1.3995568,600,5666.825826
2.9269397,600,5669.512824
-9.879411,206,5680.9159
1.6652011,600,5683.971784
-0.14903523,600,5706.97584
11.816517,532,5709.581585
-1.1760325,600,5711.489015
2.0320215,600,5717.753815
-0.99368876,600,5733.481333
-0.63737696,600,5746.226178
-0.50203174,600,5751.798182
-1.4168371,600,5754.42439
-4.26619,600,5761.463282
1.1254975,600,5764.260492
1.8068131,600,5775.387573
-0.46000758,600,5778.379848
-0.036313046,600,5800.494809
-2.2501702,600,5803.092369
1.6907449,600,5804.883976
-1.6912534,600,5811.253556
-0.36540753,600,5827.177087
-2.528895,600,5839.945711
-1.5553397,600,5845.374891
-0.13780461,600,5847.929095
0.20617497,600,5854.976835
-0.0074695316,600,5857.793633
1.0999347,600,5868.852821
-2.3611279,600,5871.829498
-0.81025165,600,5894.697458
-1.8974903,600,5897.399347
-0.64649045,600,5899.355127
2.598504,600,5905.899689
1.4025146,600,5922.104862
-7.833456,150,5923.402554
0.33982038,600,5935.180379
1.5255561,600,6124.0679
-2.9856453,600,6126.169377
14.113812,480,6130.168325
1.9519521,600,6131.686332
-1.8040009,600,6133.762766
-3.3650177,600,6143.473022
-11.585182,135,6162.343891
2.265414,600,6166.146007
-0.70128965,600,6168.368863
0.17517829,600,6176.686754
-8.77672,440,6180.560775
2.5771542,600,6193.792979
0.5036222,600,6195.289747
1.3115125,600,6213.456606
1.4263391,600,6216.36935
-2.861919,600,6221.750725
0.12591402,600,6223.929687
3.3564248,600,6226.892825
-0.67828745,600,6261.704628
-3.271722,600,6266.44007
0.6870392,600,6269.378238
-1.0982703,600,6278.320775
4.075067,600,6282.228305
-2.0300202,600,6295.521748
-2.2458966,600,6297.093714
-5.000119,600,6315.278198
-8.8684,318,6315.792272
-1.9820033,600,6318.20519
-1.5559212,600,6323.621086
0.9822959,600,6325.80187
-0.07583924,600,6328.62942
2.7386289,600,6368.209804
2.5806997,600,6371.090189
-2.0924177,600,6379.844527
-6.0060306,517,6382.825679
-0.19737083,600,6383.678652
-9.983668,100,6385.071087
-2.2729347,600,6397.385112
11.40697,551,6406.970284
1.6205693,600,6414.860533
-4.190174,600,6416.819791
-5.3909883,600,6421.795304
0.31666598,600,6423.555791
-2.5484216,600,6426.24033
0.43823096,600,6464.263273
-2.1150732,600,6472.276076
-2.6616356,600,6475.08362
-11.182378,588,6475.216599
0.955751,600,6475.814833
0.4489954,600,6489.284197
1.466511,600,6498.316211
0.81524515,600,6506.304873
0.5916028,600,6508.543126
0.6325679,600,6513.4802
-1.1518781,600,6515.459909
0.7196965,600,6518.15202
1.3752416,600,6556.922547
-10.367386,600,6565.091561
-4.3692174,600,6567.958599
-0.8072411,600,6568.130885
-0.0019623411,600,6568.765743
13.855219,402,6580.476276
-2.1490643,600,6582.295825
1.7867781,600,6591.525447
-2.2649703,600,6599.376145
-1.7287529,600,6601.649343
-1.5218306,600,6606.278316
-10.854969,600,6608.437831
-10.830889,218,6615.884905
-5.3448477,600,6649.70334
-0.1531152,600,6658.110823
-1.8862659,600,6660.966165
-1.989146,600,6661.142598
-4.516527,600,6661.802099
-10.891205,325,6666.428895
-2.740518,600,6673.674107
-9.521892,47,6680.982877
2.0364614,600,6684.501173
-2.0576878,600,6692.659675
2.265658,600,6694.984486
0.8359896,600,6700.010159
-1.4899111,600,6701.846056
-9.084697,384,6720.773549
-10.211836,422,6726.51093
-1.3878253,600,6743.235095
0.4280566,600,6751.135863
-1.3726467,600,6754.736573
3.3173747,600,6759.545395
-4.305999,600,6773.541654
-2.3522844,600,6777.362869
14.484601,526,6780.910767
-1.3469254,600,6785.116451
0.82782584,600,6787.15599
-1.8993193,600,6793.865188
-1.5767313,600,6812.590437
2.1765761,600,6818.229685
-6.776848,230,6819.936725
-11.076228,438,6821.481777
-0.3007243,600,6834.989484
-0.7516722,600,6842.981181
1.2573131,600,6851.122624
0.064595066,600,6866.051093
-3.043954,600,6869.523245
-3.1259747,600,6873.273089
0.4932386,600,6879.786004
-0.18004295,600,6887.002407
-2.2972155,600,7096.393883
13.243681,420,7098.447602
-0.206576,600,7100.793801
-4.284235,600,7102.099209
0.94657487,600,7103.235356
-3.5527496,600,7113.987468
-1.9395782,600,7127.818583
12.401483,459,7141.510764
1.7516215,600,7142.653949
-0.029437909,600,7146.481545
-2.2936664,600,7150.064374
-4.0648923,600,7156.470009
-11.245534,452,7162.14334
-9.885418,45,7163.394886
0.6382003,600,7182.154181
0.8964545,600,7187.841704
-10.053139,46,7189.209348
2.7660086,600,7189.529163
-3.497772,600,7191.008921
-1.8076683,600,7204.174251
13.965729,300,7207.903876
2.0956244,600,7220.221213
1.8635068,600,7233.185596
1.368707,600,7234.269627
-2.33933,600,7237.739387
2.9774926,600,7241.426264
0.79737794,600,7254.696436
-7.277929,463,7258.211501
-12.30859,454,7258.211564
-10.985564,145,7259.845499
3.1886904,600,7280.82852
-2.3710794,600,7282.364874
2.6493292,600,7295.572468
-4.008351,600,7299.227533
10.973063,309,7305.274148
0.5249647,600,7311.450293
-4.1843667,600,7325.867908
3.3439138,600,7327.083694
-3.6553848,600,7334.91099
-2.6869695,600,7349.382076
-4.854938,600,7352.89488
1.1954538,600,7354.593477
2.5468607,600,7372.858221
0.45095313,600,7374.173804
-0.6710206,600,7385.487896
0.9107606,600,7388.600833
-0.21617042,600,7393.770197
-0.07174238,600,7398.863829
3.9436522,600,7409.89472
2.463269,600,7410.819017
-0.21265039,600,7416.826295
0.58154064,600,7427.645145
1.2436769,600,7430.435526
-1.745077,600,7431.84802
0.08645638,600,7448.602561
0.9132134,600,7449.843697
13.5805235,512,7452.675725
1.3244741,600,7460.642804
-12.014821,538,7465.76103
-1.4010606,600,7468.317008
-9.861076,401,7476.427908
-1.2658705,600,7484.051057
-0.49749455,600,7484.893504
0.38615614,600,7490.623753
1.6722633,600,7503.840753
2.073215,600,7505.10118
1.8847077,600,7522.346872
-5.044382,600,7523.525984
1.0609733,600,7526.257601
1.984496,600,7533.936271
1.5539883,600,7539.077739
2.261093,600,7541.502962
1.966845,600,7549.985469
-0.3291134,600,7557.171567
3.9630566,600,7558.034863
1.6194031,600,7563.636499
-0.019158604,600,7576.859568
2.791472,600,7578.138524
3.9243581,600,7594.741346
5.463194,600,7595.864778
-2.031979,600,7598.700355
0.39240563,600,7606.405722
0.5783588,600,7611.593153
-1.0323102,600,7614.117408
2.6069634,600,7622.061154
-0.7718787,600,7628.913008
0.47632328,600,7629.804032
-5.320412,600,7635.305326
16.526344,556,7644.501097
12.132097,211,7647.230047
-0.7881478,600,7648.555044
-0.97283643,600,7666.061962
-4.665781,600,7667.207254
-0.168384,600,7669.960742
3.7746594,600,7677.55477
-1.5406088,600,7682.708062
2.243646,600,7685.157744
2.2802699,600,7700.060038
-1.131348,600,7700.92779
3.0767379,600,7706.484828
0.117965184,600,7715.43718
2.1752248,600,7718.017666
3.8879266,600,7719.317855
2.6247423,600,7736.787989
-1.0220476,600,7737.978131
4.770318,600,7740.677302
13.547856,323,7744.477415
3.2847347,600,7748.136519
-1.109568,600,7936.176134
-1.167327,600,7938.552042
14.146311,165,7950.251711
1.2053074,600,7953.341549
3.381666,600,7954.15905
10.855576,201,7959.423205
-0.44637963,600,7968.205519
0.5307831,600,7970.839112
2.4786747,600,7972.137243
-1.3635614,600,7989.550542
5.317337,600,7990.728801
0.039249927,600,7993.496888
5.593687,600,7997.273414
3.0810897,600,8008.670584
16.978785,385,8016.432112
5.5804057,600,8020.708739
-3.715936,600,8023.79746
1.2302821,600,8024.593702
15.618448,451,8025.547138
-0.6850151,600,8029.97181
-10.419473,142,8033.130767
-2.481389,600,8039.269055
-1.3219597,600,8060.821738
0.43110284,600,8062.038574
11.324821,252,8063.278735
-0.18677835,600,8064.842334
2.835048,600,8068.738457
6.110798,600,8079.990297
14.946091,564,8087.637629
12.240511,243,8092.017686
16.341215,453,8093.046246
1.6859053,600,8094.868649
1.4594288,600,8095.675349
5.9461107,600,8096.651478
15.2836685,580,8098.801772
13.380175,80,8108.239137
15.494587,371,8112.401971
-7.016097,156,8113.318445
11.832652,176,8113.780542
13.501711,294,8122.361936
11.614684,86,8123.505581
11.900324,501,8124.003491
0.9450594,600,8131.780309
0.8538233,600,8132.959839
15.46423,280,8145.485631
4.292771,600,8150.828555
-7.828863,185,8153.595784
12.740471,536,8159.102557
0.7547703,600,8162.984234
4.760772,600,8167.752756
3.4947267,600,8179.339314
7.032931,600,8184.880885
14.175386,364,8188.553252
6.66049,600,8193.332689
14.787518,369,8194.553345
2.7959418,600,8194.553403
4.57941,600,8195.033336
15.253077,340,8203.080426
1.6151224,600,8203.891351
12.566961,391,8205.314055
13.736111,233,8220.839195
14.20915,580,8222.272563
17.719706,321,8222.739682
1.1725062,600,8238.378618
16.581352,341,8244.070504
15.752682,491,8246.451261
16.321426,368,8248.715258
2.7222333,600,8250.007849
12.9414425,516,8255.273273
17.748428,290,8256.335282
15.889242,303,8256.470112
17.58371,184,8260.227386
16.85029,487,8260.583563
16.330618,138,8262.8525
3.648637,600,8265.47104
0.24454667,600,8265.932711
15.6949215,383,8268.056348
14.827097,104,8268.974751
11.88559,42,8270.78904
14.144416,91,8271.352668
16.150316,198,8272.151343
12.865828,196,8273.17231
15.565109,153,8274.516832
14.547999,262,8275.105292
14.364715,129,8278.047882
17.158863,151,8278.047949
11.80755,56,8278.819247
14.264227,91,8279.683132
12.710889,85,8280.878824
13.007201,115,8281.594444
11.165514,32,8281.982693
12.369709,77,8282.451879
10.99914,76,8283.619622
11.252981,42,8284.754907
12.582949,79,8293.044096
15.236166,129,8297.171618
15.479752,164,8297.537607
13.244339,209,8306.224098
-8.858207,86,8307.556673
-7.0812635,373,8309.324508
14.991424,134,8312.869547
16.392904,509,8315.380898
12.215282,78,8318.517773
17.357702,294,8319.216407
-7.7750225,119,8320.202018
15.57643,116,8321.316103
16.356916,463,8329.956015
11.229209,28,8333.267282
17.121195,178,8336.544796
16.470911,494,8337.158907
17.733597,164,8337.955434
12.049237,163,8340.519975
3.9317393,600,8342.212211
11.234185,138,8349.260851
13.9426985,105,8349.371138
-5.7340465,585,8349.710621
-8.792248,69,8350.215025
13.943287,106,8352.880959
0.6071658,600,8353.023221
17.177261,151,8354.224739
-8.707504,292,8354.600792
12.052972,47,8355.301347
-7.1873846,530,8355.301408
-9.245793,150,8355.522058
14.892765,426,8369.057588
14.736931,127,8369.876218
15.64064,138,8370.123892
16.887539,189,8371.157244
15.259979,140,8371.403129
-2.668223,505,8372.024068
-7.0965033,154,8372.376703
-8.909571,45,8375.435693
13.9759445,89,8380.300019
13.809374,101,8380.954942
15.135552,110,8384.775712
15.009923,139,8387.367558
15.179366,135,8388.089574
16.491087,162,8390.322717
-6.3298497,356,8391.61149
-6.2355194,341,8392.559776
-9.328244,47,8395.864545
15.362894,180,8396.525439
-7.3354797,406,8396.75293
12.64886,92,8398.260559
17.046995,157,8398.773662
13.571133,91,8398.902256
13.046048,74,8400.443134
14.468348,101,8404.528918
16.116638,257,8411.083735
13.631688,108,8411.435415
16.608727,140,8412.345578
17.421589,157,8415.184028
10.887911,177,8417.160044
12.110109,48,8417.855651
17.319668,172,8418.914711
16.342724,161,8419.176865
12.732755,139,8420.683218
2.5449314,600,8422.988647
0.15602373,600,8425.469376
15.024345,134,8426.749484
12.565238,77,8428.276515
14.076302,88,8429.381335
17.357677,400,8431.840813
14.867668,125,8431.958913
-6.384903,156,8433.465487
10.797208,27,8434.992483
-6.9783106,112,8436.311496
13.819763,82,8436.439059
-5.619362,238,8439.415251
11.131468,52,8442.616529
12.876339,79,8442.843073
17.025368,147,8442.981123
16.82772,143,8446.278915
16.52622,138,8448.243087
13.97529,84,8449.284753
-8.482927,180,8449.522928
-8.38586,251,8450.411097
-9.070794,65,8450.674445
11.576871,92,8453.597225
13.732466,100,8454.727879
11.638914,36,8458.935036
13.495092,89,8460.131931
14.535307,124,8461.007424
14.116671,108,8461.130551
16.532871,136,8465.628363
-7.2879333,137,8466.80976
13.286552,118,8467.652483
2.7936594,600,8469.205366
16.132706,155,8469.205424
12.146343,79,8470.54506
14.025595,92,8471.233652
11.296845,63,8474.348255
14.239632,115,8474.944679
15.447359,372,8479.416249
13.405437,94,8480.45267
13.850644,109,8482.251681
14.67795,98,8486.599514
13.484768,74,8488.10909
1.8349166,600,8489.176123
17.736351,160,8489.496775
14.434786,226,8492.490948
16.081326,156,8492.832842
15.28739,110,8495.178108
15.609737,501,8495.877114
-8.704227,31,8499.553022
11.370026,68,8500.87045
14.647142,99,8500.87051
15.856874,122,8502.553038
16.121223,155,8504.985527
17.628342,316,8505.19518
11.464358,293,8506.014089
15.414728,424,8509.37955
12.421841,52,8511.265002
14.044786,89,8513.047577
-8.420522,292,8514.920542
15.328337,138,8517.091811
14.263124,103,8518.092965
-9.840157,64,8524.592557
11.352435,171,8524.954664
14.967323,244,8583.880551
13.714615,160,8584.333534
12.569939,56,8585.443516
16.619682,160,8587.871043
15.784511,138,8588.419132
15.143405,312,8590.346676
14.453538,106,8591.51324
15.980104,405,8594.106647
12.800259,465,8597.967625
14.481284,455,8602.562375
12.909165,93,8604.89371
13.648558,365,8606.071547
17.17773,243,8612.478396
12.696512,226,8629.242065
17.61633,262,8635.768332
4.069144,600,8637.316984
13.9638,216,8637.768696
13.043256,410,8638.223721
17.578236,456,8638.573065
10.808911,85,8639.072779
-5.7410293,516,8644.028573
13.049233,73,8646.467816
13.242785,70,8646.91482
13.948879,104,8651.421843
14.066596,119,8651.421904
13.152224,68,8654.862188
14.32708,91,8657.16063
3.6936586,600,8658.111328
2.4315314,600,8658.738127
16.017614,466,8660.951637
4.879112,600,8661.917935
17.650835,546,8662.396523
14.590828,114,8664.837123
16.996675,147,8668.724483
12.927887,88,8672.688547
15.963067,131,8674.140471
12.48362,58,8675.596112
15.126053,159,8675.943462
15.417038,140,8677.574774
17.461052,244,8690.997445
16.276844,150,8694.033937
13.011203,353,8696.961993
14.46402,273,8697.423295
13.035628,89,8701.752278
12.524026,75,8706.206743
-0.10157475,600,8707.249875
0.92495626,600,8709.895922
12.850455,71,8710.329836
11.772366,40,8711.984132
11.229772,34,8713.873164
13.495945,78,8715.408161
5.195936,600,8715.627691
14.127853,112,8723.623223
11.480667,88,8724.321091
13.583794,82,8725.170102
14.208587,92,8726.572685
0.68936306,600,8729.75117
17.264593,169,8732.00728
15.307333,122,8744.201723
0.3485274,600,8744.445673
-0.23163712,600,8745.909549
14.51438,120,8746.300837
-0.103572845,600,8747.321953
1.7501953,600,8749.205786
12.662503,62,8753.175408
14.564064,113,8760.658391
15.538628,145,8761.353612
-0.5074509,600,8765.431318
11.189038,27,8768.558108
2.3486602,600,8768.801382
11.531555,34,8772.81871
15.568609,166,8780.273582
16.795326,166,8780.970475
12.232727,56,8787.693727
5.0696793,600,8794.583798
4.870551,600,8795.309203
3.6262105,600,8796.12501
1.9619182,600,8797.537298
17.15001,168,8800.200802
11.615046,53,8801.609422
12.738056,59,8804.558113
12.242917,51,8807.540879
14.295309,96,8811.412497
16.91271,158,8814.700873
-0.43445787,600,8815.281536
3.125503,600,8817.04214
2.5766747,600,8820.057582
14.782678,115,8821.092891
13.640173,91,8822.186936
4.217538,600,8824.094103
11.766312,40,8826.931699
13.871556,94,8828.27804
16.502813,142,8832.214411
14.340455,105,8836.477227
14.129019,92,8838.992308
1.7077075,600,8839.363855
0.9179302,600,8843.60468
13.670903,90,8850.133649
14.397388,102,8851.211323
17.484642,166,8851.776625
2.3558633,600,8858.41918
16.248579,146,8860.935565
12.911113,87,8861.421912
12.442625,88,8862.171056
13.461744,106,8862.65094
2.543929,600,8865.432688
13.254682,70,8870.373146
-8.393445,432,8871.10049
16.101816,382,8872.014086
13.9485235,100,8874.419357
13.385925,116,8874.636823
-0.9283531,600,8875.314121
15.541113,163,8877.701589
14.277521,181,8882.887331
0.7378511,600,8885.718232
13.549947,76,8886.742442
14.551933,125,8886.853415
17.768835,195,8888.549721
17.519793,158,8889.160656
12.064584,64,8890.432974
16.554455,138,8890.840703
-0.10005963,600,8892.12447
-10.097138,31,8894.076082
10.968478,66,8896.988755
14.620849,98,8897.333611
11.661805,87,8898.878134
14.198374,113,8900.279621
14.642391,224,8901.818506
2.1054127,600,8907.407635
16.964115,146,8908.028849
13.189379,95,8909.995195
15.597395,149,8914.853819
16.537477,167,8916.636762
13.715852,89,8917.892294
16.888401,220,8918.036073
10.944358,22,8920.644445
14.349442,93,8920.997146
10.974716,66,8922.659161
-10.019286,4,8923.099626
14.750789,129,8923.227898
15.017452,214,8925.449714
11.345683,35,8927.293287
13.398531,83,8930.179559
13.221423,261,8932.417411
16.041086,128,8932.773659
16.309679,133,8936.344615
13.107176,79,8939.361974
13.481586,75,8941.45921
3.2147937,600,8941.56939
-9.953629,4,8942.004929
13.918735,178,8943.74968
1.7170591,600,8945.159018
-10.799753,499,8945.278035
16.69852,155,8945.278095
17.30813,194,8948.016877
11.932104,58,8948.407709
12.568594,124,8954.215034
16.58469,154,8954.70171
12.220541,103,8957.7084
14.077008,90,8959.274322
13.949725,120,8959.630187
4.1707006,600,8964.750717
14.574541,143,8965.102906
11.5062275,34,8968.804074
13.857735,108,8970.410995
14.347806,108,8971.969331
16.384024,241,8972.467309
11.341938,53,8975.113422
17.132057,197,8978.081685
15.285915,131,8980.738569
15.124609,340,8985.824919
2.090649,600,8987.395174
14.734316,244,8988.437836
14.871906,156,8988.89789
13.523151,150,8989.73628
15.142855,304,8990.18235
15.659096,156,8990.885464
13.91382,92,8991.478461
15.228328,119,8992.060237
17.65652,170,8995.100952
13.23539,69,8998.276324
16.410925,509,9002.411258
1.0044268,600,9003.395878
15.188633,109,9004.3007
16.448519,141,9008.821594
15.678992,181,9008.82166
16.198235,169,9011.004025
16.974426,198,9012.407138
10.925195,22,9013.595613
16.504868,236,9013.705719
14.189761,105,9015.038863
14.459791,145,9015.611926
16.624065,219,9015.729418
14.0925455,121,9017.815913
12.902847,84,9018.734379
11.66139,41,9020.392023
15.104237,128,9023.843446
12.470542,366,9031.736209
16.193262,164,9032.855413
17.510302,191,9034.864261
17.270584,195,9036.697628
17.091774,198,9039.134742
17.568413,200,9042.369527
15.511106,161,9042.922368
12.585252,87,9045.178359
13.990599,112,9049.904635
13.591853,79,9052.232532
11.212192,28,9055.522359
17.665625,198,9056.211859
16.598198,158,9057.550842
14.249943,140,9058.643204
11.49643,35,9059.441653
14.315817,120,9063.862006
16.53884,168,9064.822713
6.1213303,600,9065.932124
15.045278,396,9066.984169
15.028803,117,9070.034366
11.389154,58,9071.841567
15.078644,128,9073.888362
13.067827,77,9075.087364
1.7046607,600,9075.199075
11.339076,30,9075.333568
15.733669,154,9077.824396
16.358425,176,9078.373748
12.854232,64,9082.447083
12.793473,172,9084.13188
12.086724,55,9084.743279
-0.05538979,600,9085.632505
14.549591,117,9087.592098
3.0142615,600,9088.40162
14.313201,119,9089.050544
14.505412,122,9089.488147
12.074797,75,9091.307842
14.178123,133,9093.327338
14.90135,531,9094.156049
12.698588,58,9095.950141
12.220094,49,9101.771266
15.025738,146,9102.841799
15.6593685,172,9104.468836
15.624811,144,9104.600842
12.661556,327,9105.548384
15.885318,151,9107.46353
11.713626,60,9111.503427
11.493514,37,9111.711661
12.388328,73,9113.089575
17.58144,182,9114.741637
11.215424,31,9115.104158
17.319134,228,9115.212625
13.793734,109,9115.544827
16.672577,220,9117.228122
12.719772,65,9122.395787
17.115242,164,9124.847626
15.814867,125,9126.483849
13.596441,97,9126.729298
17.20741,218,9127.435733
14.441338,96,9128.597127
15.187803,141,9129.721803
12.156985,110,9137.831113
2.204395,600,9140.628403
16.050524,133,9144.257541
11.983263,69,9145.986264
17.456814,185,9148.384581
17.438133,183,9149.063664
12.140959,47,9149.866349
15.245047,309,9152.086046
5.842818,600,9155.569272
15.322483,225,9156.439726
11.164498,75,9158.008598
17.155272,303,9158.332802
13.198833,99,9160.119702
12.748964,70,9160.499637
17.684204,205,9165.019886
5.3473425,600,9165.125063
15.102868,170,9166.159475
15.409977,147,9167.334815
14.851688,449,9168.253549
13.301405,77,9169.224132
14.982889,109,9247.084888
12.960012,77,9249.825682
16.029377,150,9251.497304
16.892422,180,9253.35443
15.506338,195,9254.327253
15.919821,160,9255.066237
12.513512,70,9255.196743
13.909384,92,9255.792555
16.165808,472,9258.148725
15.662428,136,9258.937537
16.966057,155,9258.937608
12.369381,55,9261.50725
16.381557,172,9261.993563
14.589006,101,9263.123865
11.816635,181,9264.987728
12.227934,100,9270.41848
13.550512,77,9270.756627
13.68294,97,9272.664944
14.553928,163,9273.86095
17.315647,165,9274.79565
12.812704,86,9275.01602
17.573751,181,9275.264275
17.779575,192,9275.677605
11.5734,42,9275.810817
16.437954,198,9281.289698
11.857927,70,9283.399053
15.660231,293,9283.926878
17.137016,186,9284.878147
14.165476,123,9289.87823
13.179473,79,9290.600104
14.45343,172,9290.81563
14.362446,131,9291.159574
12.866434,76,9292.32306
16.152676,171,9294.078676
13.669437,158,9294.406544
17.228865,189,9294.967356
16.32313,180,9296.026084
12.226763,79,9300.426575
15.061393,148,9301.409579
11.941979,71,9302.816294
11.77651,67,9304.037155
13.729785,103,9304.53232
14.233637,129,9305.122988
12.418677,86,9305.239727
13.544922,124,9305.486324
13.30188,196,9308.122398
14.300467,123,9308.738779
17.310654,156,9309.125058
12.591144,71,9312.44852
11.850535,81,9317.613888
17.67693,500,9317.748922
12.946825,90,9319.326803
14.690582,131,9320.074505
15.915857,133,9320.895195
16.15111,159,9321.693107
16.53312,186,9322.539208
15.676182,150,9322.977672
16.023052,164,9324.964567
14.524014,150,9330.359304
15.597742,252,9331.396952
12.430308,72,9333.52174
16.002071,213,9334.404156
14.610334,102,9335.198532
16.813948,171,9338.040766
15.376783,164,9339.562417
16.380428,153,9339.925107
12.296955,51,9341.185447
13.5560055,90,9342.000496
15.65292,180,9342.232506
16.897308,197,9342.719256
15.366397,171,9342.819105
15.423406,117,9344.091936
15.14321,113,9347.704542
17.268627,252,9347.704604
13.193506,82,9349.583444
14.544545,101,9349.905505
11.485662,55,9350.624925
13.926942,110,9352.471281
11.279361,54,9354.007434
14.186266,97,9354.126129
17.178646,199,9356.981916
13.491549,123,9357.371114
14.821887,151,9359.828269
15.4703,168,9362.101184
13.622505,103,9362.795351
14.756269,108,9365.251877
11.688361,53,9366.02324
11.186274,225,9367.660926
15.397882,159,9368.252271
16.85406,178,9368.622491
12.853719,62,9369.250773
16.437284,170,9369.84285
15.606749,140,9370.610888
16.412075,144,9370.982798
15.680712,122,9371.725275
13.720134,82,9372.445518
12.152026,79,9374.659505
13.015605,66,9375.587806
12.594082,72,9376.883241
12.383093,53,9378.799684
16.739882,195,9380.124027
12.14714,49,9380.519869
16.192627,162,9385.404338
16.658379,146,9386.857115
15.828422,159,9387.689419
11.282074,65,9388.293701
16.590364,164,9390.247894
17.110565,163,9390.503397
12.440117,55,9391.968003
15.6180725,189,9392.566786
16.17978,177,9392.927472
15.570911,155,9394.108245
10.999502,60,9395.406777
12.256442,158,9395.764216
14.135927,139,9396.7075
12.517595,55,9396.843804
13.366599,85,9400.620355
17.3446,213,9404.14831
13.718128,102,9404.667808
14.764286,106,9405.44109
14.422521,110,9407.1206
17.267712,180,9409.061722
17.433758,191,9409.522866
16.630737,161,9411.099081
12.573378,59,9411.233597
13.648768,109,9413.667709
15.48416,156,9415.44574
11.6138935,49,9417.065543
17.55442,178,9417.927062
16.480083,203,9419.926758
13.620108,211,9420.51156
15.770849,137,9420.972519
16.99278,155,9423.943435
16.745964,178,9430.196621
15.659399,147,9431.089569
15.103989,184,9431.401731
15.431654,148,9432.931457
17.038269,222,9437.50039
17.100822,181,9442.494949
12.637977,86,9443.216112
14.214178,111,9443.441688
11.477042,58,9444.442607
-8.794264,243,9446.783577
15.601966,334,9446.911303
12.999876,264,9448.501415
15.371087,157,9449.828387
16.850033,262,9451.044978
16.892918,175,9452.232157
13.433025,78,9452.665618
12.870917,101,9455.15031
-9.788165,52,9457.159817
15.809847,150,9462.050277
-5.0399714,354,9462.403012
15.0870495,111,9462.743902
15.574802,156,9465.240846
16.6114,145,9465.558604
16.17566,170,9466.918169
12.658581,61,9469.673917
17.741272,247,9471.673287
16.555193,149,9472.736464
11.303534,436,9475.500148
16.89855,203,9476.606912
12.986305,69,9479.748269
12.763378,167,9481.769466
-8.60586,72,9485.058621
17.50327,177,9486.499367
12.582417,59,9486.894736
17.675297,199,9488.86249
16.136845,138,9489.228115
15.407383,310,9493.929262
13.997421,89,9495.762068
17.504198,223,9496.11312
17.524626,172,9502.234219
12.570173,82,9503.49526
16.930674,350,9504.227127
-9.23439,84,9505.925249
16.669064,150,9506.756381
11.820925,42,9509.107625
-6.114031,125,9510.433061
15.577894,203,9510.805293
12.292723,67,9514.641257
14.740509,223,9514.993721
12.62002,84,9515.807621
13.996946,99,9520.84879
4.045096,600,9523.093873
15.74902,130,9526.138326
14.068888,106,9527.151155
-5.749277,147,9527.777112
-10.007993,3,9528.127356
17.103931,249,9532.765042
15.889507,489,9533.252331
14.484518,189,9537.264514
-0.64622724,600,9537.74837
15.741987,346,9542.979023
15.3955765,258,9546.361703
11.201122,137,9549.032587
14.672438,195,9549.145216
13.594742,113,9550.68968
16.643,151,9551.139405
1.5775187,600,9557.416378
12.164022,93,9560.246762
-8.249271,297,9562.333014
13.266777,141,9565.805148
11.245125,45,9567.749517
10.7863865,19,9569.923301
16.566725,439,9572.804965
16.154665,175,9580.935819
17.095375,407,9585.916892
16.369957,139,9586.272288
16.87285,327,9589.832987
2.712344,600,9593.930707
13.793663,438,9594.716411
11.706292,77,9594.927541
14.932408,125,9595.489936
0.40038738,600,9598.927491
15.143567,128,9601.261463
-8.548118,88,9604.948703
13.407274,89,9605.290669
13.383669,77,9610.409957
16.9626,152,9613.528266
1.0102023,600,9617.198124
11.4479,68,9618.554596
14.941126,114,9618.669397
2.304645,600,9621.685264
12.743477,79,9623.008407
15.94026,188,9627.814314
0.12126655,600,9628.291906
16.310818,308,9630.399758
-6.4325237,143,9635.486443
0.9245575,600,9636.512034
16.001783,137,9637.627321
-8.965282,44,9640.523521
14.786516,117,9641.35276
17.620152,166,9642.302428
5.4100976,600,9643.387548
17.40191,177,9648.822098
16.095402,170,9650.115255
14.21962,282,9650.253509
11.688095,69,9651.405878
16.439169,163,9656.645257
14.8806305,124,9656.752767
16.47722,332,9657.361551
4.612447,600,9660.343621
12.740846,80,9660.827736
12.930893,100,9661.924572
11.62769,197,9664.536908
12.71269,74,9665.484106
6.777045,600,9669.609803
15.810925,177,9669.751762
12.141541,118,9671.339644
16.06015,306,9672.394453
11.702854,106,9676.935841
11.347078,51,9678.286259
17.124517,188,9678.885921
13.357592,75,9680.095559
16.383066,173,9681.102144
17.249798,159,9683.989297
12.708801,60,9687.094338
13.192104,80,9687.671554
17.316298,157,9688.001912
17.269634,176,9690.16136
11.553291,56,9690.63072
13.218811,130,9692.136722
13.220312,109,9693.971057
14.492244,129,9694.107794
12.20551,56,9694.725549
15.070433,503,9699.597155
15.490522,120,9701.242197
13.088778,96,9705.329879
12.86743,483,9706.974774
17.511066,166,9709.674322
10.881255,28,9710.299774
16.319942,170,9710.652022
15.217192,144,9710.913788
16.04842,157,9713.177412
16.748314,180,9713.412748
16.369007,458,9714.237082
11.307008,32,9714.752944
15.13187,133,9716.980312
16.460375,150,9717.361058
17.330147,261,9718.56685
14.892679,123,9719.934799
12.569594,69,9722.817948
12.406393,75,9726.121182
14.912947,136,9726.68749
14.942568,144,9730.083491
-6.6794233,130,9732.194649
5.5753126,600,9732.43868
-7.9774446,88,9733.184365
17.302362,171,9733.508512
16.384493,140,9734.85502
17.518389,210,9734.972192
17.071152,180,9735.288444
15.794949,154,9737.850828
13.336842,74,9743.665399
14.291556,116,9743.668306
13.736116,94,9744.479538
16.742308,184,9748.253604
13.900478,129,9748.253673
14.608344,139,9748.477485
12.103147,49,9749.455087
17.11452,153,9750.423639
13.598601,114,9751.380856
16.820724,370,9753.333093
11.8983965,55,9754.856664
16.787361,186,9757.268176
12.294144,89,9759.034326
17.579605,210,9759.65562
-9.971759,7,9759.899039
14.096832,106,9763.98657
15.226065,118,9764.494232
16.261026,175,9765.346706
17.754213,196,9767.052918
16.449066,149,9767.284992
14.306558,95,9771.019315
12.819901,94,9771.154691
12.917607,65,9771.748259
17.206392,210,9773.298564
13.959973,158,9773.653006
13.091926,78,9776.566254
17.319908,195,9780.612597
13.520976,85,9781.231621
16.452673,150,9782.39741
14.626154,142,9783.935713
17.546648,165,9785.050166
14.567245,120,9785.541675
16.169773,273,9785.890649
-9.956275,5,9786.408327
11.383747,32,9787.65787
16.169651,161,9790.880848
12.385786,63,9792.409376
14.555866,104,9792.903356
15.654289,163,9793.014078
-9.83217,10,9794.130922
13.157016,70,9794.73365
0.43542287,600,9797.155832
17.232893,206,9800.966543
15.085226,113,9801.077482
13.724571,92,9801.754948
14.614623,176,9802.022388
16.36681,167,9802.15439
12.65588,84,9802.410702
14.978996,161,9804.456115
11.324854,44,9806.948126
13.950936,106,9807.195395
15.538012,178,9814.951218
17.619387,191,9815.424016
12.874527,96,9815.647274
-10.002588,2,9815.866961
12.689334,116,9815.867023
13.700413,123,9816.521263
16.799294,182,9818.529888
15.025717,154,9819.14362
15.685129,183,9822.532347
14.893562,134,9822.765757
11.320332,58,9822.908856
12.647746,86,9825.749072
16.762218,201,9825.749137
16.868134,176,9828.072713
15.15575,128,9831.262818
15.883656,137,9831.406587
15.292205,115,9832.951334
12.80097,91,9833.679253
15.830032,131,9834.259407
13.575367,82,9835.574757
11.830276,52,9877.371051
16.098673,189,9879.024957
11.71071,56,9880.746988
11.044581,128,9880.884583
15.577589,176,9883.648737
17.055716,182,9884.003361
0.7217736,600,9884.213433
15.117868,112,9886.6718
16.514456,162,9890.272155
15.81171,171,9892.865386
17.577171,214,9893.113229
14.848081,115,9894.196762
16.901875,171,9895.559708
16.782999,176,9897.981392
13.308353,98,9898.199896
16.037235,167,9898.569046
11.177467,160,9902.472858
16.79987,163,9903.170897
14.907326,127,9905.259953
12.976906,107,9906.849134
15.009071,231,9908.014947
14.796658,107,9910.857229
14.830912,117,9912.345831
15.379815,151,9913.208292
16.459595,171,9913.208351
17.004074,210,9917.546127
11.208568,49,9918.037292
13.454227,77,9919.783733
16.858807,188,9919.996794
16.465805,148,9920.45317
15.406616,124,9921.315584
15.681325,138,9921.456826
14.565066,132,9923.428425
13.738886,183,9923.947638
14.595297,101,9925.157599
16.53299,143,9930.083586
13.616225,107,9930.725501
15.079882,112,9930.835705
12.690555,66,9931.323807
15.03244,113,9933.277534
14.835263,113,9933.762016
16.403366,151,9941.883767
16.020403,141,9941.883831
16.748745,174,9942.129217
17.15636,205,9944.145831
14.638519,104,9946.209112
14.707678,136,9946.209173
14.849632,140,9947.29424
10.98385,27,9949.422546
12.776062,81,9951.423405
17.762829,196,9954.095863
4.422817,600,9955.103259
11.716813,121,9956.32197
13.765195,118,9960.328394
15.258007,122,9961.865861
12.383724,79,9965.801164
14.874801,134,9967.63549
16.009274,199,9967.977737
16.071756,132,9970.056381
14.155514,91,9972.924705
14.312513,107,9973.295861
15.946999,162,9974.619607
12.309282,76,9975.038082
14.173494,375,9978.472994
13.959772,241,9978.597164
13.287725,96,9979.687766
12.365091,76,9982.199942
15.588829,123,9984.851427
16.150576,359,9985.192384
16.931797,556,9987.78684
17.37997,169,9987.90392
11.23101,52,9988.297932
12.641089,77,9988.76846
14.487583,118,9988.768529
17.021946,166,9993.166975
16.908182,159,9997.348767
12.418922,203,9999.28107
-7.7402086,119,10003.115767
-0.28116825,600,10003.253039
12.655924,86,10003.619996
16.609562,176,10005.975703
13.0035305,81,10007.18108
17.487122,172,10009.465421
15.931864,183,10009.937387
14.842609,121,10013.83439
14.976163,247,10017.842713
13.077687,103,10018.202986
15.911591,140,10020.281083
15.756382,157,10021.932089
14.974192,115,10023.616104
15.943291,173,10023.725994
16.192375,171,10027.56657
13.367725,422,10029.009398
17.642143,183,10031.354247
14.972471,108,10033.285719
15.513876,127,10033.534323
16.77387,180,10035.49452
11.875076,42,10036.439153
14.49375,129,10043.078384
13.038833,100,10045.177712
12.47321,80,10045.916482
-4.5947113,207,10048.322379
13.51823,83,10055.765054
17.433178,226,10056.000623
5.2401047,600,10056.977998
16.662289,198,10057.089995
15.310248,118,10057.090047
15.4405,198,10058.981596
0.6493317,600,10059.624291
11.866381,60,10064.164283
16.664137,162,10067.666838
-6.731591,101,10068.049413
13.468281,101,10069.12748
15.667948,203,10069.366107
15.061226,126,10070.858758
15.955272,168,10077.03197
16.465462,173,10080.151104
13.745047,111,10080.873914
17.131334,187,10081.233575
13.215757,90,10081.447409
14.00494,116,10082.8541
15.578917,179,10085.335132
15.442665,143,10086.259771
12.666473,79,10086.386055
16.199923,164,10087.412381
0.026044251,600,10089.28947
13.458286,79,10089.426069
11.245272,31,10089.995339
12.903303,65,10090.460639
12.996786,98,10092.407425
2.699379,600,10093.320565
11.506548,34,10093.435987
4.228818,600,10095.136364
14.990845,117,10095.246845
13.10117,91,10096.093386
11.876881,44,10097.611587
11.831036,46,10099.009665
12.223593,76,10099.572618
11.638584,39,10099.851551
11.667553,44,10100.558245
14.334913,95,10101.38749
14.3493595,128,10101.49531
13.98735,123,10102.110849
17.369837,187,10103.386051
-8.77985,57,10104.406207
12.639063,102,10108.051884
14.856076,135,10109.234172
14.129334,91,10111.988728
15.101276,116,10112.468565
14.947877,111,10114.208626
15.124141,124,10114.2087
-9.409824,45,10114.473174
15.427523,129,10115.546549
12.6414795,107,10116.808007
16.350195,244,10117.980703
16.660145,155,10120.14115
12.03588,51,10120.256673
12.647257,69,10122.786491
17.512928,167,10123.027967
16.49078,211,10124.439171
14.374752,106,10125.174989
15.471851,142,10128.906657
15.363253,137,10130.620671
11.107446,49,10130.96061
16.413895,203,10132.233351
15.945213,143,10132.717513
15.257669,114,10133.977979
15.572491,153,10136.447943
15.424945,154,10138.758654
15.142212,131,10138.758719
17.717266,187,10139.363241
13.304661,74,10139.931866
13.096554,77,10139.931918
12.47686,55,10140.617452
16.292892,162,10143.788786
15.834216,179,10144.140724
-3.7969222,139,10145.593736
12.638721,82,10148.502821
16.742657,162,10151.682892
13.164377,99,10151.807706
16.56459,160,10151.92644
11.024898,68,10152.059881
16.715555,148,10154.15221
11.022817,27,10154.899845
15.040148,138,10155.248506
15.023176,137,10155.742518
16.04374,133,10156.574318
14.742649,140,10156.690667
14.83874,140,10162.411546
13.365754,88,10165.404645
15.019712,114,10165.642742
-8.761281,180,10165.762369
11.258178,80,10166.245711
13.96525,148,10169.595239
15.751668,152,10170.178216
15.268171,120,10170.178271
15.338633,118,10170.713122
-3.712657,160,10174.400279
13.256395,72,10174.872023
15.311197,173,10174.872093
15.127407,115,10176.1688
12.184437,70,10178.373637
14.734391,105,10182.501237
11.320954,35,10182.501296
15.228392,296,10183.778332
12.748903,87,10185.090056
13.157159,95,10186.04999
16.801296,175,10186.428575
17.322426,193,10188.743469
12.157328,53,10188.860075
15.275272,200,10189.229769
17.215656,159,10189.558867
-7.6636467,58,10192.966316
17.120272,201,10193.317698
11.83057,57,10195.467138
17.60713,168,10196.049639
15.679035,128,10197.801213
13.774935,111,10199.693104
13.864456,88,10199.693162
13.273729,96,10201.018512
-9.990189,3,10201.380856
13.242701,85,10203.522598
11.717722,67,10204.162508
17.188526,180,10205.308722
16.085026,189,10207.58061
11.1768055,61,10210.608466
16.59085,214,10214.025247
15.955033,145,10214.694688
12.945323,88,10215.436033
13.687407,84,10217.273262
16.274796,193,10218.109468
15.634392,157,10219.656727
16.242325,229,10219.905728
10.897837,54,10220.410598
11.433112,86,10220.654999
11.955494,58,10221.592978
11.263258,34,10223.825889
12.68508,77,10227.282753
12.6933155,67,10227.658186
15.743961,246,10228.641136
17.443707,248,10228.88302
15.52683,137,10233.580842
17.583714,260,10234.582337
15.512801,142,10237.132666
17.61299,189,10243.970403
15.062428,135,10244.809795
16.002712,178,10245.028746
1.2803669,600,10245.24941
12.932417,85,10247.285741
14.7047825,138,10249.811162
17.378561,222,10253.801658
13.91764,87,10254.198945
16.98878,168,10254.459168
13.16923,85,10255.020502
17.718456,248,10256.582454
13.5421915,78,10259.12401
15.076511,131,10260.325256
17.373024,277,10261.343292
15.965,164,10264.676712
14.201241,91,10265.249675
10.981653,23,10268.001786
15.034422,127,10270.209324
16.285358,138,10270.650113
13.343057,95,10271.603403
13.885477,117,10273.039262
16.844292,162,10273.143058
14.962677,119,10275.637368
14.88734,487,10278.525914
12.743029,94,10281.945873
3.7990837,600,10286.584765
14.705757,119,10287.287435
13.016148,157,10288.79781
16.617798,170,10291.659776
15.700548,209,10292.689821
11.736333,48,10292.82297
17.208157,184,10294.617192
16.818636,323,10294.732357
-8.645166,404,10294.948454
16.93639,172,10295.650684
15.406639,140,10298.056788
15.5149765,171,10298.320426
14.582917,121,10300.590374
11.413691,33,10302.18747
14.302462,99,10304.260871
16.64255,166,10308.006648
14.723145,157,10309.851971
17.72616,168,10314.068827
16.735657,187,10314.305554
15.578041,155,10316.079936
15.553009,127,10316.91274
16.649063,196,10317.530732
10.958096,122,10318.44784
13.407148,82,10319.422348
14.887976,165,10319.815624
13.010643,66,10321.959167
11.008657,57,10322.883011
16.746063,253,10325.212981
14.730919,130,10329.601809
12.853333,218,10333.411704
5.4216824,600,10334.952194
16.033169,167,10337.00131
16.896698,153,10337.218614
16.535639,174,10338.681728
17.148216,189,10338.897686
15.7965355,140,10339.014246
15.883774,173,10339.852262
11.658206,57,10339.993164
12.898442,70,10343.006964
16.785126,442,10346.440715
12.256866,51,10348.9927
13.161693,79,10349.124184
14.318169,94,10349.929264
17.212002,188,10351.368708
13.616583,114,10352.004756
14.382589,132,10352.606104
17.510313,184,10358.402585
16.999474,180,10361.108243
14.0449295,357,10363.494338
16.459183,148,10363.726425
15.855792,137,10368.829551
17.741493,178,10370.103526
13.901531,99,10370.21752
15.460308,157,10370.583601
17.18943,290,10373.149989
15.249683,122,10375.435987
11.722102,41,10378.034589
14.083267,102,10380.989683
13.697498,97,10381.804335
15.450328,160,10382.881971
13.113104,69,10383.800804
16.150644,309,10386.565353
16.491991,141,10386.942087
-4.2954354,338,10391.529067
16.230352,195,10393.797112
1.6500324,600,10395.872005
15.4979,120,10396.123438
11.364514,83,10396.48144
17.343853,159,10397.118409
16.555346,150,10398.919436
16.045858,141,10400.640125
12.80271,69,10402.052437
17.20785,179,10404.252354
15.33124,162,10406.229136
-8.442247,360,10406.45042
14.158569,117,10410.297663
16.930904,159,10410.416997
13.905285,86,10412.24296
15.475341,130,10414.273824
16.26813,157,10414.526531
11.035306,25,10415.25976
12.679738,91,10417.095233
14.938698,129,10419.507007
0.40036526,600,10420.247853
12.55171,59,10422.387682
12.76517,67,10422.387742
-7.7897935,110,10423.558826
16.187725,237,10425.37836
14.466454,137,10426.912919
15.221864,220,10426.912981
15.9844475,176,10427.530473
16.262003,267,10427.992182
12.947998,79,10431.835273
16.225925,135,10433.251172
16.011654,134,10436.208363
-7.981519,118,10437.525377
16.29953,197,10437.976885
15.613112,133,10438.082451
14.538774,100,10438.628114
17.754147,169,10439.617547
15.058872,126,10441.742785
15.419565,145,10442.444287
15.643702,160,10446.41414
14.914104,132,10448.79251
13.5882845,81,10449.266724
15.716088,150,10449.484322
15.156567,112,10451.293273
13.537056,84,10451.7597
15.4670315,132,10451.872401
12.109761,83,10452.329475
14.8414955,127,10453.73826
15.3340225,140,10454.051194
16.22729,136,10454.158224
10.929868,22,10454.265033
12.100994,72,10462.804379
14.974648,113,10462.804451
14.120495,98,10462.804467
16.137726,146,10463.645475
13.254738,105,10464.251449
14.890783,108,10466.894689
16.690565,155,10467.621165
13.533437,126,10468.692795
12.0406475,55,10571.833191
16.350111,139,10572.27757
17.404186,216,10575.72537
13.936523,92,10576.553432
13.684461,106,10576.76004
14.100779,127,10579.115339
15.843393,136,10580.16805
12.503911,72,10580.396184
15.011264,130,10585.005523
15.29682,148,10586.044742
14.381708,97,10587.77799
14.650793,298,10588.49816
13.578513,78,10589.066011
14.7810135,184,10592.763857
11.798968,62,10593.254671
14.494844,126,10594.917808
15.641397,232,10595.131244
13.8490095,91,10595.558183
12.8748455,65,10596.007891
17.538153,194,10597.956164
17.738876,188,10598.064062
17.541729,165,10598.064126
1.7468145,600,10599.665316
11.666735,59,10599.665383
13.636642,115,10601.134269
15.841019,161,10607.927198
13.211678,101,10607.927262
12.937965,114,10608.314028
12.305201,112,10608.789659
13.176833,93,10609.167297
14.2302685,105,10612.201018
-9.588645,110,10612.802544
16.586864,178,10614.3069
13.778311,112,10614.540731
16.989653,166,10614.783637
14.280567,152,10616.203101
17.152824,170,10618.081153
11.841543,59,10619.012956
12.805694,89,10619.251525
14.89141,111,10621.086444
-7.2769213,71,10621.086522
12.30307,54,10622.550659
15.824593,128,10623.151795
11.3295355,34,10623.151853
10.810591,45,10624.72597
14.836084,135,10625.217344
12.850637,64,10625.827359
15.771105,162,10627.568741
11.76044,52,10628.737944
13.423889,87,10631.454209
17.346731,165,10634.011576
13.184484,74,10634.478157
-10.071572,51,10634.688882
11.163702,28,10634.688942
17.154812,190,10636.733535
15.169775,138,10639.468021
15.449471,123,10639.679174
16.136658,144,10640.129944
16.499752,143,10641.491187
15.200678,180,10642.336386
11.014371,50,10642.581512
12.649984,89,10644.49006
16.404156,147,10644.858968
13.804479,85,10650.329003
13.879446,89,10650.329081
15.23222,143,10651.770614
17.451984,192,10657.333905
15.486813,136,10658.57916
12.563511,67,10659.683311
16.521526,173,10660.054816
13.379296,104,10662.689928
12.271835,52,10663.538774
17.518974,191,10665.405716
16.932625,205,10666.002153
17.61047,184,10666.466497
17.058279,189,10667.403746
15.435475,149,10667.964274
17.589756,463,10669.744755
11.857902,71,10672.072374
12.198539,78,10675.956182
16.360035,139,10676.829486
16.007204,153,10677.050173
13.148094,94,10678.867285
16.118755,141,10679.730721
17.383081,384,10680.603043
14.527056,114,10681.757727
14.083464,91,10683.030306
15.469744,149,10683.393119
14.636869,155,10684.711884
16.585686,223,10686.545487
13.600779,91,10687.746792
14.781268,108,10690.045497
14.560757,124,10690.864411
17.442858,186,10692.19384
13.077766,96,10693.408001
12.749458,118,10693.916481
11.919895,70,10694.973983
13.103465,68,10695.939916
14.875139,113,10696.665087
15.216692,149,10696.800419
11.60761,59,10701.084434
16.03598,147,10702.462112
17.724005,186,10703.058725
14.982677,138,10706.463041
13.867889,85,10706.708639
17.627415,216,10709.289592
16.894241,163,10710.242752
14.935849,131,10712.305794
14.547037,101,10714.86804
17.560001,186,10715.4514
15.386679,201,10716.013163
15.086462,117,10716.117111
17.009962,189,10718.280247
13.514777,84,10719.115431
15.669674,208,10719.58277
13.410906,158,10719.582828
14.915466,125,10721.412058
13.331281,98,10721.814328
11.57663,38,10725.961389
15.233766,117,10726.089185
12.86396,86,10726.337188
11.994191,88,10726.445749
12.946106,93,10726.445804
14.561132,107,10727.529231
13.871435,186,10728.446072
13.2114525,98,10731.232477
14.428839,118,10733.205314
15.850414,130,10733.816569
14.235807,120,10733.941421
12.005883,70,10734.510875
12.075474,67,10736.504152
13.394641,109,10739.489715
14.70441,111,10739.594886
16.670006,171,10742.159796
13.953325,100,10745.692287
15.080789,111,10746.894625
17.178833,181,10747.938999
12.680943,60,10752.963216
16.844063,166,10752.963293
17.093437,194,10754.389455
15.1558,129,10754.945466
11.008842,24,10755.826642
17.468767,191,10757.257683
16.214554,179,10757.870701
14.0850725,104,10759.372455
14.115473,101,10760.106207
12.841345,80,10764.627977
17.678501,222,10766.054861
15.554232,214,10767.742986
13.52253,101,10767.861358
13.607729,129,10769.730501
17.312204,358,10770.165924
15.484792,121,10771.637913
11.93149,43,10772.929643
13.928945,142,10774.725109
11.640099,38,10774.72517
16.094822,136,10775.54317
16.627542,200,10776.70418
13.786307,104,10776.83401
11.80896,45,10778.256232
12.081261,78,10778.958135
14.538572,161,10779.196966
11.411499,35,10780.94665
13.76911,113,10784.958599
16.636517,147,10785.077997
12.260846,91,10785.484876
-8.468075,66,10786.745775
14.566676,101,10787.485758
17.242634,190,10788.472514
14.435298,124,10789.385836
10.811209,23,10790.254342
10.870657,47,10791.08375
15.00305,125,10791.545526
14.219315,111,10792.428566
14.985458,131,10796.612483
3.4918854,600,10797.438619
16.426683,163,10797.703763
14.341007,97,10798.412277
13.748978,114,10798.737458
14.95347,117,10798.94162
14.205284,96,10799.873452
13.400394,102,10803.717355
13.455168,86,10807.668621
17.191277,158,10808.27789
15.076979,154,10808.649409
14.657003,139,10809.071098
12.848114,111,10809.886737
14.750803,119,10811.893617
14.685702,109,10812.032171
11.318225,50,10814.662164
15.736141,141,10815.587823
10.897367,62,10815.732766
17.306816,166,10818.255459
10.81592,23,10818.513521
13.688776,92,10820.143396
16.330093,169,10820.254827
11.650602,38,10820.254882
15.112349,147,10821.40876
14.070404,106,10822.57513
15.4412365,137,10824.226811
13.86235,115,10825.753526
11.985275,51,10828.621659
14.513374,102,10830.449338
17.305159,170,10832.35264
13.373607,105,10833.942339
12.76062,78,10835.022177
11.772057,60,10835.827903
-7.7947454,65,10838.140454
17.258986,198,10838.24722
16.631914,154,10838.499025
14.658852,126,10839.08881
17.009819,173,10840.781511
16.9082,193,10841.529608
17.4462,213,10845.405048
11.839884,458,10845.740596
13.821489,129,10847.611556
11.057475,30,10848.934417
14.228531,102,10851.157731
15.808174,131,10851.287579
13.991407,88,10851.905296
15.5416565,174,10854.501625
14.956934,138,10854.501689
17.714613,174,10855.596256
14.260726,128,10855.983611
16.630548,158,10857.041152
11.998086,107,10858.43977
14.622677,102,10859.746067
17.171803,205,10862.86382
15.694225,129,10864.271343
12.359837,85,10864.64668
14.461316,124,10866.658664
14.29608,95,10867.260031
-9.416865,28,10867.951105
15.056379,117,10869.454746
15.8622,159,10870.144059
12.995369,72,10871.40315
11.743514,41,10871.518372
16.535328,144,10871.631888
17.73308,181,10872.707853
11.670616,39,10874.127393
15.913184,129,10875.147165
13.166921,74,10879.07522
11.740068,68,10879.75273
14.129864,122,10881.719359
14.526365,160,10883.308767
17.360302,161,10887.02769
17.299633,272,10889.300267
16.736649,170,10892.929348
15.922328,130,10894.519535
17.778524,195,10894.64699
17.397545,165,10894.762607
15.221998,208,10896.356181
11.720788,66,10897.351396
17.022354,157,10898.540087
11.467731,35,10898.883716
12.695611,60,10900.100395
-9.099031,33,10902.363831
14.310102,251,10904.111418
16.500906,187,10905.636427
14.486995,127,10909.597109
-3.6532655,211,10912.165211
13.833047,96,10913.703998
14.862341,127,10913.819255
16.556057,168,10914.618153
10.812752,56,10916.222965
17.527628,183,10918.964437
15.834059,196,10919.548029
15.189636,131,10920.955432
16.264198,183,10921.651378
13.66251,104,10924.346879
16.39885,174,10924.459785
11.471134,63,10926.817451
14.067426,121,10927.962339
12.688683,67,10928.788557
0.24775945,600,10929.524946
17.531422,164,10932.879944
16.98417,167,10934.290771
16.146725,150,10936.568952
13.624616,140,10940.999322
16.339819,165,10941.120758
14.667564,143,10941.262548
16.398779,238,10944.226082
15.973517,143,10944.970318
-6.2510686,117,10946.856467
12.17732,57,10947.914897
17.522118,161,10947.914953
16.427559,188,10949.069837
14.700363,136,10950.389265
13.394346,90,10951.972027
14.075823,133,10952.345582
2.6396034,600,10952.841112
11.225799,61,10956.350351
16.614277,143,10957.963427
13.164379,92,10958.734394
14.40538,120,10959.111422
15.219585,141,10960.874901
14.440296,120,10960.986829
15.762188,133,10963.621865
12.789096,63,10963.731719
15.136927,115,10963.982963
12.540144,60,10965.8774
15.366962,119,10966.364186
11.135202,46,10966.364245
16.94867,319,10967.2955
16.690617,144,10969.877406
15.178534,155,10970.386777
11.863646,47,10971.585568
11.290693,72,10972.42136
15.077242,111,10972.421432
13.214452,80,10973.260389
14.177222,93,10978.3959
12.972814,72,10978.874218
17.284306,187,10980.064812
12.863522,70,10980.523488
17.388544,167,10980.768744
16.482035,147,10981.363117
11.600223,37,10982.650849
14.194335,93,10984.119107
16.959734,176,10987.32487
12.77545,78,10990.769742
17.648642,164,10991.030066
13.0674,91,10991.715534
16.878534,171,10992.632017
-8.25493,108,10993.45466
16.76899,204,10994.077764
11.2692175,60,10994.430861
14.890602,109,10997.223029
16.288275,159,10999.216756
16.719604,172,10999.464439
16.718845,284,11000.273299
13.834122,84,11000.83673
11.224403,85,11001.219981
13.614601,102,11005.514845
15.476049,132,11009.694489
15.482851,153,11009.806953
15.444165,125,11011.988619
16.696217,167,11012.499566
10.833868,59,11012.620029
14.890022,157,11013.127959
13.595371,128,11014.395976
16.651176,146,11017.550714
15.201829,143,11018.169983
17.000372,160,11019.739726
12.312608,70,11020.801592
14.487913,102,11024.637574
14.435219,131,11025.296094
13.965799,90,11028.668986
15.639627,125,11029.020918
13.2295065,105,11032.051477
16.603073,178,11032.984473
17.45798,172,11033.348087
14.8552,115,11034.32499
12.727918,60,11035.771619
15.876967,166,11037.088402
13.0954,69,11041.212388
13.207366,107,11041.715019
16.731539,163,11043.975579
16.30289,158,11044.109715
14.7317095,104,11044.476652
13.69437,113,11049.389361
17.200134,162,11052.723406
0.56380767,600,11054.009452
11.316139,53,11055.616617
14.506868,132,11057.560268
17.63451,195,11057.666163
17.282604,182,11058.800672
16.679047,147,11061.541578
17.111183,169,11064.30655
11.067486,46,11064.306632
-9.831298,551,11064.80757
17.462738,177,11065.654953
-6.5986257,246,11070.646683
14.096504,112,11070.902581
17.029718,174,11073.503106
16.70522,162,11074.882479
17.06245,179,11075.363844
11.538489,41,11075.4749
13.037653,99,11076.090752
16.398195,168,11077.655901
-5.0842304,145,11078.826468
14.6872425,136,11080.581867
2.770036,600,11081.174392
10.955587,49,11082.018879
16.506233,162,11084.983694
13.976738,94,11086.207163
16.894789,159,11089.745838
14.8324795,147,11090.927012
12.118341,93,11091.520546
12.673863,109,11091.743297
11.35518,48,11091.743355
13.885096,88,11092.383623
13.906844,235,11092.770826
12.429294,78,11094.248183
16.025486,131,11096.689847
17.368305,163,11097.082494
17.2252,183,11097.235185
12.980486,67,11097.848097
12.153801,70,11099.395046
13.023876,68,11100.021908
11.907592,73,11101.521072
11.981468,79,11101.879247
16.320772,231,11103.081958
14.28329,124,11106.748065
12.96289,92,11108.221954
11.920242,44,11108.463989
12.74086,81,11109.777004
12.05695,47,11112.38055
17.739496,182,11113.44693
16.551483,142,11113.802871
14.979916,139,11114.537165
15.907698,132,11115.269191
13.9924555,116,11115.479955
17.759449,199,11118.206596
12.759768,89,11118.955484
-10.056199,69,11122.103979
15.613475,123,11124.466357
17.538166,190,11124.70905
12.88897,86,11125.529542
13.50431,113,11125.887298
11.070813,45,11129.847676
-7.3201294,273,11129.968382
13.877062,109,11131.126364
13.562565,110,11131.918151
16.336317,152,11132.610753
15.971406,177,11134.465301
12.595501,78,11135.107826
13.807434,124,11136.763493
15.77086,241,11137.115784
16.947943,189,11137.959282
12.560126,78,11139.061826
12.498015,66,11139.753742
15.06915,134,11140.623394
14.582008,102,11143.264764
16.423174,159,11144.51776
12.381418,65,11145.028032
13.558657,85,11145.449283
13.785731,84,11150.033528
11.656345,59,11150.490387
15.631006,180,11151.634322
16.896946,158,11151.754313
16.324001,158,11153.663857
15.893213,132,11154.028412
17.062405,156,11158.040591
14.466104,127,11160.008593
13.816704,125,11160.250831
16.181866,162,11160.393584
13.564456,85,11160.39365
13.827261,87,11161.14447
14.953636,138,11162.26972
12.49612,88,11162.53253
13.025581,73,11162.671644
12.616964,77,11163.543258
-9.984321,9,11163.79098
16.08341,139,11247.324592
12.763231,88,11247.562636
12.732986,93,11251.003095
13.336975,106,11251.870449
13.259831,99,11253.973927
14.105382,117,11256.34348
12.808773,150,11256.981699
15.315435,141,11257.832846
17.118402,161,11258.431892
15.93191,149,11259.023983
17.248611,185,11260.884466
15.09195,133,11262.89064
12.366071,63,11263.700003
15.758861,145,11264.532986
13.929329,123,11266.273142
11.932666,44,11268.857061
14.5235815,100,11269.487193
15.571798,147,11271.161222
17.313765,183,11272.459512
13.36779,77,11273.523777
14.493736,126,11273.664706
15.273547,155,11275.074244
14.652699,108,11275.571467
16.745163,155,11276.459718
12.643329,60,11282.464072
16.378775,139,11285.117582
17.764297,212,11285.605675
16.316374,166,11285.719749
-8.158834,594,11286.335152
13.147206,91,11287.181242
15.689152,137,11287.330723
16.318138,155,11287.688941
15.538926,149,11290.029012
15.852001,141,11291.727933
16.773567,163,11292.927631
17.080965,168,11293.378555
13.029765,83,11294.981385
12.825336,88,11296.083952
12.852659,83,11297.01713
14.95138,111,11300.495071
12.651165,64,11300.982905
16.658228,162,11301.806954
15.028917,136,11301.935387
15.192703,132,11302.072109
-9.408672,21,11304.647957
16.634098,146,11307.590508
17.55728,166,11307.590579
12.67173,78,11309.940024
16.058239,164,11311.424445
15.916256,160,11312.172425
15.877708,152,11314.278569
13.737368,107,11314.652926
12.77387,85,11317.662114
16.660004,181,11318.766314
14.826892,143,11319.143758
-6.51297,202,11319.292773
14.297688,103,11319.955426
15.142317,144,11321.965201
14.012063,115,11323.811822
17.300379,194,11324.389793
14.189871,105,11327.156581
11.875011,43,11329.695016
15.980081,131,11330.656451
13.292141,75,11331.132518
17.571692,164,11331.975224
15.544683,122,11332.523001
13.86212,113,11333.612189
16.327719,213,11336.995443
-5.2864923,116,11337.717218
15.9588,156,11337.947225
13.264837,72,11339.112035
12.903702,90,11341.75899
16.748547,147,11347.235674
17.528267,176,11348.186378
16.378736,140,11348.63189
14.625547,104,11350.445512
12.661549,101,11351.278234
14.637802,122,11352.324476
17.359207,190,11355.264614
15.126263,152,11355.264677
17.440165,189,11356.22586
13.514748,79,11357.67693
11.020126,46,11357.924994
16.274048,137,11358.315179
14.435516,99,11362.355253
16.152416,135,11363.447349
-6.7935286,108,11364.32501
14.924111,133,11364.663486
14.388519,102,11367.534633
13.93306,108,11368.295693
17.350447,408,11368.401729
13.900143,108,11369.23628
-5.1502776,109,11370.99197
14.124208,110,11371.459335
13.206143,78,11372.725291
12.098996,75,11373.244959
11.249453,43,11376.596561
13.188345,80,11377.901842
16.473368,142,11379.404914
14.148018,508,11379.943446
17.299038,189,11380.432364
14.609405,128,11383.586516
13.964405,134,11383.586582
11.789594,41,11385.270088
17.473568,176,11385.732062
14.395712,128,11386.332805
16.41883,162,11388.513756
15.696501,149,11390.60837
15.230874,114,11391.578357
12.254386,74,11392.401442
15.293451,122,11394.359918
17.579786,180,11394.742687
16.687086,173,11397.248095
13.316299,94,11399.708203
16.248756,135,11401.223982
11.605009,61,11401.579786
17.270678,157,11402.174396
14.288944,101,11402.524106
17.560434,197,11402.776516
16.346571,168,11405.702464
11.1068325,40,11407.434946
14.523338,135,11407.669996
12.670384,61,11409.590167
17.283285,200,11410.179928
14.728513,130,11410.300659
14.569738,111,11413.141116
16.460876,187,11414.762242
14.877906,113,11415.27898
13.781053,119,11415.637755
17.058767,167,11417.279396
12.141401,69,11418.623515
13.640739,81,11419.341207
17.128666,173,11423.609324
15.51316,150,11423.722449
17.190845,167,11427.548092
-6.017146,157,11429.169434
17.497314,181,11429.565744
15.6320095,123,11430.528796
13.20783,95,11430.880338
16.34774,167,11433.271465
15.913027,153,11437.035137
17.260551,188,11437.410939
13.0494,70,11437.545085
17.560602,168,11437.545148
15.6571045,123,11438.504578
15.390088,141,11440.830492
13.972965,106,11442.246039
11.330725,31,11442.246111
11.97283,71,11445.616127
13.7376,103,11445.616214
17.01223,162,11447.024771
14.838692,140,11447.644088
11.900492,54,11448.796572
14.866071,108,11450.565585
17.649944,170,11450.90067
13.83509,85,11452.366743
15.069612,127,11452.749917
14.717952,133,11453.361762
14.874086,110,11453.970719
11.709146,73,11454.331676
16.06856,334,11455.438029
13.271887,88,11456.185808
13.9681015,109,11461.757091
13.670992,80,11462.947212
15.20218,125,11465.788625
11.696166,41,11466.625229
16.331444,140,11467.239001
16.407597,175,11467.903141
11.842231,45,11468.271164
13.175656,133,11468.628349
14.954741,143,11469.478792
17.777195,187,11469.933859
14.697779,134,11469.933938
11.03918,35,11472.19141
15.470991,151,11472.403364
-4.4885364,136,11472.403438
11.248762,57,11472.662114
11.290361,44,11473.948238
16.895454,188,11477.895891
14.332129,103,11482.01935
13.385533,81,11482.497594
13.568275,109,11483.218334
16.81936,147,11484.470335
15.423115,157,11486.203012
15.026319,118,11486.44236
-9.183333,144,11487.441563
11.315575,32,11488.257113
12.277878,51,11488.645868
15.957525,135,11488.760275
17.368023,175,11489.482745
-9.355194,32,11490.067947
16.872517,150,11490.554721
14.28314,154,11496.629319
13.801701,98,11500.565901
16.578785,145,11500.670359
17.503994,222,11500.782259
12.468296,107,11501.428553
11.893796,45,11501.914952
14.339294,100,11502.522628
14.2291355,123,11503.00267
17.3534,177,11503.266453
14.51687,136,11503.7252
15.954712,153,11504.78599
14.955073,133,11505.956506
11.822572,42,11507.442276
-9.49719,15,11507.724982
15.065291,153,11507.725068
12.113264,52,11508.068202
12.356452,65,11508.443452
11.811382,49,11509.065723
11.207455,29,11511.031076
10.885617,28,11511.146736
14.310793,101,11515.821973
15.76922,126,11516.521322
11.850012,75,11517.468065
14.712195,113,11518.318649
15.116069,129,11518.468539
-8.849309,92,11518.82097
16.26261,163,11520.05744
14.21796,102,11521.366619
17.542542,178,11521.972485
15.2782,120,11522.532743
12.975645,86,11528.669044
14.78536,105,11530.066839
13.909135,115,11530.324917
13.056843,76,11531.034565
13.482197,93,11531.162818
16.652998,177,11532.422493
-9.3084135,24,11534.166937
16.105616,134,11535.016212
11.701393,39,11535.127578
15.840128,146,11536.086109
16.099554,169,11536.222971
13.307136,74,11537.675375
12.548183,82,11540.066154
13.782106,86,11544.483381
14.794818,193,11544.598361
17.690514,200,11546.680017
15.626331,124,11549.874301
14.618319,129,11550.545702
15.353639,121,11550.668332
13.117728,94,11551.277825
15.258919,118,11551.731195
16.810705,179,11552.528175
16.100645,171,11552.889365
16.552643,142,11553.008153
10.879149,43,11556.799936
-5.8610277,108,11559.524318
13.080907,79,11560.706038
17.157215,166,11564.404402
16.546835,167,11564.404475
14.351229,96,11564.53901
13.819757,107,11565.363585
13.450797,90,11570.409062
16.805729,166,11570.523982
14.649094,102,11573.021041
16.921284,190,11573.490499
16.657425,205,11574.514537
-6.7540054,83,11574.618364
16.543892,163,11576.649204
17.693844,198,11576.90365
-7.7890797,106,11577.417536
10.956333,42,11579.797589
15.173742,119,11579.914519
-8.11459,74,11582.743501
16.461908,154,11583.35606
0.44882384,600,11583.498497
14.134306,104,11587.389522
12.535446,90,11587.974468
16.159445,143,11587.974535
13.718361,95,11589.084245
15.0579605,135,11589.725093
16.502102,169,11591.329853
14.796964,112,11593.705067
10.809572,49,11595.689521
13.901259,107,11595.805658
-9.587164,104,11596.181966
16.258493,160,11596.291107
13.403849,89,11598.77414
17.411491,185,11602.357762
16.318245,160,11602.718599
15.20705,113,11604.82377
15.45883,133,11605.079877
16.520237,142,11605.079951
14.138289,92,11606.807146
12.969537,69,11607.072323
15.114976,135,11609.966818
12.369661,58,11612.164049
12.679731,73,11613.958427
14.226826,105,11615.334308
13.98739,91,11615.781546
17.533,239,11616.171854
17.222235,174,11616.507174
14.8362465,132,11618.23704
16.931774,198,11620.036361
16.943056,203,11620.504763
13.734958,83,11625.820824
14.017006,90,11627.074875
12.993158,87,11627.074947
16.557377,179,11628.682606
14.704206,123,11628.825744
16.131714,156,11628.825811
16.11235,138,11628.825823
16.967354,190,11629.798254
14.836622,130,11631.137693
11.107912,33,11632.863948
-9.369171,39,11633.622861
14.37216,123,11635.011772
12.039749,68,11637.012301
12.05819,84,11637.248953
13.488895,86,11637.474271
14.048586,113,11639.443658
17.201021,178,11639.689079
14.931017,164,11640.289566
13.137627,71,11641.929727
13.820968,107,11642.537076
13.434917,102,11643.237597
13.412783,79,11646.344671
15.330463,117,11646.727293
-5.811002,160,11647.809085
12.120924,50,11648.563597
13.262592,76,11649.412314
16.222368,137,11651.364191
-5.4711,134,11653.365553
16.903725,152,11655.637829
15.791503,143,11656.903506
15.340689,125,11658.31753
17.329079,177,11660.913297
11.225528,48,11661.607697
15.031277,125,11661.930871
17.231688,181,11663.909518
15.73645,150,11666.108323
-7.3538346,116,11667.404083
17.023558,179,11668.132647
14.82957,108,11670.166701
12.183103,89,11671.735903
16.93856,198,11672.669161
12.844251,75,11673.01485
17.532341,192,11674.669801
11.841319,70,11676.65219
17.163635,164,11678.388743
14.527014,103,11679.970089
11.494185,48,11680.553855
12.268072,72,11681.86652
16.517853,170,11682.378045
17.09299,169,11682.626056
13.104718,98,11683.758654
16.306229,139,11687.362288
11.8220825,42,11688.003716
12.601977,61,11688.417293
15.2538185,339,11691.170357
16.374577,165,11693.306839
17.059668,231,11694.792707
16.56631,160,11696.716156
12.387312,79,11697.241624
15.579496,139,11697.510916
17.08542,154,11697.769823
11.963781,77,11698.003709
14.019464,102,11703.479427
13.89959,97,11704.852935
17.694878,188,11704.979899
17.140518,182,11706.095381
13.395402,82,11707.426357
11.792067,88,11708.418268
16.707695,177,11709.427163
14.65442,106,11709.739345
11.780655,71,11713.677139
16.726599,151,11714.952304
14.594529,101,11717.327747
17.596754,191,11717.980262
15.413424,118,11720.746055
12.151773,71,11722.595031
17.150646,159,11723.07854
15.040327,112,11723.454801
13.860438,111,11723.701264
16.488876,158,11727.060489
14.222483,383,11729.680086
12.7894745,71,11731.335281
12.894328,113,11731.916899
11.684437,68,11732.036077
17.524769,198,11732.873789
14.719007,133,11733.669
17.615938,201,11739.398271
11.524158,67,11739.883836
12.653908,60,11740.721069
13.802194,89,11741.857823
13.001725,104,11741.967939
13.777202,163,11742.685388
15.020507,140,11743.749343
17.521997,179,11745.020926
14.148726,117,11745.847415
14.932508,209,11745.994136
-4.8344865,410,11747.183745
12.015911,74,11754.040377
15.140263,115,11755.835859
14.901269,126,11756.082741
15.043947,118,11757.119313
14.923775,111,11757.340099
13.659542,97,11757.832244
15.511993,153,11758.584706
14.299219,96,11758.954943
16.088501,220,11759.439862
15.2289715,150,11760.273576
15.552397,184,11761.844964
10.789122,39,11762.070589
11.871402,75,11763.185589
11.101153,65,11764.061301
15.693724,150,11764.171887
12.696053,61,11764.553358
12.775648,75,11765.022216
11.347946,32,11768.044335
12.904058,88,11768.700155
13.364937,81,11770.302102
13.21128,96,11771.327934
12.335749,82,11774.754465
10.862274,44,11775.728567
14.269924,112,11777.028165
16.820747,152,11777.293936
11.291559,79,11777.7607
16.432714,178,11780.921036
12.112241,50,11783.490388
14.987782,124,11784.010352
16.071798,180,11784.156514
17.000128,189,11785.537586
15.190966,119,11786.02674
13.169954,75,11786.388375
16.10766,185,11787.988266
15.496963,122,11792.966516
13.084771,109,11794.465605
14.446712,99,11795.816628
11.7602825,87,11796.297989
12.546629,86,11796.671834
17.088652,181,11797.152532
12.29315,77,11797.524237
14.332208,115,11798.277014
17.337734,280,11798.909402
13.158098,124,11799.539314
10.855514,40,11801.652767
16.467491,168,11807.227324
14.52914,103,11807.227381
11.329184,78,11809.233047
14.529851,101,11811.346424
15.81248,132,11812.540064
16.947897,161,11812.805058
10.832538,22,11814.087138
12.209898,63,11814.978263
16.326567,165,11816.270851
16.670599,158,11817.806952
17.144056,181,11819.455221
17.372753,179,11819.585057
13.59521,85,11819.585104
16.024822,163,11821.678245
12.320654,63,11825.360879
11.215672,37,11826.014042
16.666618,171,11827.955405
17.057852,160,11832.03546
17.050777,155,11833.526849
13.943335,177,11833.874085
14.5657425,125,11834.48613
12.455355,81,11835.779567
17.067026,185,11836.393091
14.777263,141,11836.507045
15.108403,148,11837.161737
16.68519,177,11837.370154
13.715988,115,11839.029122
11.956661,46,11841.91135
12.728231,63,11843.295122
15.914835,173,11908.058823
2.203243,600,11908.291198
16.173674,141,11908.402436
12.639968,70,11909.602716
15.962641,133,11909.865632
15.430921,151,11911.050052
13.55134,108,11911.404764
15.691542,153,11914.110183
17.574581,181,11914.963986
17.079597,166,11916.338086
17.670134,168,11916.801996
14.086559,123,11917.259643
15.437887,125,11924.41999
15.430672,120,11925.635638
16.815994,151,11926.342428
11.6280365,77,11926.451251
17.019558,163,11927.561926
15.893007,160,11929.953572
14.147179,115,11929.953634
15.865932,196,11931.334721
16.462059,155,11932.453407
16.174564,155,11933.265718
15.418054,199,11933.407757
15.962802,152,11934.876363
13.89611,87,11940.305299
14.091727,125,11940.426782
12.955248,86,11942.708818
17.610304,169,11946.622738
15.169367,115,11947.067396
17.391022,175,11947.208575
17.696072,195,11947.672047
11.55921,63,11947.919805
14.608662,126,11948.549761
12.424484,57,11949.683471
16.61223,154,11949.807622
17.036968,165,11949.80768
17.149893,190,11950.369976
15.928104,131,11950.610448
15.283989,120,11955.010999
11.678694,52,11956.75252
12.810381,78,11956.752587
12.83618,84,11956.869707
11.807367,60,11957.014511
15.442167,123,11962.51984
15.197048,139,11963.871955
13.15219,73,11965.699371
15.852821,145,11966.085208
16.447325,155,11966.737952
16.297789,139,11967.491194
14.125412,105,11967.737004
10.883192,31,11967.737065
15.532503,150,11967.998292
16.14805,158,11968.965831
13.698984,104,11969.363351
15.307711,118,11971.219045
12.691817,65,11975.866545
16.497038,171,11977.376866
15.002905,134,11978.838506
14.338299,99,11979.7148
12.722876,73,11979.974483
15.449957,125,11981.8011
16.069033,134,11981.918036
14.932331,145,11985.012462
15.940406,161,11985.680436
-8.307687,56,11986.793433
17.579914,165,11987.787644
16.375515,155,11987.787705
13.6481905,85,11990.129733
15.631706,133,11992.170907
-8.311759,84,11992.436449
13.2516985,75,11994.425759
14.713566,129,11994.779118
13.008037,69,11998.5289
17.233932,186,12000.095447
17.243387,157,12001.040212
12.358843,78,12001.71701
12.49012,62,12005.96069
15.928347,152,12006.193156
14.624306,118,12006.324219
15.994781,170,12006.324276
-9.326601,315,12007.55861
17.707396,178,12008.416404
12.097488,76,12010.29786
17.286198,187,12010.541761
16.769325,149,12012.658092
13.027423,93,12013.05174
17.466438,172,12015.133402
16.16283,165,12020.232972
15.359828,117,12020.373127
13.707924,85,12020.719658
14.209368,117,12020.719717
14.363768,124,12022.732119
15.447178,120,12023.078464
15.086085,153,12025.030774
15.590809,156,12025.3001
17.693289,169,12030.90494
11.013985,86,12030.905002
17.35621,165,12032.650049
13.234103,72,12033.603666
14.941668,125,12035.841762
16.264883,182,12037.305608
16.946579,159,12039.604894
14.64123,143,12040.084476
16.552317,175,12041.428745
12.090223,72,12041.542674
17.651787,174,12044.124726
11.837899,76,12044.999619
16.773602,195,12048.749811
16.053638,135,12049.963418
12.537245,58,12051.074863
16.515915,167,12051.183822
16.860588,172,12051.823189
13.97759,103,12051.95999
13.491572,95,12052.925519
13.376368,78,12054.330108
14.678888,111,12054.644184
17.183676,166,12057.346782
15.801225,146,12057.730599
12.23609,51,12063.954503
14.256763,99,12063.954567
-4.363945,424,12064.556817
14.325251,119,12064.55688
12.901034,81,12064.706444
13.612576,87,12065.088656
14.561846,123,12067.066217
14.951931,138,12069.909627
15.708765,160,12070.739508
17.200634,190,12072.097003
15.031286,133,12073.728829
17.715137,204,12076.275504
13.349708,98,12076.726901
13.870148,119,12078.497856
14.277418,123,12079.583134
11.677154,53,12082.536556
15.501289,165,12084.029952
16.830994,180,12086.486851
17.495892,165,12087.098217
17.152771,184,12087.416121
17.27848,159,12089.056894
16.655535,155,12089.417994
11.7287035,63,12091.560191
14.328451,121,12093.141697
16.708368,174,12094.740836
12.421476,57,12096.505692
14.75001,164,12096.624654
16.1653,169,12100.118176
11.481248,50,12102.74899
16.848797,179,12104.528673
14.223276,94,12104.818944
13.617344,81,12104.81902
-9.09714,275,12105.735979
16.53587,155,12106.574942
14.81434,134,12108.241318
17.226402,181,12108.77022
17.057148,177,12108.901636
15.957367,161,12109.032719
14.180134,109,12110.027436
11.782277,42,12113.961392
11.78194,55,12115.634259
12.576162,82,12116.47262
12.34557,87,12119.244044
10.9638405,44,12119.244114
15.16806,135,12121.175371
16.313164,173,12121.325629
14.116891,118,12122.581858
11.206137,59,12123.686587
11.035504,39,12124.05893
17.109144,175,12126.23439
17.338287,210,12128.537544
16.849861,153,12128.685039
17.498877,198,12128.795093
15.01656,216,12132.007818
13.105715,91,12132.483432
15.314257,122,12136.070315
16.050087,177,12137.153648
15.57518,125,12139.20571
13.611371,87,12139.205769
12.099325,71,12141.117329
10.940416,43,12141.357002
14.18265,96,12143.595228
12.369013,54,12143.70423
16.430729,178,12144.216821
17.257938,185,12146.105827
15.207661,148,12146.493073
10.979295,26,12147.356136
16.851963,179,12147.87596
12.176435,73,12148.158783
16.28959,237,12148.158854
12.320092,74,12149.982114
17.647758,194,12151.89508
15.749268,131,12154.961732
14.1811695,95,12157.877511
13.362941,98,12157.877567
13.520666,92,12159.082408
15.729977,150,12159.33721
16.698341,145,12161.080067
-9.195222,98,12163.611704
16.343458,177,12164.845838
15.830426,150,12165.841766
-8.919837,133,12165.97654
15.796665,157,12166.201808
11.572756,66,12167.303046
17.252253,173,12168.931237
10.9548,41,12169.889283
10.898377,23,12171.696092
17.394539,164,12174.928801
14.497179,125,12176.301317
17.14365,164,12177.72822
17.633907,168,12178.212304
11.862609,42,12181.162554
17.564812,205,12183.610642
13.220232,103,12183.87661
16.051092,146,12184.715252
12.832357,90,12185.41772
16.522987,173,12186.472032
15.667491,174,12186.681957
16.533241,175,12187.003104
17.405903,161,12188.913698
15.150175,127,12193.082066
16.054901,134,12193.443964
11.684521,65,12194.125125
12.069105,76,12196.082442
12.607452,83,12196.533731
14.708715,119,12197.823233
15.7042,125,12199.596825
15.289125,135,12199.96513
17.75543,184,12203.138127
16.060007,160,12204.549481
12.284014,71,12206.333953
15.231583,120,12207.529094
11.6617155,45,12208.444991
14.049808,123,12208.956038
15.093368,123,12211.368938
16.012201,155,12212.090697
17.656645,193,12212.090758
11.818994,62,12214.97688
14.301639,95,12215.974522
17.623343,177,12217.333708
15.350782,174,12221.124327
13.386377,89,12223.047895
16.045118,132,12224.567539
17.66695,216,12225.750467
15.132439,113,12225.853484
13.104492,118,12229.229762
14.866022,150,12229.453094
14.702751,103,12229.841007
17.27518,177,12230.322417
17.522888,213,12232.203305
3.1403835,600,12235.929383
14.771204,108,12237.59012
13.543341,111,12239.114267
17.633564,197,12239.838107
12.19998,69,12240.438785
14.30489,96,12241.461302
15.462371,134,12241.934313
11.100943,27,12242.315587
10.853081,22,12244.088192
14.284713,123,12245.161826
13.631195,103,12247.990476
17.687433,189,12252.594621
14.82745,199,12253.589701
14.3125305,113,12254.326279
15.618601,124,12257.452981
16.798946,148,12257.813467
10.847951,50,12259.446392
17.704702,192,12260.75106
17.141727,171,12262.746117
16.544098,164,12264.077135
16.605053,151,12266.422536
17.425375,187,12267.887122
15.761635,125,12269.171305
12.80461,76,12269.875787
17.376467,174,12273.384652
13.164793,82,12273.848894
16.357374,158,12276.332405
16.605148,149,12277.313068
16.437443,165,12277.539147
13.092684,90,12278.506926
-9.460475,22,12279.861566
15.062557,119,12280.518647
13.275823,96,12281.211168
14.372547,112,12282.419818
14.633092,181,12284.117047
15.454348,548,12286.84637
-6.521367,545,12288.379254
15.640581,149,12291.479419
11.887545,43,12291.954311
13.865871,101,12292.536579
14.847,129,12292.756285
15.882519,168,12293.269665
15.892712,129,12295.151201
16.130964,149,12296.257309
16.017433,171,12296.62907
14.661114,128,12297.673044
14.10083,140,12297.934547
11.489755,105,12300.920541
11.932932,74,12301.636377
13.640977,85,12301.636436
12.841636,65,12303.017445
16.87212,181,12305.839623
14.854265,108,12309.466774
14.542248,161,12311.256593
16.38233,158,12312.177146
15.853895,146,12313.753834
15.97279,138,12314.509796
15.024933,111,12314.968362
14.088816,145,12315.074007
15.679071,131,12316.570867
15.891798,202,12316.696389
16.092379,137,12319.293543
-10.313963,51,12320.466283
16.037369,159,12320.576046
14.879781,108,12322.2875
13.780047,86,12323.806162
15.416367,128,12326.331568
17.493464,177,12326.80018
12.424685,67,12328.249512
12.719358,97,12331.778272
15.589594,147,12332.140517
15.174838,134,12332.275861
14.358173,114,12332.537401
14.548561,174,12332.537454
12.752039,78,12335.356567
13.665129,98,12338.097633
13.751268,84,12341.985448
16.899012,234,12342.222025
17.125925,175,12342.68787
16.29238,224,12342.687943
16.604141,167,12343.289638
14.146534,115,12346.021563
16.42916,144,12349.188336
14.878998,131,12350.698829
15.962242,162,12350.807278
17.535683,197,12351.313913
15.666854,171,12352.638358
13.569721,128,12353.183858
13.947889,104,12354.524052
15.097172,114,12355.489961
13.701606,109,12355.607792
11.103872,52,12356.907566
13.324621,76,12359.861229
14.562222,103,12361.378803
14.340971,98,12362.972888
16.970533,186,12365.403758
14.458329,115,12366.941211
12.913968,99,12367.317103
-4.2762127,209,12367.608601
16.025574,185,12368.116217
13.469078,96,12368.473282
15.786062,131,12371.391849
11.238594,31,12371.847141
16.849617,164,12372.317408
12.658981,64,12373.149721
12.202592,57,12374.20472
13.616108,97,12374.683609
12.385134,65,12375.411728
14.150409,118,12375.659839
16.189548,140,12376.734701
16.963497,212,12379.968691
12.186839,58,12380.089454
13.513925,79,12381.269094
15.519472,131,12382.782281
14.012098,100,12384.268892
14.00914,98,12385.990152
14.666081,108,12387.640045
12.4429865,56,12388.028064
16.314215,140,12388.15053
13.416332,119,12389.983179
14.046619,119,12391.068125
17.73463,198,12392.361071
14.375849,107,12392.978977
15.100953,127,12395.423537
14.486503,115,12396.515606
17.716606,200,12399.728696
12.551792,106,12401.041612
14.829908,110,12401.17436
14.793875,144,12401.796534
12.392319,103,12403.602551
11.1350765,38,12405.494115
13.265471,105,12408.200199
15.951229,152,12408.479365
16.38622,141,12410.009014
13.367416,97,12411.292079
17.257719,196,12411.889383
16.42195,169,12412.705354
16.86374,236,12414.613554
16.663397,150,12414.830499
14.736351,123,12415.911625
14.934689,123,12420.362426
17.032959,159,12420.955984
16.753931,149,12421.490074
14.797863,129,12423.655294
13.364674,103,12424.240978
13.4479,86,12426.211041
14.431725,124,12427.70045
16.216368,147,12429.047935
12.521577,65,12429.419272
15.146946,126,12429.784558
17.730175,180,12430.172945
13.322705,90,12431.777707
12.258284,81,12433.421347
16.938568,159,12433.885259
12.707111,89,12435.002028
14.983032,134,12436.573634
14.011795,90,12441.169301
13.87405,110,12443.946466
15.124275,133,12444.31087
15.582328,131,12445.382612
15.449795,140,12446.788346
13.090296,101,12449.218412
14.965633,132,12450.414391
17.34216,201,12451.010327
16.21851,158,12451.33712
17.13318,158,12453.04747
11.378032,57,12453.615955
15.821772,154,12454.0813
14.997734,110,12454.328651
13.980143,93,12455.573755
14.018787,102,12456.300385
12.002692,74,12458.18134
10.7974205,79,12461.015266
11.500942,54,12462.094545
15.095491,138,12462.094612
11.562344,82,12463.087413
13.387028,82,12464.476138
15.418591,123,12465.449464
14.287607,123,12469.221568
15.7358265,501,12471.198256
17.568544,185,12473.633796
17.37629,171,12474.568836
16.273243,153,12474.916957
14.5704155,110,12475.519232
-8.990223,27,12476.874143
16.905575,177,12479.686295
17.033691,159,12482.462943
17.162485,157,12483.759269
17.436312,192,12484.665857
13.338135,83,12484.9244
17.41198,196,12486.32213
15.2530155,141,12486.702499
14.134386,133,12487.616266
13.619141,106,12488.080824
16.611942,191,12488.925549
16.10025,138,12492.558441
13.123089,92,12493.900836
13.565524,86,12495.378179
13.153934,71,12496.667787
15.415224,148,12497.979967
12.613097,122,12498.539565
12.373798,57,12499.355235
14.633349,136,12503.000072
16.706825,148,12504.049361
17.533133,177,12505.975056
16.421816,142,12505.975112
17.095068,207,12568.083438
16.03909,161,12568.764427
15.402142,138,12570.15033
16.498978,168,12571.018406
16.581776,160,12571.381224
11.977979,50,12574.0405
17.452143,166,12574.838111
17.074009,185,12576.25501
11.64328,43,12576.503696
12.050671,49,12576.87634
13.271542,380,12578.51133
15.112638,162,12579.116199
16.253914,179,12580.117955
12.655422,61,12581.497091
15.741573,177,12582.897761
16.037325,188,12584.191152
15.345493,148,12586.610832
15.206142,138,12586.728528
13.610334,89,12587.101254
15.717222,127,12590.146077
11.521758,37,12591.132506
14.578107,140,12593.374201
15.085325,145,12595.957666
15.105922,139,12596.83428
14.372661,119,12597.195612
13.731335,91,12598.045174
14.90771,171,12599.627639
17.480766,200,12600.964851
13.993631,96,12601.700232
13.453259,101,12603.182284
17.720722,184,12603.430075
13.117397,72,12604.522731
14.4863,100,12609.015988
16.710117,225,12610.998818
13.052277,100,12611.454784
13.357121,79,12612.807373
17.412033,225,12613.417177
14.712465,106,12613.5534
15.919464,157,12616.662731
17.545681,196,12616.777035
17.205248,185,12618.842354
13.889295,88,12619.512149
11.78635,71,12620.008499
16.560799,155,12620.120075
15.185419,163,12622.671612
11.153709,51,12622.797408
15.180299,128,12626.504711
15.328272,119,12627.209783
17.712477,194,12627.864145
13.636909,89,12629.74506
15.880472,154,12632.194005
15.327314,156,12632.57193
14.799479,108,12633.27386
13.490843,90,12633.709432
14.554976,107,12635.817435
16.264729,142,12636.833402
17.074167,174,12637.96099
16.520138,147,12638.080414
15.766306,154,12645.253556
14.323241,97,12645.5087
16.815712,177,12649.318494
14.411299,143,12650.494832
13.530629,115,12650.733243
16.649288,179,12651.369359
17.129602,159,12651.36944
16.477394,163,12652.156597
15.374338,119,12652.418365
17.309137,208,12652.418432
15.089399,138,12654.59327
16.441439,159,12655.05102
13.959947,88,12655.797936
14.3728485,96,12656.962571
11.915546,57,12661.900574
11.779725,76,12663.770404
15.65229,126,12666.014411
15.412127,139,12666.136193
15.631473,128,12667.902659
14.735712,147,12668.226163
11.897914,44,12669.052676
12.462201,59,12669.052733
16.270527,142,12669.593339
16.199272,137,12672.670201
16.60826,181,12673.566619
17.713951,176,12673.843946
12.361106,57,12676.488413
17.06162,158,12676.630767
-6.61187,222,12678.675674
13.9862795,109,12681.638314
13.563898,90,12684.80608
17.243185,159,12688.141126
16.902231,179,12688.274671
15.183022,125,12689.058741
17.110401,161,12689.310673
17.562897,189,12689.685128
15.033461,112,12690.439399
16.20921,151,12691.339746
17.042646,180,12692.024465
11.331035,54,12696.193253
15.338409,120,12696.328167
17.176651,174,12697.824131
12.7684765,81,12698.047017
17.055965,202,12703.510337
16.805267,174,12706.326223
17.486122,165,12708.56615
13.051355,92,12709.421557
17.04887,178,12710.925255
15.157617,177,12711.058564
16.723286,171,12713.108993
14.509121,178,12713.218891
17.136795,192,12713.946399
13.21278,82,12716.323585
12.725261,63,12717.038552
17.253592,174,12717.49469
17.33861,179,12718.22507
17.602665,171,12718.721331
15.079321,135,12719.898295
13.693258,83,12720.855001
13.863614,115,12722.412311
12.87289,79,12722.643553
12.295641,55,12722.89098
12.711755,61,12724.95194
12.843848,98,12724.951999
11.400204,33,12724.95201
14.97986,124,12726.032274
12.188013,60,12726.03235
14.519388,101,12729.317655
11.590907,38,12730.669564
13.543316,165,12733.985117
15.409649,138,12735.109339
14.772381,136,12739.221021
16.028708,163,12739.736709
17.101149,162,12742.677141
16.868822,152,12743.37107
15.591114,153,12743.476167
16.548798,174,12743.594321
16.299824,157,12743.990458
-8.797885,41,12744.726049
14.30736,117,12744.835005
16.831198,157,12745.068441
14.341841,99,12745.957681
16.584179,172,12750.311684
13.895067,93,12754.928793
14.593262,138,12756.041883
13.250288,107,12756.553423
13.230213,114,12759.803164
17.735016,215,12761.119588
17.476288,163,12762.421782
16.799522,152,12762.421858
16.358448,146,12762.527734
17.075514,158,12762.527792
14.026611,156,12763.480931
17.24862,162,12764.569823
11.480707,82,12766.626381
15.595556,147,12768.407461
13.104974,71,12770.051955
14.732113,122,12771.14816
11.2762375,63,12771.621047
15.989073,142,12772.441038
11.985142,56,12775.111338
13.756281,108,12775.975284
15.698039,139,12776.985516
15.833304,128,12778.307816
16.016363,135,12779.154005
12.930762,75,12780.296397
15.891334,160,12782.436653
11.869415,64,12783.910634
15.95639,158,12784.392625
17.274319,167,12787.184252
15.8757305,146,12789.483752
15.32945,148,12790.498194
13.689948,102,12790.724751
13.877444,87,12790.860473
17.089916,176,12791.481289
12.21671,67,12792.007644
12.718294,83,12792.517813
16.583313,161,12796.51852
13.073671,84,12797.375352
12.714312,66,12800.076366
16.27343,172,12800.219188
13.9374275,88,12801.248977
11.363464,34,12801.502687
15.434469,141,12801.502751
16.073914,217,12801.622997
13.815007,99,12802.981169
14.530865,100,12802.981242
13.273525,97,12803.358262
12.739152,102,12804.862024
-6.48027,145,12807.023162
11.858664,46,12808.860014
13.0740795,119,12810.991097
-8.055305,80,12811.263414
11.322872,73,12811.776718
12.972924,106,12814.073204
12.067656,94,12814.336047
15.756672,132,12816.117821
12.79933,82,12817.142519
12.633914,80,12818.735404
15.16482,116,12819.098387
16.575527,146,12819.342072
16.370796,161,12819.810798
16.787125,152,12820.092094
13.472778,84,12821.684696
11.847734,43,12825.115936
15.044092,112,12827.833999
12.204502,70,12828.647723
11.777681,62,12829.267516
15.497183,134,12830.831759
14.063675,125,12831.446723
12.614608,59,12832.363241
14.701464,124,12833.893434
16.84524,188,12834.124318
16.80597,203,12836.63074
16.751434,164,12837.061154
-9.15069,39,12839.247294
17.759354,172,12840.721136
12.865299,90,12842.303055
-9.403439,66,12842.428001
-8.892425,116,12843.291728
17.781391,203,12844.393849
12.413094,57,12846.358978
14.757247,118,12847.147069
11.120959,40,12847.285281
17.194633,158,12847.659553
16.136496,154,12848.537385
16.197617,141,12849.100465
13.663057,83,12850.879626
14.139887,92,12854.364755
12.285368,78,12856.513421
14.080332,92,12857.341643
16.877857,166,12857.70266
-6.893674,97,12858.999107
12.698503,84,12859.267647
-6.3229146,91,12861.896286
-3.804267,163,12864.086248
16.94079,154,12866.167367
-5.3538055,255,12868.017821
13.459016,79,12868.538468
-8.930758,39,12868.776634
17.02711,230,12870.060701
14.647936,112,12870.060764
13.7059765,101,12871.299987
14.26441,118,12871.545105
11.2757435,48,12871.919756
13.483428,154,12872.862997
12.433342,57,12874.693257
13.752719,149,12875.529425
17.100693,226,12875.529493
12.046435,71,12878.496842
15.017323,139,12878.496906
-9.108975,27,12881.728796
12.850801,87,12881.72886
15.2829895,116,12882.351555
12.846175,64,12883.37183
-6.843854,85,12885.074562
15.135242,118,12885.802958
16.75261,151,12886.917897
15.667337,146,12887.670564
11.134894,77,12887.886711
16.38453,140,12888.821951
11.622429,48,12891.66455
17.269062,160,12892.269599
15.616254,145,12893.153917
15.010376,115,12896.176677
12.8517685,94,12896.305295
11.895416,45,12898.57878
15.43585,145,12899.301055
14.274823,97,12899.564232
-9.310188,35,12900.668823
15.60392,123,12901.678679
14.943525,132,12903.547024
14.067581,95,12903.673429
-8.837582,31,12904.417644
16.85875,188,12904.536384
16.063946,134,12905.06062
-9.882501,182,12905.401081
16.259422,151,12909.877039
12.447941,80,12913.425852
-7.95551,139,12915.545578
14.885965,108,12917.685757
13.9479885,113,12919.190367
17.466578,163,12919.437063
11.281162,54,12920.095798
16.676397,147,12922.362491
16.14179,159,12922.996979
16.051554,149,12923.232317
17.282207,200,12923.715662
17.151283,253,12927.327123
12.315849,54,12929.800972
13.378628,94,12931.135122
13.247344,78,12932.084898
13.264959,84,12934.189988
17.759974,184,12938.307776
17.386717,172,12938.993093
13.393982,76,12939.122451
15.513311,238,12939.267322
16.432362,161,12939.990942
13.018278,82,12941.278008
16.491741,157,12942.747813
10.835866,36,12943.727722
15.244003,144,12945.125855
14.233412,108,12945.466581
11.84054,67,12948.237875
14.762462,128,12949.906344
11.294503,51,12949.906399
14.910368,120,12953.742249
15.234915,130,12956.977451
17.39146,452,12957.087297
12.771236,84,12958.250351
12.360889,54,12960.186992
16.866236,180,12960.81837
17.736076,173,12963.603469
16.760374,154,12963.961245
12.20619,51,12964.428111
11.487831,39,12964.938955
16.585522,177,12966.357859
15.582295,387,12966.485202
16.282246,143,12967.114693
16.754528,148,12967.74187
12.530697,105,12969.698271
14.124752,118,12971.412212
11.533666,95,12972.525403
13.325966,84,12973.942546
13.154182,96,12976.714216
12.259291,58,12979.485811
14.693907,341,12979.738469
12.634275,85,12980.099212
12.102984,60,12981.166419
15.291897,123,12981.438969
12.234108,87,12982.034028
15.338005,134,12983.396536
15.051391,129,12983.396594
17.65768,171,12985.06811
12.130792,50,12985.330387
16.66022,185,12986.31005
10.942036,42,12988.373964
12.163141,71,12989.540245
17.050373,224,12993.391919
13.979613,89,12995.932896
16.339691,163,12996.049836
16.516212,142,12996.900746
14.796057,132,12997.565526
16.673702,153,12997.778914
17.408644,165,13000.878397
14.5150585,129,13001.626549
13.781342,114,13001.90517
14.754172,141,13001.905228
11.388401,52,13003.032159
11.976432,70,13004.215368
17.525143,181,13004.780115
14.075214,97,13004.89423
15.441988,137,13005.667036
11.155344,44,13006.68627
13.604047,88,13008.076941
12.10601,67,13008.641564
-8.309531,46,13010.145978
13.096461,85,13011.685549
15.806938,151,13015.305554
12.782678,68,13016.095881
14.017832,88,13017.029242
13.529978,111,13017.749437
15.117744,141,13018.341368
14.195684,123,13018.616598
15.658956,137,13021.855134
14.82788,117,13022.57982
11.536153,230,13023.20032
16.291803,172,13023.3078
11.186071,51,13027.737851
11.775013,42,13028.107928
14.974602,110,13029.101926
-9.647908,13,13030.594312
15.411137,131,13030.708675
14.788364,121,13032.844031
17.68447,199,13033.69155
17.713287,190,13034.164884
14.586462,101,13034.405146
11.4062805,56,13034.405199
12.333883,55,13034.640234
17.346441,178,13038.114586
16.365335,143,13040.088796
11.809748,80,13040.214242
17.501217,184,13040.214306
12.602539,66,13042.515926
14.918081,114,13044.233435
14.646604,105,13045.296417
12.970574,67,13046.013003
14.695545,105,13046.807282
11.102051,26,13047.272011
11.781329,44,13047.649336
11.691995,66,13047.751931
-9.914372,8,13048.205025
12.641102,71,13048.464287
14.029223,273,13050.015611
16.20122,157,13052.98057
-6.8638325,169,13054.190952
13.950655,182,13055.272311
12.228811,84,13056.05725
15.891072,136,13056.323267
12.40328,55,13059.6518
14.819071,107,13060.591447
11.336971,59,13063.388125
14.450382,131,13065.788661
15.888674,164,13066.51937
17.13349,193,13068.388548
14.944281,178,13068.962362
15.379038,173,13069.201931
16.501236,182,13070.11241
15.208286,139,13072.069886
15.580805,139,13072.769652
13.688736,83,13073.314493
14.558356,109,13073.683624
15.238425,166,13074.131377
12.074361,68,13074.583237
12.998242,71,13077.436415
15.686034,151,13077.696977
11.863748,75,13078.167132
14.512664,102,13080.52373
13.583503,97,13081.52909
13.600856,83,13082.496845
17.172052,158,13084.505045
14.336025,107,13086.731365
14.72415,130,13089.009634
14.982849,124,13089.222633
12.518521,72,13090.025371
-6.5494356,111,13091.275393
16.519802,143,13094.389766
16.453882,148,13095.184352
13.392077,104,13096.889749
17.737373,199,13096.889809
12.464157,58,13097.007662
16.129507,145,13097.799738
13.959406,111,13099.939326
17.500471,241,13100.538664
15.632094,152,13100.538723
11.583163,61,13104.11339
13.38802,86,13104.592402
14.102431,91,13105.982588
16.283209,155,13107.663493
15.85966,158,13107.799427
16.972431,178,13112.405308
12.027374,84,13114.50881
17.282488,161,13116.81512
17.209015,183,13118.881739
15.998192,163,13119.430322
14.20821,99,13119.565832
17.576641,191,13119.707823
17.749163,170,13120.856579
14.181374,112,13121.232057
16.549133,190,13123.340686
13.628367,81,13124.403713
13.535475,79,13126.449347
16.761286,189,13126.805593
17.524157,178,13127.343036
-8.114052,79,13128.870771
13.435423,83,13131.062008
11.668766,40,13132.017965
17.697115,191,13135.065364
15.854562,153,13137.721354
16.35759,165,13138.276442
16.975645,158,13139.407709
16.521042,171,13139.653364
13.746061,140,13142.717538
16.484398,177,13143.942818
16.032082,149,13144.070114
11.5491905,60,13145.191009
13.450577,89,13145.42754
13.221674,128,13146.847301
17.415808,209,13148.897157
14.18374,154,13149.16255
11.739713,176,13149.530014
13.928824,103,13151.643146
13.761937,117,13153.500547
10.799604,34,13155.615702
12.055036,62,13156.403388
15.846931,128,13157.790875
13.296724,80,13158.273006
13.86291,91,13160.185789
15.060765,128,13160.412817
17.49665,195,13160.633555
15.6142435,156,13162.529501
17.286373,158,13162.642588
15.805817,138,13163.195798
11.622066,42,13165.631549
16.534834,175,13166.234208
11.282208,85,13167.904805
13.941839,101,13168.365193
12.378781,54,13227.42471
15.199579,139,13227.662526
-9.819283,18,13228.246531
13.465481,78,13229.718076
-9.946251,23,13231.068205
15.792475,128,13233.491969
16.569775,170,13233.625606
17.6269,172,13236.539472
12.98536,80,13237.029571
14.38045,134,13239.376905
15.1196785,116,13239.51408
14.079502,104,13240.111799
13.918022,189,13240.459355
11.998819,49,13242.393533
17.510975,207,13245.024275
14.12172,110,13246.705871
12.130013,53,13248.776054
13.063563,83,13250.070904
17.385855,181,13251.34317
16.775915,176,13252.027764
17.33199,166,13253.152818
15.387772,123,13254.0304
15.242734,123,13254.14041
12.748969,83,13254.80589
13.517641,87,13256.899684
13.643307,88,13258.972138
16.671787,169,13260.454431
12.2676935,78,13262.373227
14.141781,119,13264.015268
15.488562,125,13265.98034
17.331448,246,13266.10552
13.775652,104,13266.345627
15.856933,136,13268.020997
15.947252,131,13270.434545
16.259119,140,13270.656632
-8.782092,47,13271.920208
10.825555,22,13273.066872
14.307959,125,13274.000213
16.263138,163,13276.358748
14.4987335,105,13278.691591
17.686039,462,13279.068285
15.944189,165,13283.892222
16.848518,186,13284.719476
17.092394,156,13285.210515
-2.681233,214,13286.214916
15.52563,141,13287.654628
16.876537,166,13288.119978
13.149147,92,13290.105393
14.106169,123,13291.179747
15.1098795,149,13291.931101
15.735235,161,13292.442859
12.506723,72,13292.555731
17.11324,180,13293.54832
14.139477,95,13297.696238
13.012889,92,13301.244321
17.079536,184,13306.892493
17.462132,185,13307.507089
16.58061,169,13307.983174
15.943783,142,13308.365696
-5.7480564,124,13308.511601
15.497282,147,13309.691487
17.586721,189,13310.903883
16.272566,155,13311.269544
16.16701,163,13312.084113
16.422607,279,13312.299959
14.743064,140,13314.35572
11.648165,64,13316.097437
12.6365,68,13316.097503
15.397911,132,13317.079614
13.621578,81,13318.010348
14.880615,112,13320.83099
13.528727,101,13321.721384
12.741413,67,13324.125931
15.778362,157,13325.664979
-7.348716,72,13326.574058
14.256143,94,13327.287178
17.093285,161,13330.164221
10.927676,44,13332.02147
17.690859,181,13333.012816
16.79358,184,13334.182905
13.942703,110,13334.182972
12.628092,106,13336.885329
16.808659,179,13338.591676
16.812782,207,13339.339579
10.8561735,78,13339.581162
16.769508,169,13342.101604
15.992315,152,13344.119424
12.3738575,119,13346.383316
16.882498,161,13346.876374
15.317148,119,13348.556931
13.02336,94,13350.07973
15.35507,156,13351.835708
15.752584,149,13352.233295
12.393223,56,13353.256713
13.127822,95,13353.73527
13.217619,127,13354.984471
15.052715,136,13355.762962
12.326334,53,13356.353171
12.456299,82,13356.742231
16.875635,168,13357.195143
12.876007,144,13361.382084
12.149579,49,13361.613447
12.286068,67,13361.613508
12.019206,63,13364.253898
15.099162,125,13367.997827
16.442774,170,13368.813483
15.544199,161,13370.94348
15.468027,158,13370.943544
14.69948,142,13371.807913
-9.075564,508,13373.20979
15.800245,159,13375.16931
11.7201805,40,13376.476852
17.67382,167,13376.952783
16.97293,161,13380.460811
16.871958,160,13380.588017
16.47612,168,13381.483754
13.4505625,91,13381.762012
-5.115752,150,13382.026512
14.919811,120,13382.287839
13.094764,99,13382.771401
13.442057,100,13387.077424
15.552143,124,13387.90743
16.800758,163,13388.149109
12.535332,61,13389.949376
15.654369,143,13393.607036
16.690699,147,13394.624494
13.43667,109,13395.08791
14.168213,118,13395.940272
14.428857,117,13396.306853
16.120565,162,13400.029009
13.642835,85,13400.283027
13.89892,107,13400.930205
17.689875,184,13402.590579
17.621258,182,13403.490991
15.524163,144,13404.591588
11.229637,52,13406.434356
13.845935,89,13407.124217
16.819153,161,13407.699232
14.138073,109,13407.819422
14.100126,110,13413.614267
15.903358,155,13414.718417
17.122501,182,13415.688656
17.59764,172,13415.975183
15.14337,114,13416.478601
12.507218,79,13416.719556
14.158023,100,13418.515484
13.365951,91,13418.802125
13.852828,104,13420.405025
16.241179,140,13421.472369
16.560167,171,13421.60367
-9.488845,44,13426.851594
13.332126,99,13428.681562
14.255323,112,13429.294295
13.793952,130,13429.408187
13.438744,98,13430.625046
16.43871,140,13431.647778
15.756493,134,13432.143981
15.45554,144,13435.681557
16.926884,171,13436.898058
16.225386,151,13438.515992
14.448969,101,13438.881827
14.085962,128,13444.585738
14.978621,115,13445.354
17.448952,205,13446.175953
-5.072028,358,13446.550306
-9.917124,9,13447.622435
17.070131,170,13448.994833
14.956568,110,13448.994894
16.460297,170,13449.524898
15.776194,152,13450.250029
17.471107,173,13451.174542
11.188889,29,13452.379006
-3.9315147,147,13456.463968
13.343062,93,13456.46403
17.739164,178,13458.242081
12.163914,51,13458.488416
13.42582,91,13459.773525
14.849779,123,13460.830604
17.411526,190,13461.218626
17.43707,170,13464.858207
-7.959655,49,13466.559594
15.829467,148,13467.075168
15.854241,141,13473.19807
13.626953,105,13473.66469
17.412827,191,13473.891179
15.992775,139,13474.989999
16.676655,156,13474.990071
17.527575,243,13479.070491
16.598007,269,13479.530361
17.676132,169,13479.746294
16.789967,186,13480.219927
16.504269,163,13484.168923
12.67711,64,13486.562016
17.215809,169,13486.562084
13.923354,118,13487.081638
14.821495,115,13487.408674
13.701656,107,13487.514051
11.243115,30,13487.643003
13.669157,86,13489.689283
17.646286,212,13492.241716
16.392696,153,13493.080695
17.381878,166,13493.30731
13.327694,77,13496.387522
13.867472,85,13496.843121
13.727678,87,13497.935572
17.383709,165,13499.893891
17.01467,189,13502.335098
13.754188,97,13503.91541
14.149842,121,13504.295797
10.936622,70,13504.744801
15.197706,145,13504.973615
16.017878,148,13505.442542
14.72031,112,13506.474207
16.651575,179,13508.093077
15.763824,127,13508.584237
12.904495,69,13510.627618
16.121157,136,13514.260965
16.402838,143,13517.139754
13.571156,91,13517.510664
13.517292,81,13518.298422
14.630225,114,13518.630669
-6.3844347,117,13518.742602
16.199993,138,13520.838742
15.347519,134,13521.613096
17.033636,155,13522.579125
-3.9737363,226,13523.963101
14.02702,92,13525.178851
-8.259524,60,13525.880824
15.988317,132,13526.387666
13.7835655,86,13527.331424
-9.729734,13,13528.857594
11.450638,35,13529.363589
14.07712,92,13529.591549
-7.137086,107,13530.226557
11.210284,54,13530.34396
16.597994,149,13535.872185
16.12374,143,13538.270985
12.607471,82,13538.856489
14.770317,141,13538.974248
-8.035042,290,13542.372723
17.513868,186,13542.617185
13.974649,111,13543.115835
17.14286,161,13545.253633
14.952864,138,13546.440364
14.374503,98,13547.379387
16.49846,183,13547.379444
16.839573,173,13549.117511
12.604793,67,13550.377664
14.333756,108,13551.085527
11.701027,58,13554.321412
13.908825,112,13556.066891
15.656657,227,13556.431452
16.724949,147,13556.431509
14.708376,105,13557.864809
14.536951,100,13559.441405
14.164501,121,13561.007626
13.196638,104,13562.921461
12.301116,57,13563.339792
17.768547,170,13563.59947
13.746212,87,13564.894228
16.429703,218,13565.122667
13.181885,73,13565.226181
15.334786,119,13565.484348
12.843057,64,13565.622468
11.160567,77,13568.643631
17.478065,166,13569.136511
11.097277,27,13571.938562
12.655264,62,13572.489839
15.748396,146,13573.546976
12.7867565,89,13573.54705
13.540251,98,13576.941171
14.662184,119,13577.521508
15.047042,118,13579.567138
15.57036,135,13580.979498
17.473991,170,13581.321347
15.784367,162,13582.870251
16.024971,157,13584.317025
14.863638,116,13585.78569
11.820568,69,13585.785753
13.194273,140,13585.907335
11.834235,62,13587.074313
16.215033,144,13589.722939
13.975107,88,13593.499103
13.72495,149,13594.841933
12.813856,75,13594.841992
17.212301,185,13595.839014
11.860533,44,13598.882818
12.983901,94,13601.169122
15.119966,165,13601.287299
16.345695,167,13604.592465
17.494171,168,13606.165628
13.2505665,114,13608.667017
-7.3252816,87,13609.368684
17.499678,187,13609.619748
-4.84019,239,13609.875849
-7.46368,76,13610.351046
14.296739,136,13612.367341
17.536575,244,13615.460516
17.217281,177,13616.343722
12.881432,67,13617.57485
-8.822613,365,13617.688627
13.45752,77,13619.071511
10.878949,27,13621.002775
13.348986,77,13621.833178
16.16259,136,13622.823866
12.404185,59,13622.823936
15.904385,162,13624.390188
10.925401,57,13624.791561
16.588951,197,13625.34959
-9.807702,8,13625.716151
15.896995,133,13626.720362
16.58179,172,13629.817613
12.662929,60,13630.212786
12.272628,73,13630.758336
15.294227,117,13633.392379
17.64561,193,13633.519846
11.703633,70,13634.273987
16.449236,146,13634.274039
12.676979,63,13634.388011
-9.997794,2,13634.510149
13.218983,106,13635.731015
-9.620458,20,13636.709539
10.845095,30,13639.369049
14.258621,118,13639.717772
13.629117,84,13643.698859
15.525694,166,13644.524224
12.023508,49,13645.558893
15.052332,113,13647.991686
13.931478,105,13649.308479
14.851677,141,13650.435359
17.113647,171,13650.435421
16.216223,166,13650.82925
11.050837,26,13652.572042
17.764372,200,13654.302034
15.712659,134,13655.461026
11.26007,48,13656.546738
17.664553,196,13658.024871
14.386573,119,13659.703609
14.450467,128,13659.703668
16.293833,141,13660.410557
13.981644,106,13660.526556
12.396058,96,13661.717757
11.791778,70,13662.437724
13.090139,86,13665.481519
15.685598,140,13669.023228
12.435683,102,13672.674319
15.856045,138,13672.791008
17.110678,198,13673.843155
14.417858,105,13674.901597
15.115526,140,13676.406661
14.934036,123,13676.406716
15.454813,164,13677.475697
12.997631,80,13678.556517
13.025372,124,13680.34501
17.519865,186,13681.957229
17.669092,183,13682.371206
11.981373,53,13682.885291
11.381922,59,13684.700945
11.268069,38,13687.487267
-8.747782,553,13687.487327
14.695496,108,13688.092499
14.6600685,130,13688.59196
14.890112,125,13689.069388
-6.225012,105,13689.203248
12.618841,70,13693.340636
11.738032,47,13695.003176
10.86237,63,13695.224715
16.95967,187,13695.492957
14.99732,145,13698.110431
12.342902,80,13698.357977
14.141417,106,13701.034659
-7.548909,196,13702.488168
15.56658,125,13702.747384
11.443546,65,13702.888474
-6.6804676,77,13704.50864
17.48846,197,13705.973542
14.697217,128,13708.666004
15.905508,164,13708.917124
13.284427,74,13711.576974
12.923441,69,13714.12
12.915708,85,13714.603295
16.267643,148,13716.115236
17.536427,177,13716.708967
15.432907,136,13718.815049
16.545214,159,13720.109608
17.364033,186,13720.452261
13.948639,103,13721.393566
14.515699,161,13722.061599
12.803985,67,13724.73576
14.742073,137,13725.093611
12.68032,60,13728.518743
-6.6785707,122,13729.395541
16.713331,169,13732.02485
12.128494,49,13734.312216
-6.7688723,133,13734.632237
12.9040165,90,13735.500064
14.4649315,119,13736.244566
13.255146,93,13736.244641
16.27559,184,13736.244663
17.597637,196,13739.513563
15.942202,164,13739.648338
12.317268,60,13741.489098
11.606221,63,13743.750408
14.094751,121,13743.750473
13.297872,79,13744.995626
14.812491,111,13745.220573
17.310268,222,13746.955611
15.459479,123,13749.445905
11.431813,58,13750.70162
14.039254,133,13752.220877
13.9714985,91,13752.43911
0.5343061,600,13754.58338
14.724012,125,13754.71391
14.35104,129,13755.087959
17.7041,184,13758.176383
12.470755,122,13758.281518
11.608077,40,13759.182124
15.987463,147,13762.299812
11.948376,60,13765.17214
14.477527,137,13765.430258
17.07183,178,13767.860445
16.40289,143,13768.823572
16.884949,153,13770.248907
16.252552,213,13770.248963
15.408125,142,13771.194147
12.028022,51,13771.436658
17.358513,195,13773.616234
-9.410764,22,13776.293927
17.013878,183,13776.526678
17.47079,177,13778.904444
17.055538,174,13779.668999
15.705479,130,13780.568599
14.579501,102,13780.946511
16.323826,167,13781.942533
11.308376,50,13782.062548
15.512987,126,13782.758755
13.766254,106,13783.951719
13.840441,115,13784.755458
16.564487,145,13787.304285
12.907642,65,13788.172321
13.068754,98,13790.392536
13.377398,89,13791.333071
17.68715,196,13793.304344
16.240673,159,13795.012426
16.28719,141,13796.015343
-6.46978,85,13797.944927
14.618507,142,13798.391367
15.859997,149,13799.336208
16.073853,160,13801.504314
11.644039,76,13802.221432
16.510563,151,13802.478508
14.270517,105,13802.686657
12.807248,66,13802.805475
16.8679,169,13803.787416
11.034441,49,13805.302138
17.37521,166,13806.844425
11.56845,40,13807.206274
13.499596,82,13808.27677
12.772394,94,13809.220455
13.347232,77,13811.935629
13.891062,96,13812.947195
12.898369,82,13813.528925
15.2211,195,13814.352604
13.696133,106,13814.779524
13.299424,74,13816.915564
17.59037,180,13817.288971
13.63758,111,13819.826607
15.524277,173,13822.925149
12.066467,51,13823.179665
15.887775,139,13823.413933
13.180529,91,13824.016321
13.246075,107,13900.222527
16.414856,140,13900.45639
15.794489,128,13903.981198
11.683461,48,13905.745108
16.44741,166,13906.08484
13.267775,84,13907.977362
12.747987,89,13908.332174
16.857737,167,13908.884214
16.397804,157,13909.880796
16.080696,138,13913.58532
13.409948,91,13914.24089
17.10262,186,13915.987704
13.984787,91,13919.185407
17.616924,186,13920.085452
12.990627,69,13921.438725
16.303062,141,13921.653589
14.55535,188,13921.763669
13.0242,70,13922.194886
15.3526535,135,13923.212481
15.829863,156,13923.692899
15.97532,160,13926.487921
12.4418955,58,13928.837592
17.663013,168,13928.962994
13.049123,76,13930.120887
14.423159,126,13933.543925
16.650097,169,13935.317425
13.328722,104,13935.631905
13.981347,109,13935.743433
12.304333,67,13936.563652
15.837248,151,13937.37617
-5.6907926,137,13937.508215
13.382645,78,13939.16593
16.180906,159,13939.971925
16.726713,170,13946.311815
17.208519,158,13947.442979
4.857632,600,13949.479673
13.894884,88,13950.282375
15.840267,131,13950.622
15.781307,129,13950.880594
16.953869,154,13951.598339
15.531412,122,13951.854809
16.59753,145,13952.669752
11.551809,55,13953.778751
15.810214,132,13954.631191
16.793098,159,13955.275062
12.890059,65,13958.488898
12.887247,77,13960.534232
13.2703,74,13963.367412
14.070953,123,13963.937612
11.894013,51,13964.473664
16.837742,238,13965.298434
-8.884667,28,13966.636882
15.421674,132,13967.338692
16.536674,143,13967.44763
14.987045,116,13968.88687
14.486109,142,13969.347569
16.36874,232,13973.498287
13.368372,95,13975.122737
16.014164,184,13975.483457
15.623396,135,13976.487706
13.046789,72,13977.796553
13.400696,107,13977.908072
14.022578,93,13979.790904
14.839975,113,13979.918374
-9.4172,42,13981.42867
15.279366,129,13982.515305
15.078255,144,13984.369432
17.192554,292,13984.635976
14.265055,97,13986.877779
17.67655,193,13987.269364
12.374834,83,13989.736261
12.393535,78,13990.705454
16.86902,168,13993.318284
13.552666,101,13996.515431
16.284058,150,13997.720305
15.263692,131,14000.413426
14.878811,115,14000.743247
14.246465,112,14000.743305
16.745613,220,14001.294482
16.975487,159,14001.547801
14.4841175,98,14002.515666
17.696037,215,14003.568496
14.742472,121,14004.343274
11.792719,44,14006.942907
12.020572,48,14007.17306
15.400248,128,14008.801387
13.304581,74,14009.695033
11.26762,63,14011.135468
13.507729,103,14013.178558
14.969454,145,14015.232451
14.844826,127,14015.679083
15.058344,126,14017.735441
17.635422,185,14018.810161
13.595076,95,14020.275161
15.532255,123,14022.057
15.424288,148,14024.769874
14.527306,101,14025.43329
17.362904,178,14025.96119
16.92442,406,14026.775148
15.524429,144,14027.120086
16.053743,146,14028.772188
14.620923,114,14029.011084
13.716897,112,14033.863512
14.945766,139,14034.60944
12.935869,79,14034.995941
16.260519,135,14035.245426
17.440128,185,14038.150411
13.089586,96,14040.654018
15.774294,136,14041.310625
16.294855,163,14041.800004
15.158819,125,14041.934605
14.533708,125,14042.302022
15.667507,154,14044.569111
13.564666,85,14045.518059
16.807741,176,14050.099917
15.101334,137,14051.213784
15.727604,144,14051.352106
15.413017,121,14052.753198
14.522882,100,14053.381402
12.573225,80,14054.206599
16.715542,163,14054.699304
13.442907,123,14056.586687
15.45386,123,14060.30652
15.779514,153,14060.696557
16.992178,161,14061.29164
17.220263,192,14063.898484
13.55995,80,14063.898544
12.086344,79,14070.350066
16.786129,175,14071.314704
16.069546,149,14071.421748
16.263124,169,14071.667433
16.824575,164,14072.743102
13.395071,86,14074.408912
14.421036,103,14076.441938
14.763208,140,14077.378734
17.02137,194,14078.210816
17.122831,188,14079.40231
12.699698,78,14079.771343
17.219244,162,14081.007149
13.208987,101,14083.741057
17.57103,286,14085.75113
14.538999,127,14086.590525
13.989416,121,14087.102771
16.839542,150,14092.292459
14.272564,119,14092.401751
15.489472,127,14092.522219
16.432884,142,14093.37714
15.153368,140,14096.40949
15.227131,135,14097.023939
17.028006,161,14098.536312
16.367945,235,14099.351666
14.271603,144,14102.832885
14.627477,102,14104.479349
16.88696,151,14104.961233
15.393291,157,14105.206592
15.287897,118,14106.292139
-7.135431,195,14106.875644
15.705638,147,14109.705444
15.003178,113,14109.840257
16.091799,147,14110.80948
11.920143,51,14111.393252
11.054867,56,14111.772305
16.485449,145,14114.178992
14.382612,135,14115.468905
14.623442,103,14116.849281
13.42288,101,14119.035422
13.559625,80,14119.275795
15.679638,127,14121.560519
16.84243,194,14121.693871
13.030395,92,14121.811292
13.716624,85,14121.943726
12.892698,67,14123.418459
14.361948,127,14125.048595
14.616938,104,14126.790159
17.24872,201,14127.068145
14.100153,113,14130.383411
15.4111185,211,14136.653209
15.052237,127,14136.891051
14.687868,140,14138.385985
16.372217,162,14138.516582
16.080627,141,14138.839757
17.200163,157,14140.620414
15.272869,180,14140.874977
15.734003,149,14142.874512
12.261606,54,14145.240682
16.458588,175,14147.92118
17.560366,193,14149.819345
13.967451,220,14149.819402
17.27659,176,14151.503004
15.574293,147,14154.341442
15.870945,133,14154.456235
14.510483,114,14154.566616
16.683247,150,14154.946143
11.7451725,53,14156.252166
-9.222375,25,14157.473315
14.320358,102,14157.587989
15.651306,130,14158.549526
17.55846,169,14158.660934
13.180917,83,14159.885387
16.393873,162,14160.153156
11.766045,41,14162.397599
13.146131,95,14165.81349
13.488206,95,14167.768983
15.044514,137,14168.136204
15.417599,124,14169.878352
13.982221,88,14170.71578
14.85583,108,14171.571172
13.519458,99,14171.807403
-9.114721,124,14172.520868
15.577296,141,14175.619369
17.583336,181,14176.369745
11.381685,51,14177.913692
14.885946,109,14180.788998
11.193483,29,14181.397611
13.815812,99,14183.471322
16.422935,177,14183.721888
16.8011,158,14184.756154
16.150993,142,14185.114284
15.276701,128,14185.262216
15.145302,143,14187.981398
12.338304,77,14190.124017
17.338667,163,14192.086104
11.689215,56,14194.528278
15.571855,162,14194.981957
15.662233,170,14196.575981
14.427074,117,14199.101269
15.647354,124,14199.815701
14.747103,137,14201.004703
16.161613,166,14203.397691
17.347687,195,14204.566518
17.233286,180,14204.832594
12.993382,67,14207.724115
14.720965,137,14210.650004
14.195175,100,14210.871156
15.712239,153,14213.021933
16.897432,182,14213.475937
17.39903,165,14216.027687
12.616742,79,14216.932636
14.57642,118,14218.309213
3.9365747,600,14219.356113
16.335035,164,14220.219512
14.006149,93,14221.551712
12.642245,80,14222.386097
16.45153,172,14223.626945
12.192864,73,14224.717783
13.674892,104,14225.800957
17.475197,183,14226.360402
16.132444,135,14226.859873
12.590909,85,14227.096283
11.307205,45,14227.803334
16.803696,359,14232.492387
11.589509,58,14232.730778
12.31422,54,14232.84894
14.912821,112,14232.848999
13.647197,81,14233.330048
13.6617565,82,14234.45271
15.6109705,123,14236.272278
11.426921,34,14237.343312
17.47234,163,14237.808195
15.644344,152,14238.390418
11.633176,38,14242.273175
16.075228,136,14243.929775
13.700066,118,14246.714532
16.849602,171,14247.370249
16.584618,179,14248.055762
16.4999,164,14252.078814
16.41903,154,14252.661164
17.713793,175,14253.533257
16.6691,147,14253.647949
17.562885,188,14254.703074
14.634906,169,14257.367846
15.740899,161,14257.486472
11.636733,40,14259.620524
14.892061,109,14260.474225
17.489876,168,14264.09627
11.002035,25,14267.169391
13.64997,82,14267.393132
15.202414,125,14268.830775
13.666539,180,14269.779562
16.59171,194,14270.118181
13.839267,115,14271.351681
16.582226,167,14272.710682
14.8189335,178,14273.404346
14.970951,118,14274.465971
14.975714,143,14276.563896
13.616311,96,14278.653914
12.227636,80,14279.480345
-5.460549,325,14281.035492
15.827684,132,14282.68921
14.064749,115,14283.272537
14.336687,97,14284.254358
16.347525,163,14288.198533
11.650459,57,14289.641153
15.780628,132,14292.49522
14.503811,107,14293.946687
13.993765,129,14294.17118
17.675076,167,14294.503182
15.106212,194,14294.503241
17.277454,189,14296.089269
14.5083685,105,14296.942395
12.407433,78,14298.93889
-5.5173893,390,14300.165785
13.110299,69,14302.14641
16.464344,204,14304.073798
14.306669,96,14305.709123
13.713659,94,14305.822302
16.297688,191,14306.274467
11.788658,60,14307.458124
16.704643,163,14307.682743
-8.390895,45,14309.486728
12.787819,111,14309.486792
15.184805,141,14311.558051
14.918791,110,14312.291986
11.184596,30,14313.108066
11.976128,65,14313.779229
13.492491,80,14317.413428
17.135159,174,14317.909315
17.121445,164,14322.099279
14.425001,98,14323.391732
12.138096,157,14324.744959
-3.9598565,155,14325.075462
14.439436,125,14327.404833
16.217033,153,14327.98215
13.670551,85,14328.218233
14.397598,121,14328.322522
17.708914,175,14328.668206
15.394886,155,14331.846445
11.426146,60,14332.327338
12.728129,80,14333.057881
13.728483,86,14335.135614
15.700557,147,14335.254406
15.079536,126,14337.360216
12.735624,71,14337.360271
12.715415,83,14338.035838
11.424221,44,14340.576545
13.138454,77,14341.177672
14.855032,110,14341.532674
11.38836,54,14341.665878
13.158462,74,14346.304727
17.332577,159,14346.669858
13.825714,120,14346.890899
12.068539,57,14348.173468
13.428736,91,14348.428864
-10.0,1,14348.541029
13.181308,103,14350.665895
17.3848,185,14350.913042
-9.758133,8,14351.663977
17.200943,165,14353.200083
13.643328,100,14353.800615
14.281251,122,14355.361146
15.492694,124,14361.57526
17.136087,176,14362.91568
15.463631,124,14363.027108
13.561662,87,14363.485988
13.61322,82,14363.486048
12.060141,74,14364.240672
2.5757468,600,14364.957086
16.982368,160,14365.555946
16.900154,165,14366.763037
14.396467,129,14367.033366
11.208841,32,14368.87875
12.9438,71,14370.247697
17.363613,182,14370.487547
13.145708,97,14374.888898
12.421541,66,14375.115313
11.635078,61,14377.491725
-6.5313683,89,14379.487372
16.151667,139,14380.212008
16.734217,149,14381.397016
15.868932,164,14383.965464
12.359244,55,14384.10057
14.698702,162,14385.099943
16.6595,153,14385.223581
12.97732,71,14389.998039
17.783653,228,14390.34064
17.41851,184,14392.514133
16.654818,150,14392.987018
17.592865,170,14395.169051
-9.543606,392,14397.923512
16.128716,149,14398.155745
14.756102,125,14399.078385
17.611782,167,14399.580321
16.249512,157,14402.858083
13.753507,105,14402.986008
11.508182,50,14403.999864
17.496733,166,14405.03204
15.253554,130,14405.588578
10.964334,54,14406.044122
16.927269,180,14406.820369
11.602572,41,14408.826969
12.23342,52,14409.17392
17.600285,172,14413.254968
16.755423,176,14414.215714
14.554178,102,14417.376523
11.223348,73,14417.734275
15.603135,125,14417.980516
14.045121,112,14420.301902
17.342709,188,14420.752048
17.131973,184,14421.259902
12.776078,66,14425.789718
14.855705,140,14426.024218
14.606266,104,14426.589051
15.6683235,124,14428.085135
17.645908,190,14428.465448
17.687288,190,14428.928879
15.214457,145,14434.701476
15.430863,145,14435.067955
14.124746,127,14436.052801
14.92911,137,14436.788455
15.710679,363,14438.815411
14.876811,110,14439.302887
14.1532755,102,14440.800987
13.713861,112,14441.612784
15.781033,126,14441.87361
17.073994,172,14441.982665
15.834547,128,14444.337832
16.926952,154,14444.33789
15.344559,117,14450.835182
14.906966,112,14455.174025
15.160816,132,14455.298863
12.661269,92,14455.516881
16.45408,164,14455.885099
14.580063,103,14456.844813
14.933544,131,14457.645949
17.134192,193,14458.351273
16.261305,168,14459.03867
16.78698,154,14459.264105
16.937166,160,14461.155475
12.047487,50,14464.371886
13.276206,82,14466.5934
11.459388,56,14467.855328
13.207411,111,14468.397581
15.424461,120,14469.733551
14.837837,111,14472.264539
17.524872,205,14475.362406
17.33237,173,14475.817377
16.432005,169,14475.939007
17.635721,348,14476.421221
12.974172,94,14479.115653
15.930474,182,14479.338619
14.708692,109,14482.849193
17.561188,202,14483.496476
17.723095,197,14487.778283
17.070652,175,14489.309211
17.477522,191,14489.420569
15.263955,146,14489.794226
15.783995,156,14494.702404
13.566084,128,14494.819705
11.340555,52,14495.729756
16.104155,164,14495.858748
17.567091,168,14496.839185
16.465733,186,14537.549624
12.572294,79,14539.076044
11.226333,30,14540.009385
15.800125,149,14541.045029
12.634022,60,14541.487058
11.597625,61,14541.721205
17.440067,195,14542.143503
16.559397,176,14543.539002
15.29603,146,14544.931703
14.526548,100,14550.571072
12.605264,80,14550.672537
15.508623,146,14552.401043
-5.5476675,106,14553.94889
15.016195,130,14554.986333
17.560343,172,14555.349465
16.607801,147,14558.034308
15.485331,149,14559.445478
14.7168,125,14559.445548
17.291012,160,14562.143371
12.099746,60,14562.363845
16.972826,221,14563.159225
13.951082,112,14563.746376
13.702641,116,14564.099492
11.942147,102,14566.822469
13.47479,81,14567.376762
11.79215,43,14568.95924
12.272359,54,14569.317991
15.463303,136,14569.671314
14.138166,94,14570.254858
16.152023,163,14571.247481
14.426815,369,14572.195807
14.257265,97,14573.137288
14.54566,126,14573.809914
11.631584,41,14576.952915
11.908006,66,14577.30637
-8.632276,142,14578.591791
13.1326065,100,14578.848824
12.831423,82,14579.713717
16.931381,156,14581.841658
14.4524,121,14583.48185
15.147338,127,14583.83805
13.114429,95,14584.386695
16.338415,164,14585.950417
14.979323,134,14586.987104
13.543877,88,14594.144303
17.567087,174,14594.359149
15.876374,148,14594.359211
16.018448,136,14594.946254
14.689562,119,14595.764627
16.944801,184,14600.309887
17.49887,175,14600.309954
11.987993,61,14601.215184
17.250788,208,14601.692372
17.299236,159,14602.994804
16.174227,151,14603.53764
16.734467,148,14604.180598
14.147102,95,14605.385094
13.331542,91,14605.490321
16.583967,235,14610.870099
12.807821,64,14613.003989
17.204647,173,14615.945744
14.904171,130,14616.373251
13.425029,104,14617.497589
15.763149,208,14618.557052
16.167797,151,14619.268356
15.282444,163,14619.268415
16.09107,136,14620.118971
16.656513,166,14622.318015
17.567408,195,14622.99242
17.294504,170,14623.349406
15.883728,137,14626.998459
11.332369,31,14630.669297
13.658768,102,14631.35839
14.669554,127,14632.521905
13.657362,110,14633.064575
14.435154,100,14634.073764
14.360704,133,14634.218381
17.333473,185,14634.676445
17.23707,188,14637.8947
17.788977,192,14638.77979
14.754066,137,14639.059047
13.205068,74,14639.180766
16.241425,141,14639.910712
11.87706,55,14641.122532
17.343246,187,14641.237158
12.935696,73,14642.657984
14.540397,102,14644.179011
16.099003,137,14647.082528
14.421986,102,14650.772121
16.693237,149,14651.24006
17.435648,164,14651.910445
13.37069,102,14652.716567
15.882301,133,14654.15262
14.294491,130,14656.246061
16.167046,158,14657.566876
17.039001,194,14660.45313
16.910372,165,14661.867006
17.630764,195,14662.64006
13.618808,88,14663.208137
14.433456,140,14663.542619
16.663996,165,14663.542671
15.7321005,137,14667.367153
13.173946,71,14668.765043
14.853058,109,14668.979647
17.114807,156,14669.093503
15.125158,160,14670.695483
-7.551149,71,14670.80697
15.844624,154,14672.174248
11.334882,41,14673.412609
15.742941,138,14673.548101
12.661067,103,14673.766878
13.760734,95,14674.108896
14.765961,106,14675.78971
10.916521,49,14676.372627
13.934084,88,14677.563958
15.993715,145,14680.541906
11.354841,45,14681.8013
14.0552845,116,14682.590699
12.354515,82,14685.563802
14.633012,106,14686.70805
17.067436,155,14689.167781
14.660551,146,14690.919714
15.147856,146,14691.144927
17.202202,164,14692.87811
13.6586895,125,14695.189375
17.599918,203,14696.024804
14.686474,129,14696.893735
12.164016,72,14697.515433
17.16678,175,14698.209021
14.188269,108,14699.408782
17.017405,155,14703.736797
17.231981,180,14703.736857
14.424568,98,14704.362789
14.041565,116,14704.724277
13.547712,83,14706.688182
-8.518337,91,14706.801813
14.903792,144,14707.780697
12.195866,87,14708.410806
13.965476,101,14709.303681
-7.94306,60,14711.586085
13.272858,74,14712.294691
13.077311,72,14712.633849
16.536753,165,14714.394595
15.707872,137,14715.410554
14.830369,109,14719.548378
14.46947,134,14722.250677
13.887621,127,14722.48296
15.512878,161,14722.48302
-4.266371,459,14722.848657
15.267016,116,14722.84872
11.817438,67,14723.207192
15.558722,131,14723.663454
12.014997,89,14724.904014
14.790773,107,14725.20916
15.483471,137,14727.655257
11.460236,40,14727.906154
11.867959,44,14730.021227
-8.50761,65,14730.439667
15.254337,117,14733.16096
17.240158,181,14733.503146
12.80638,90,14734.228093
14.440545,126,14736.921352
12.876652,101,14736.921406
14.395584,124,14737.30901
16.292772,139,14738.721523
13.170057,95,14738.958265
11.861906,86,14739.986889
15.461497,157,14746.009507
16.081072,134,14746.134505
16.984121,207,14746.743195
14.919483,119,14747.097408
12.161286,62,14747.329005
13.265349,74,14747.685572
15.820595,143,14751.024171
12.105549,52,14752.29517
10.997825,51,14753.647534
17.183182,177,14754.204085
16.114151,153,14754.867846
16.902643,154,14755.004359
12.989491,78,14756.452342
11.632692,40,14758.404011
17.539576,199,14762.4071
13.467975,212,14762.51125
13.1984825,80,14764.687699
15.021402,116,14764.944501
16.096085,162,14765.419296
17.626688,171,14767.553425
15.059069,111,14767.696823
16.711538,180,14768.310565
14.493719,117,14769.248642
12.875431,94,14769.887754
11.992493,50,14773.700604
15.683913,127,14777.695844
13.9979105,113,14778.506463
17.24818,185,14778.89262
11.617081,51,14779.694798
17.785427,236,14780.679197
16.156834,141,14781.634549
16.905136,167,14782.626224
12.021666,49,14783.596816
-8.601414,34,14784.752428
15.11904,137,14785.750854
16.294962,139,14786.589141
16.836115,170,14788.792566
17.53028,203,14789.794924
12.318336,79,14791.082928
17.619122,196,14791.194235
13.865131,117,14793.752757
15.185413,130,14794.462341
11.794254,43,14796.278755
16.034958,161,14797.710085
14.19098,128,14798.819721
-8.547264,81,14799.439081
15.193672,123,14799.439151
14.022362,120,14800.069746
13.194419,73,14803.223516
14.21599,121,14805.601257
17.07117,159,14805.601311
15.800943,146,14806.192686
12.203642,66,14807.407036
14.933895,120,14808.143597
17.298841,232,14810.389447
14.536709,121,14810.838908
14.522978,111,14811.083848
11.833469,55,14812.177356
11.183226,48,14813.125646
11.059663,26,14816.333498
16.561161,149,14816.822683
12.983924,87,14818.679834
13.85866,91,14821.436278
16.214233,179,14821.648802
16.179308,135,14821.880714
16.109007,160,14822.490247
13.8526745,95,14822.606347
16.942757,208,14824.490133
17.556187,178,14827.581944
17.211538,164,14830.584656
13.10482,90,14833.255624
15.477247,125,14833.499733
15.408375,133,14837.658932
16.974094,181,14838.394278
16.606186,187,14838.671108
13.410824,77,14839.818745
10.850711,22,14840.397086
12.235014,117,14841.573762
17.679592,170,14841.979138
14.721878,152,14842.672321
16.970985,183,14843.278583
14.278504,113,14847.092208
17.113798,207,14847.213125
14.734045,128,14848.694769
12.626866,78,14851.32445
14.472278,108,14851.706234
14.930374,112,14856.68189
16.776512,162,14857.810566
15.503366,154,14858.737519
13.800164,145,14858.850732
14.189222,95,14859.945523
11.979469,74,14860.084024
13.212745,110,14860.328861
16.629293,151,14860.713454
17.425009,188,14862.227604
12.773949,64,14864.198806
-9.245565,35,14864.783448
11.998104,49,14865.804818
16.53577,170,14867.429216
12.582919,72,14868.920834
17.125486,475,14869.02509
13.272662,97,14869.37377
13.145823,90,14869.488215
13.03401,80,14871.80775
17.19888,207,14876.264824
15.226603,140,14876.751041
14.290123,107,14876.97375
13.420068,85,14878.968484
16.169243,172,14879.357446
15.507729,121,14880.205531
14.28713,95,14880.673011
13.172945,91,14882.569975
14.876616,124,14883.756548
11.484783,64,14884.611164
14.104631,154,14885.680458
16.391336,146,14886.958433
12.954398,75,14888.411897
15.298402,201,14888.848013
-10.006417,3,14889.233277
12.5303,85,14890.441087
15.603119,127,14894.134642
14.494283,102,14895.869789
17.462889,167,14896.614272
14.861298,172,14896.738061
16.408142,156,14899.273222
13.895921,96,14899.78522
16.334164,166,14902.40199
16.495459,142,14902.645222
14.598459,103,14902.645298
11.400732,36,14904.023588
16.408962,181,14906.159469
16.628681,171,14907.220056
17.015694,157,14907.851928
10.886712,23,14910.005841
15.469526,128,14911.269219
14.370998,127,14912.009409
13.905359,93,14913.547834
14.114847,93,14913.767593
16.744852,165,14916.483548
17.71508,195,14917.569966
16.904823,155,14917.928001
14.1948185,138,14919.343051
13.966979,100,14920.097597
11.309027,31,14920.371327
12.634637,86,14920.586427
14.883509,128,14921.775752
15.964152,156,14923.058962
14.044678,91,14924.968611
12.131191,68,14925.96098
16.23288,142,14928.717058
12.638296,77,14928.835763
16.490707,144,14929.757434
14.4153,101,14932.527982
15.456146,122,14933.043761
15.901213,131,14936.564275
17.695988,188,14936.564334
15.869417,134,14936.706823
13.23363,98,14937.922801
14.797164,114,14938.859242
15.996677,133,14939.241351
-9.484558,67,14940.506267
12.135788,55,14943.137363
17.38846,177,14943.254215
14.597073,131,14944.478024
12.05405,59,14945.80174
16.157486,155,14947.214901
12.990343,71,14947.560298
14.81543,107,14949.244597
13.824304,108,14949.474626
13.769945,109,14953.376727
14.795361,135,14953.908767
17.727726,178,14954.173988
12.053593,75,14954.747458
-6.798708,211,14954.89679
11.740209,46,14955.012806
14.462861,105,14955.749912
13.886078,108,14956.00285
14.9166355,114,14961.361517
16.807968,148,14965.051845
17.070925,177,14965.764045
14.189562,103,14965.87464
14.082781,120,14968.359722
16.506712,164,14968.968899
16.184334,145,14971.605169
17.001371,170,14975.33099
13.904587,121,14975.825847
16.442879,170,14976.407813
16.546482,178,14976.407873
17.23434,183,14976.772356
11.969765,58,14978.583573
-9.262577,191,14978.700402
14.841368,128,14981.252357
16.296307,141,14981.918067
14.862446,132,14984.214675
16.535149,162,14985.194028
13.365017,85,14986.674733
14.766319,109,14988.393633
17.700321,169,14989.253036
14.115997,118,14990.012624
14.725581,106,14991.352051
13.646931,126,14993.929207
17.11432,174,14997.865695
16.764114,184,14998.680995
14.677963,115,14999.128574
15.786805,142,14999.128637
17.536455,164,15000.973903
15.431919,151,15002.430182
12.351519,73,15002.682853
13.958889,108,15003.046045
11.731562,60,15005.025888
16.04337,160,15005.986082
11.534062,36,15006.811883
16.988852,152,15007.659852
14.523844,144,15008.740999
13.648784,88,15009.213872
14.310118,98,15010.880336
-8.887711,84,15011.115726
13.849157,90,15013.55127
11.348725,35,15015.099849
